id,word,pos,ua,definitionUa,source_stage,final_disposition,category,confidence,provenance,proposal_state,proposed_target,proposed_value
SB-0001,abolish,v.,скасувати,"Припинення закону, системи, установи, звичаю чи практики.",consensus-clean,consensus-clean-candidate,,,R2 Pass A/B consensus clean; awaits fresh acceptance sample,n/a,,
SB-0003,absence,n.,відсутність,Стан віддаленості або відстороненості від місця чи спілкування,consensus-clean,consensus-clean-candidate,,,R2 Pass A/B consensus clean; awaits fresh acceptance sample,n/a,,
SB-0006,abundance,n.,достаток,Велика кількість; багато.,consensus-clean,consensus-clean-candidate,,,R2 Pass A/B consensus clean; awaits fresh acceptance sample,n/a,,
SB-0008,academy,n.,академія,Вищий навчальний заклад; коледж або університет; зазвичай приватна школа.,consensus-clean,consensus-clean-candidate,,,R2 Pass A/B consensus clean; awaits fresh acceptance sample,n/a,,
SB-0009,accelerate,v.,прискорити,Змусити рухатися швидше; прискорити рух; щоб збільшити швидкість.,part1-floor,P1,grammar-calque-fragment,high,R1-listed defect; severity normalized to P1 by Codex acceptance review,present,definitionUa,Змусити рухатися швидше; збільшити швидкість.
SB-0010,acceptance,n.,прийняття,"Акт приймання; отримання чогось запропонованого з мовчазною згодою, схваленням або задоволенням; особливо, сприятливий прийом; затвердження.",consensus-clean,consensus-clean-candidate,,,R2 Pass A/B consensus clean; awaits fresh acceptance sample,n/a,,
SB-0012,accomplishment,n.,досягнення,Щось досягнуте; досягнення.,consensus-clean,consensus-clean-candidate,,,R2 Pass A/B consensus clean; awaits fresh acceptance sample,n/a,,
SB-0014,accordingly,adv.,відповідно,У природній послідовності; отже; так.,part1-floor,P1,semantic-pedagogical-error,low,R1-listed defect; severity normalized to P1 by Codex acceptance review,present,definitionUa,Відповідним чином; отже; таким чином.
SB-0015,accountability,n.,підзвітність,Стан підзвітності; зобов'язання викликати звіт або дати пояснення; зобов'язання нести відповідальність або відповідати за щось.,r2-reconciliation,P1,calque-russianism,high,R2 A/B reconciliation (union-defect roster),present,definitionUa,Обов’язок пояснювати свої дії та нести за них відповідальність.
SB-0016,accountable,adj.,підзвітний,"Зобов'язаний, коли його покличуть, відповідати (за свої вчинки); відповідальний.",consensus-clean,consensus-clean-candidate,,,R2 Pass A/B consensus clean; awaits fresh acceptance sample,n/a,,
SB-0018,accumulation,n.,накопичення,"Акт накопичення або збору, як у купу.",consensus-clean,consensus-clean-candidate,,,R2 Pass A/B consensus clean; awaits fresh acceptance sample,n/a,,
SB-0019,accusation,n.,звинувачення,Акт обвинувачення.,consensus-clean,consensus-clean-candidate,,,R2 Pass A/B consensus clean; awaits fresh acceptance sample,n/a,,
SB-0020,accused,n.,обвинувачений,"Особа, яка обвинувачується у вчиненні правопорушення; фігурант кримінальної справи.",consensus-clean,consensus-clean-candidate,,,R2 Pass A/B consensus clean; awaits fresh acceptance sample,n/a,,
SB-0022,acquisition,n.,придбання,Акт або процес придбання.,consensus-clean,consensus-clean-candidate,,,R2 Pass A/B consensus clean; awaits fresh acceptance sample,n/a,,
SB-0023,acre,n.,акр,"Англійська одиниця площі землі (символ: a. або ac.), яка спочатку позначала денну оранку за ярмо волів, тепер стандартизована як 4840 квадратних ярдів або 4046,86 квадратних метрів.",consensus-clean,consensus-clean-candidate,,,R2 Pass A/B consensus clean; awaits fresh acceptance sample,n/a,,
SB-0024,activation,n.,активація,Робити активними та ефективними; приведення в стан активності.,part1-floor,P1,pos-morphology-mismatch,medium,R1-listed defect; severity normalized to P1 by Codex acceptance review,present,definitionUa,Процес приведення в активний стан; уведення в дію.
SB-0025,activist,n.,активіст,"Той, хто є політично активним у ролі громадянина; особливо той, хто бореться за зміни.",consensus-clean,consensus-clean-candidate,,,R2 Pass A/B consensus clean; awaits fresh acceptance sample,n/a,,
SB-0026,acute,adj.,гострий,інтенсивний; чутливий; різкий.,r2-reconciliation,P2,ui-formatting,high,R2 A/B reconciliation (union-defect roster),present,definitionUa,Інтенсивний; чутливий; різкий.
SB-0027,adaptation,n.,адаптація,"Процес адаптації чогось або пристосування до ситуації; коригування, модифікація.",consensus-clean,consensus-clean-candidate,,,R2 Pass A/B consensus clean; awaits fresh acceptance sample,n/a,,
SB-0030,adjustment,n.,коригування,Дія регулювання чогось,r2-reconciliation,P2,ui-formatting,high,R2 A/B reconciliation (union-defect roster),present,definitionUa,Дія регулювання або незначної зміни чогось.
SB-0033,administrator,n.,адміністратор,"Той, хто веде справи; той, хто скеровує, керує, виконує або розпоряджається, чи то в цивільних, судових, політичних чи церковних справах; менеджер.",consensus-clean,consensus-clean-candidate,,,R2 Pass A/B consensus clean; awaits fresh acceptance sample,n/a,,
SB-0035,adolescent,n.,підліток,"Людина, яка перебуває в підлітковому віці; хтось, хто досяг статевої зрілості, але ще не дорослий.",consensus-clean,consensus-clean-candidate,,,R2 Pass A/B consensus clean; awaits fresh acceptance sample,n/a,,
SB-0036,adoption,n.,усиновлення,Стан усиновлення; прийняття дитини інших батьків як власної дитини.,consensus-clean,consensus-clean-candidate,,,R2 Pass A/B consensus clean; awaits fresh acceptance sample,n/a,,
SB-0039,aesthetic,adj.,естетичний,"Стурбований красою, художнім ефектом або зовнішнім виглядом.",r2-reconciliation,P1,calque-russianism,high,R2 A/B reconciliation (union-defect roster),present,definitionUa,"Пов’язаний із красою, мистецтвом або привабливим зовнішнім виглядом."
SB-0040,affection,n.,прихильність,Почуття любові або сильної прихильності.,consensus-clean,consensus-clean-candidate,,,R2 Pass A/B consensus clean; awaits fresh acceptance sample,n/a,,
SB-0041,aftermath,n.,наслідки (переважно негативні),"Те, що відбувається після, те, що слідує, зазвичай має яскраво негативний відтінок у більшості контекстів, натякаючи на попередню катастрофу.",consensus-clean,consensus-clean-candidate,,,R2 Pass A/B consensus clean; awaits fresh acceptance sample,n/a,,
SB-0042,aggression,n.,агресія,Ворожа чи деструктивна поведінка чи дії.,consensus-clean,consensus-clean-candidate,,,R2 Pass A/B consensus clean; awaits fresh acceptance sample,n/a,,
SB-0043,agricultural,adj.,сільськогосподарський,Сільське господарство або пов'язане з ним.,part1-floor,P1,pos-morphology,high,Codex seed-20260914 blinded acceptance challenge,absent,,
SB-0045,albeit,conj.,хоча,"Сполучник зі значенням «хоча» або «незважаючи на те, що».",consensus-clean,consensus-clean-candidate,,,R2 Pass A/B consensus clean; awaits fresh acceptance sample,n/a,,
SB-0047,alien,adj.,чужий,"Не належать до тієї самої країни, землі чи уряду, чи до їхніх громадян чи підданих; іноземні.",r2-reconciliation,P1,grammar-syntax,high,R2 A/B reconciliation (union-defect roster),present,definitionUa,"Такий, що належить іншій країні або є чужим для певного середовища."
SB-0048,align,v.,вирівняти,Підлаштовуватися під лінію; діапазон або форму в лінію; привести у відповідність.,r2-reconciliation,P1,semantic-fidelity,high,R2 A/B reconciliation (union-defect roster),present,both,ua: вирівнювати; узгоджувати | definitionUa: Розташовувати по прямій лінії або приводити у відповідність.
SB-0053,allegedly,adv.,нібито,За чиїмось твердженням.,consensus-clean,consensus-clean-candidate,,,R2 Pass A/B consensus clean; awaits fresh acceptance sample,n/a,,
SB-0054,alliance,n.,альянс,"Союз або зв’язок інтересів між сім’ями, державами, партіями тощо, особливо між сім’ями за шлюбом і державами за договором, угодою чи союзом.",consensus-clean,consensus-clean-candidate,,,R2 Pass A/B consensus clean; awaits fresh acceptance sample,n/a,,
SB-0055,allocate,v.,виділити,Відкладати для певної мети.,r2-reconciliation,P1,semantic-fidelity,high,R2 A/B reconciliation (union-defect roster),present,definitionUa,Призначати або виділяти щось для певної мети.
SB-0056,allocation,n.,виділення,"Процес або процедура розподілу речей, особливо грошей або інших ресурсів.",consensus-clean,consensus-clean-candidate,,,R2 Pass A/B consensus clean; awaits fresh acceptance sample,n/a,,
SB-0058,ally,n.,союзник,"Людина, яка співпрацює або допомагає іншому; асоційований; друг.",part1-floor,P1,pos-morphology-mismatch,medium,R1-listed defect; severity normalized to P1 by Codex acceptance review,present,definitionUa,"Той, хто співпрацює з іншим або допомагає йому; спільник, союзник."
SB-0059,aluminium,n.,алюміній,"Легкий сріблястий метал, що добувається з бокситів, і хімічний елемент (символ Al) з атомним номером 13.",consensus-clean,consensus-clean-candidate,,,R2 Pass A/B consensus clean; awaits fresh acceptance sample,n/a,,
SB-0060,amateur,"adj., n.",любитель,"Людина, прив’язана до певної діяльності, навчання, науки чи мистецтва (наприклад, музики чи живопису), особливо та, яка розвиває будь-які дослідження, інтереси, смаки чи прихильності, не займаючись цим професійно.",r2-reconciliation,P1,pos-alignment,high,R2 A/B reconciliation (union-defect roster),present,both,"ua: аматор; аматорський | definitionUa: Людина, яка займається чимось не професійно; також такий, що стосується непрофесійної діяльності."
SB-0061,ambassador,n.,посол,"Дипломат найвищого рангу, посланий до іноземного двору, щоб представляти там свого суверена або країну. (Іноді його називають резиденцією посла)",part1-floor,P1,semantic-pedagogical,high,Codex seed-20260914 blinded acceptance challenge,absent,,
SB-0063,amendment,n.,поправка,Доповнення та/або зміни до Конституції.,r2-reconciliation,P1,sense-coverage,high,R2 A/B reconciliation (union-defect roster),present,definitionUa,"Зміна або доповнення до документа, закону чи угоди, зокрема до конституції."
SB-0065,analogy,n.,аналогія,"Відношення подібності або еквівалентності між двома ситуаціями, людьми чи об’єктами, особливо коли використовується як основа для пояснення чи екстраполяції.",consensus-clean,consensus-clean-candidate,,,R2 Pass A/B consensus clean; awaits fresh acceptance sample,n/a,,
SB-0066,anchor,n.,якір,"Інструмент, який використовується для причалювання судна до дна моря чи річки, щоб протистояти руху.",consensus-clean,consensus-clean-candidate,,,R2 Pass A/B consensus clean; awaits fresh acceptance sample,n/a,,
SB-0067,angel,n.,ангел,"Безтілесний і святий або напівбожественний посланець божества чи іншої божественної сутності, традиційно зображується як молода крилата фігура в розвіваються шатах.",part1-floor,P1,grammar-calque-fragment,high,R1-listed defect; severity normalized to P1 by Codex acceptance review,present,definitionUa,"Безтілесний святий або напівбожественний посланець божества чи іншої божественної сутності, якого традиційно зображують молодою крилатою постаттю у просторих шатах, що розвіваються."
SB-0069,apparatus,n.,апарат,"Сукупність засобів, за допомогою яких створюється конкретне виробництво або виконується завдання.",r2-reconciliation,P1,semantic-fidelity,high,R2 A/B reconciliation (union-defect roster),present,definitionUa,"Набір обладнання або засобів, потрібних для виконання певного завдання."
SB-0070,appealing,adj.,привабливий,Наявність апеляції; привабливий.,part1-floor,P1,semantic-pedagogical-error,medium,R1-listed defect; severity normalized to P1 by Codex acceptance review,present,definitionUa,"Привабливий; такий, що викликає інтерес або симпатію."
SB-0071,appetite,n.,апетит,Бажання з'їсти їжу або випити напої.,consensus-clean,consensus-clean-candidate,,,R2 Pass A/B consensus clean; awaits fresh acceptance sample,n/a,,
SB-0072,applaud,v.,аплодувати,Виражати схвалення (чогось) плеском у долоні.,consensus-clean,consensus-clean-candidate,,,R2 Pass A/B consensus clean; awaits fresh acceptance sample,n/a,,
SB-0073,applicable,adj.,застосовний,"Підходить для застосування, актуальна.",part1-floor,P1,grammar-syntax,high,Codex seed-20260914 blinded acceptance challenge,absent,,
SB-0075,appreciation,n.,вдячність,"Справедлива оцінка якості, цінності, ваги тощо; визнання досконалості; вдячність і пошана.",consensus-clean,consensus-clean-candidate,,,R2 Pass A/B consensus clean; awaits fresh acceptance sample,n/a,,
SB-0076,arbitrary,adj.,довільний,"На основі особистого розсуду чи судження; не ґрунтуючись на будь-якій об’єктивній відмінності, можливо, навіть зробленій навмання.",consensus-clean,consensus-clean-candidate,,,R2 Pass A/B consensus clean; awaits fresh acceptance sample,n/a,,
SB-0077,architectural,adj.,архітектурний,Що стосується архітектури.,consensus-clean,consensus-clean-candidate,,,R2 Pass A/B consensus clean; awaits fresh acceptance sample,n/a,,
SB-0078,archive,n.,архів,"Місце для зберігання раннього, а часто й історичного матеріалу. Архів зазвичай містить документи (листи, записи, газети тощо) або інші типи носіїв, які зберігаються для історичного інтересу.",consensus-clean,consensus-clean-candidate,,,R2 Pass A/B consensus clean; awaits fresh acceptance sample,n/a,,
SB-0081,arm,v.,озброювати,Для забезпечення бронею або (особливо пізніше) зброєю.,r2-reconciliation,P1,grammar-syntax,high,R2 A/B reconciliation (union-defect roster),present,definitionUa,Забезпечувати когось зброєю або готувати до збройної дії.
SB-0083,articulate,v.,артикулювати,Говорити чітко; виголошувати.,consensus-clean,consensus-clean-candidate,,,R2 Pass A/B consensus clean; awaits fresh acceptance sample,n/a,,
SB-0084,ash,n.,попіл,Суцільні залишки пожежі.,r2-reconciliation,P1,semantic-fidelity,high,R2 A/B reconciliation (union-defect roster),present,definitionUa,Твердий порошкоподібний залишок після згоряння речовини.
SB-0086,aspire,v.,прагнути,Мати сильне бажання або амбіції досягти чогось.,consensus-clean,consensus-clean-candidate,,,R2 Pass A/B consensus clean; awaits fresh acceptance sample,n/a,,
SB-0087,assassination,n.,вбивство,"Вбивство людини, особливо з політичних мотивів або заради особистої вигоди.",r2-reconciliation,P1,sense-coverage,high,R2 A/B reconciliation (union-defect roster),present,ua,політичне або замовне вбивство
SB-0088,assault,"n., v.",напад,"Нападати, фізично чи фігурально; атакувати.",r2-reconciliation,P1,pos-alignment,high,R2 A/B reconciliation (union-defect roster),present,both,ua: напад; нападати | definitionUa: Фізична або словесна атака; також нападати на когось чи щось.
SB-0089,assemble,v.,зібрати,Збирати разом.,consensus-clean,consensus-clean-candidate,,,R2 Pass A/B consensus clean; awaits fresh acceptance sample,n/a,,
SB-0091,assert,v.,стверджувати,Заявляти з упевненістю або просто і рішуче; стверджувати позитивно.,consensus-clean,consensus-clean-candidate,,,R2 Pass A/B consensus clean; awaits fresh acceptance sample,n/a,,
SB-0092,assertion,n.,твердження,Акт ствердження; позитивна декларація або авермент.,r2-reconciliation,P1,learner-register,high,R2 A/B reconciliation (union-defect roster),present,definitionUa,Упевнене й чітке твердження або заява.
SB-0093,assurance,n.,запевнення,"Акт запевнення; заява, яка має викликати повну довіру; щось, створене для того, щоб надати комусь впевненості.",consensus-clean,consensus-clean-candidate,,,R2 Pass A/B consensus clean; awaits fresh acceptance sample,n/a,,
SB-0094,asylum,n.,притулок,Місце безпеки або притулок.,consensus-clean,consensus-clean-candidate,,,R2 Pass A/B consensus clean; awaits fresh acceptance sample,n/a,,
SB-0095,atrocity,n.,злодіяння,Надзвичайно жорстокий вчинок; жахливий акт несправедливості.,consensus-clean,consensus-clean-candidate,,,R2 Pass A/B consensus clean; awaits fresh acceptance sample,n/a,,
SB-0096,attain,v.,досягти,Отримати (об'єкт або бажаний результат).,consensus-clean,consensus-clean-candidate,,,R2 Pass A/B consensus clean; awaits fresh acceptance sample,n/a,,
SB-0097,attendance,n.,присутність,Акт відвідування; стан присутності; наявність.,consensus-clean,consensus-clean-candidate,,,R2 Pass A/B consensus clean; awaits fresh acceptance sample,n/a,,
SB-0098,attorney,n.,адвокат,"юрист; той, хто консультує або представляє інших у юридичних питаннях як професія.",r2-reconciliation,P2,ui-formatting,high,R2 A/B reconciliation (union-defect roster),present,definitionUa,"Юрист, який професійно консультує або представляє інших у правових питаннях."
SB-0099,attribute,"v., n.",атрибут,Пов'язувати право власності чи авторство на (щось) з кимось.,r2-reconciliation,P1,pos-alignment,high,R2 A/B reconciliation (union-defect roster),present,both,ua: ознака; приписувати | definitionUa: Характерна риса; також вважати щось наслідком чи твором певної особи або причини.
SB-0101,authentic,adj.,справжній,"Того ж походження, що заявлено; справжній.",consensus-clean,consensus-clean-candidate,,,R2 Pass A/B consensus clean; awaits fresh acceptance sample,n/a,,
SB-0104,autonomy,n.,автономія,Право або умова самоврядування; свобода діяти або функціонувати незалежно.,consensus-clean,consensus-clean-candidate,,,R2 Pass A/B consensus clean; awaits fresh acceptance sample,n/a,,
SB-0107,backdrop,n.,фон,Обстановка або фон розіграної вистави.,r2-reconciliation,P2,pedagogical-definition,high,R2 A/B reconciliation (union-defect roster),present,definitionUa,"Тло сцени або обставини, на тлі яких відбувається подія."
SB-0110,bail,n.,застава,"Забезпечення, як правило, грошова сума, яку обмінюють на звільнення заарештованої особи як гарантію явки цієї особи на суд.",consensus-clean,consensus-clean-candidate,,,R2 Pass A/B consensus clean; awaits fresh acceptance sample,n/a,,
SB-0112,banner,n.,банер,"Будь-який великий знак, особливо з м’якого матеріалу або тканини.",part1-floor,P2,semantic-scope,medium,Codex seed-20260914 blinded acceptance challenge,absent,,
SB-0113,bare,adj.,голий,"Голий, непокритий.",consensus-clean,consensus-clean-candidate,,,R2 Pass A/B consensus clean; awaits fresh acceptance sample,n/a,,
SB-0114,barrel,n.,бочка,"Кругла (циліндрична) посудина, така як бочка, більша за довжину, ніж завширшки, і опукла в середині, зроблена з держаків, зв’язаних обручами, і має плоскі кінці (голови).",r2-reconciliation,P1,semantic-fidelity,high,R2 A/B reconciliation (union-defect roster),present,definitionUa,"Циліндрична посудина, довша, ніж ширша, опукла посередині й складена з клепок, стягнутих обручами."
SB-0115,bass1,n.,бас (низький звук; басовий інструмент),Низький за висотою звук або музичний інструмент чи голос із низьким регістром.,consensus-clean,consensus-clean-candidate,,,R2 Pass A/B consensus clean; awaits fresh acceptance sample,n/a,,
SB-0117,battlefield,n.,поле бою,"Область, де ведеться наземна битва, яка не обов’язково може бути полем.",consensus-clean,consensus-clean-candidate,,,R2 Pass A/B consensus clean; awaits fresh acceptance sample,n/a,,
SB-0118,bay,n.,затока,"Тіло води (особливо море), яке міститься увігнутою береговою лінією.",r2-reconciliation,P1,calque-russianism,high,R2 A/B reconciliation (union-defect roster),present,definitionUa,"Частина моря чи озера, що вдається в суходіл і частково оточена берегом."
SB-0120,beast,n.,звір,"Тварина, особливо велика або небезпечна наземна хребетна.",consensus-clean,consensus-clean-candidate,,,R2 Pass A/B consensus clean; awaits fresh acceptance sample,n/a,,
SB-0122,beloved,adj.,коханий,"Дуже любив, ніжно любив.",r2-reconciliation,P1,grammar-syntax,high,R2 A/B reconciliation (union-defect roster),present,definitionUa,Дуже дорогий або коханий.
SB-0123,bench,n.,лава,"Довге сидіння зі спинкою або без неї, наприклад, у парках і школах.",consensus-clean,consensus-clean-candidate,,,R2 Pass A/B consensus clean; awaits fresh acceptance sample,n/a,,
SB-0126,beneficiary,n.,бенефіціар,"Той, хто користується або отримує перевагу.",r2-reconciliation,P2,pedagogical-definition,high,R2 A/B reconciliation (union-defect roster),present,definitionUa,"Особа або організація, яка отримує вигоду, виплату чи інше право."
SB-0127,betray,v.,зраджувати,"Порушити довіру або виявити приховану інформацію, почуття чи справжній характер.",consensus-clean,consensus-clean-candidate,,,R2 Pass A/B consensus clean; awaits fresh acceptance sample,n/a,,
SB-0129,biography,n.,біографія,"Історія життя людини, особливо опублікованої.",r2-reconciliation,P1,grammar-syntax,high,R2 A/B reconciliation (union-defect roster),present,definitionUa,"Опис життя людини, написаний іншою особою."
SB-0132,blade,n.,лезо,"Частина ножа, меча, бритви чи іншого інструменту (як правило, з гострим краєм), яким вона ріже.",r2-reconciliation,P2,grammar-syntax,high,R2 A/B reconciliation (union-defect roster),present,definitionUa,"Гостра ріжуча частина ножа, меча, бритви чи іншого інструмента."
SB-0134,bleed,v.,кровоточити,Пролити кров через ушкоджену кровоносну судину.,r2-reconciliation,P1,semantic-fidelity,high,R2 A/B reconciliation (union-defect roster),present,definitionUa,Втрачати кров через ушкодження кровоносної судини.
SB-0136,bless,v.,благословляти,Викликати божественну прихильність.,r2-reconciliation,P2,idiomatic-ukrainian,high,R2 A/B reconciliation (union-defect roster),present,definitionUa,Просити Божої ласки для когось або освячувати когось чи щось.
SB-0138,boast,v.,хвалитися,Вихвалятися; голосно говорити на хвалу собі.,consensus-clean,consensus-clean-candidate,,,R2 Pass A/B consensus clean; awaits fresh acceptance sample,n/a,,
SB-0139,bonus,n.,бонус,"Щось додаткове, що добре; додаткова перевага.",consensus-clean,consensus-clean-candidate,,,R2 Pass A/B consensus clean; awaits fresh acceptance sample,n/a,,
SB-0140,boom,n.,бум,"Низький резонансний звук, наприклад вибух.",consensus-clean,consensus-clean-candidate,,,R2 Pass A/B consensus clean; awaits fresh acceptance sample,n/a,,
SB-0142,boundary,n.,межа,Лінія розмежування або розташування між двома областями.,part1-floor,P1,semantic-pedagogical-error,high,R1-listed defect; severity normalized to P1 by Codex acceptance review,present,definitionUa,Лінія поділу між двома областями; межа.
SB-0143,bow1,"v., n.",нахилятися; уклін,Нахиляти голову або верхню частину тіла на знак поваги; також сам такий уклін.,consensus-clean,consensus-clean-candidate,,,R2 Pass A/B consensus clean; awaits fresh acceptance sample,n/a,,
SB-0146,breakthrough,n.,прорив,"Будь-який серйозний прогрес; наприклад, велика інновація чи відкриття, яке долає значну перешкоду.",consensus-clean,consensus-clean-candidate,,,R2 Pass A/B consensus clean; awaits fresh acceptance sample,n/a,,
SB-0152,buddy,n.,приятель,Друг або випадковий знайомий.,r2-reconciliation,P1,semantic-fidelity,high,R2 A/B reconciliation (union-defect roster),present,definitionUa,"Друг або приятель, з яким мають близькі чи невимушені стосунки."
SB-0153,buffer,n.,буфер,"Частина пам’яті, виділена для тимчасового зберігання даних, часто перед їх надсиланням на зовнішній пристрій або під час отримання із зовнішнього пристрою.",consensus-clean,consensus-clean-candidate,,,R2 Pass A/B consensus clean; awaits fresh acceptance sample,n/a,,
SB-0156,bureaucracy,n.,бюрократія,Уряд через бюро або їхніх адміністраторів чи службовців.,r2-reconciliation,P1,calque-russianism,high,R2 A/B reconciliation (union-defect roster),present,definitionUa,"Система управління, у якій важливу роль відіграють численні установи, правила й посадовці."
SB-0158,burst,v.,лопнути,Зламати від внутрішнього тиску.,r2-reconciliation,P1,grammar-syntax,high,R2 A/B reconciliation (union-defect roster),present,definitionUa,Раптово розірватися або лопнути під внутрішнім тиском.
SB-0160,calculation,n.,розрахунок,Акт або процес обчислення.,consensus-clean,consensus-clean-candidate,,,R2 Pass A/B consensus clean; awaits fresh acceptance sample,n/a,,
SB-0161,canvas,n.,полотно,"Тип грубої тканини, витканої з конопель, використовується для виготовлення вітрил і наметів або як поверхня для картин.",consensus-clean,consensus-clean-candidate,,,R2 Pass A/B consensus clean; awaits fresh acceptance sample,n/a,,
SB-0162,capability,n.,здатність,Сила або здатність генерувати результат.,r2-reconciliation,P2,idiomatic-ukrainian,high,R2 A/B reconciliation (union-defect roster),present,definitionUa,Здатність або можливість досягти певного результату.
SB-0163,capitalism,n.,капіталізм,"Економічна система, заснована на приватній власності на засоби виробництва та їх експлуатації з метою отримання прибутку.",consensus-clean,consensus-clean-candidate,,,R2 Pass A/B consensus clean; awaits fresh acceptance sample,n/a,,
SB-0165,cargo,n.,вантаж,"Вантаж, що перевозиться кораблем, літаком або автомобілем.",r2-reconciliation,P2,pedagogical-definition,high,R2 A/B reconciliation (union-defect roster),present,definitionUa,"Товари або речі, які перевозять судном, літаком чи транспортним засобом."
SB-0168,casino,n.,казино,Громадська будівля або зал для азартних ігор.,consensus-clean,consensus-clean-candidate,,,R2 Pass A/B consensus clean; awaits fresh acceptance sample,n/a,,
SB-0170,catalogue,n.,каталог,"Повний (як правило, алфавітний або хронологічний) список елементів.",consensus-clean,consensus-clean-candidate,,,R2 Pass A/B consensus clean; awaits fresh acceptance sample,n/a,,
SB-0172,cattle,n.,худоба,"Домашня тварина виду Bos taurus (корови, бики, бички, воли тощо) та інші копитні ссавці роду Bos.",r2-reconciliation,P1,number-agreement,high,R2 A/B reconciliation (union-defect roster),present,definitionUa,"Свійські тварини виду Bos taurus, зокрема корови, бики й воли."
SB-0173,caution,n.,обережність,"Розсудливість, коли ви стикаєтеся з небезпекою або очікуєте зіткнутися з небезпекою; обережність, щоб уникнути ризику чи шкоди.",part1-floor,P2,learner-register,medium,Codex seed-20260914 blinded acceptance challenge,absent,,
SB-0176,cemetery,n.,кладовище,"Місце, де ховають померлих; цвинтар або меморіальний парк.",consensus-clean,consensus-clean-candidate,,,R2 Pass A/B consensus clean; awaits fresh acceptance sample,n/a,,
SB-0178,chaos,n.,хаос,Будь-який стан розладу; плутана або аморфна суміш або конгломерат.,consensus-clean,consensus-clean-candidate,,,R2 Pass A/B consensus clean; awaits fresh acceptance sample,n/a,,
SB-0179,characterize,v.,характеризувати,Бути типовим для.,consensus-clean,consensus-clean-candidate,,,R2 Pass A/B consensus clean; awaits fresh acceptance sample,n/a,,
SB-0180,charm,n.,чарівність,"Здатність переконувати, радувати або викликати захоплення.",consensus-clean,consensus-clean-candidate,,,R2 Pass A/B consensus clean; awaits fresh acceptance sample,n/a,,
SB-0181,charter,n.,статут,"Документ, виданий певною владою, що створює державну чи приватну установу та визначає її цілі та привілеї.",consensus-clean,consensus-clean-candidate,,,R2 Pass A/B consensus clean; awaits fresh acceptance sample,n/a,,
SB-0182,chronic,adj.,хронічний,"Про проблему, яка триває протягом тривалого періоду часу.",consensus-clean,consensus-clean-candidate,,,R2 Pass A/B consensus clean; awaits fresh acceptance sample,n/a,,
SB-0183,chunk,n.,шматок,Велика або значна частина чогось.,consensus-clean,consensus-clean-candidate,,,R2 Pass A/B consensus clean; awaits fresh acceptance sample,n/a,,
SB-0185,circulation,n.,обіг,Акт переходу з місця на місце або від людини до людини; вільна дифузія; спосіб передавання.,consensus-clean,consensus-clean-candidate,,,R2 Pass A/B consensus clean; awaits fresh acceptance sample,n/a,,
SB-0186,citizenship,n.,громадянство,Стан громадянства; статус громадянина.,r2-reconciliation,P2,pedagogical-definition,high,R2 A/B reconciliation (union-defect roster),present,definitionUa,Правовий статус людини як громадянина певної держави.
SB-0187,civic,adj.,громадянський,"Про або щодо громадянина, або про добросовісне громадянство та його права та обов'язки.",r2-reconciliation,P2,idiomatic-ukrainian,high,R2 A/B reconciliation (union-defect roster),present,definitionUa,"Пов’язаний із громадянами, громадою, їхніми правами та обов’язками."
SB-0188,civilian,"n., adj.",цивільний,"Людина, яка займається цивільним життям, особливо та, яка не є активним членом збройних сил.",r2-reconciliation,P1,pos-alignment,high,R2 A/B reconciliation (union-defect roster),present,both,"ua: цивільна особа; цивільний | definitionUa: Людина, яка не є військовослужбовцем; також пов’язаний із цивільним життям."
SB-0190,clash,n.,зіткнення,"опозиція; протиріччя; наприклад, між різними або суперечливими інтересами, поглядами, цілями тощо.",r2-reconciliation,P2,ui-formatting,high,R2 A/B reconciliation (union-defect roster),present,definitionUa,"Протистояння або суперечність між різними інтересами, поглядами чи цілями."
SB-0191,classification,n.,класифікація,"Акт формування в клас або класи; розподіл на групи, як класи, порядки, родини тощо, відповідно до деяких спільних відносин або атрибутів.",part1-floor,P1,grammar-calque-fragment,high,R1-listed defect; severity normalized to P1 by Codex acceptance review,present,definitionUa,"Акт розподілу на класи; поділ на групи (класи, порядки, родини тощо) за спільними ознаками або атрибутами."
SB-0192,cling,v.,чіплятися,"Тримати дуже міцно, щоб не впасти.",consensus-clean,consensus-clean-candidate,,,R2 Pass A/B consensus clean; awaits fresh acceptance sample,n/a,,
SB-0196,coalition,n.,коаліція,"Тимчасова група або спілка організацій, яка зазвичай створюється для певної переваги.",r2-reconciliation,P2,pedagogical-definition,high,R2 A/B reconciliation (union-defect roster),present,definitionUa,"Тимчасовий союз організацій або груп, створений для досягнення спільної мети."
SB-0198,cocktail,n.,коктейль,Змішаний алкогольний напій.,consensus-clean,consensus-clean-candidate,,,R2 Pass A/B consensus clean; awaits fresh acceptance sample,n/a,,
SB-0199,cognitive,adj.,когнітивний,"Відноситься до тієї частини розумових функцій, яка має справу з логікою, на відміну від афективної, яка має справу з емоціями.",r2-reconciliation,P1,calque-russianism,high,R2 A/B reconciliation (union-defect roster),present,definitionUa,"Пов’язаний із пізнанням, мисленням, пам’яттю та іншими розумовими процесами."
SB-0200,coincide,v.,збігатися,Відбутися одночасно.,consensus-clean,consensus-clean-candidate,,,R2 Pass A/B consensus clean; awaits fresh acceptance sample,n/a,,
SB-0201,collaborate,v.,співпрацювати,Працювати разом з іншими для досягнення спільної мети.,consensus-clean,consensus-clean-candidate,,,R2 Pass A/B consensus clean; awaits fresh acceptance sample,n/a,,
SB-0204,collision,n.,зіткнення,"Будь-яка подія, під час якої два або більше тіл діють один на одного за відносно короткий час. При зіткненні фізичний контакт двох тіл не є необхідним.",consensus-clean,consensus-clean-candidate,,,R2 Pass A/B consensus clean; awaits fresh acceptance sample,n/a,,
SB-0205,colonial,adj.,колоніальний,З колонії або відноситься до неї.,r2-reconciliation,P1,calque-russianism,high,R2 A/B reconciliation (union-defect roster),present,definitionUa,"Такий, що стосується колонії або колоніалізму."
SB-0206,columnist,n.,колумніст,"Регулярний автор колонки, наприклад, у журналі чи газеті.",consensus-clean,consensus-clean-candidate,,,R2 Pass A/B consensus clean; awaits fresh acceptance sample,n/a,,
SB-0210,commentator,n.,коментатор,"Особа, яка надає миттєвий опис публічної події, зокрема спортивної, для аудиторії ЗМІ.",consensus-clean,consensus-clean-candidate,,,R2 Pass A/B consensus clean; awaits fresh acceptance sample,n/a,,
SB-0211,commerce,n.,комерція,Обмін або купівля-продаж товарів; особливо великомасштабний обмін товарами між різними місцями чи спільнотами; розширена торгівля або рух.,consensus-clean,consensus-clean-candidate,,,R2 Pass A/B consensus clean; awaits fresh acceptance sample,n/a,,
SB-0212,commissioner,n.,комісар,"Посадовець, відповідальний за урядове відомство, особливо поліцію.",consensus-clean,consensus-clean-candidate,,,R2 Pass A/B consensus clean; awaits fresh acceptance sample,n/a,,
SB-0215,companion,n.,компаньйон,"Друг, знайомий або партнер; хтось, з ким проводять час або супроводжують",r2-reconciliation,P1,grammar-syntax,high,R2 A/B reconciliation (union-defect roster),present,definitionUa,"Людина, з якою проводять час або яка супроводжує когось; товариш чи партнер."
SB-0217,compassion,n.,співчуття,"Глибоке усвідомлення страждань інших людей настільки, що вони мотивовані полегшити такі стани.",r2-reconciliation,P1,grammar-syntax,high,R2 A/B reconciliation (union-defect roster),present,definitionUa,"Глибоке співчуття до чужих страждань, що спонукає допомогти."
SB-0218,compel,v.,змушувати,"Змушувати, обмежувати або примушувати.",consensus-clean,consensus-clean-candidate,,,R2 Pass A/B consensus clean; awaits fresh acceptance sample,n/a,,
SB-0222,competence,n.,компетентність,"Якість або стан компетентності, тобто здатності або придатності для виконання загальної ролі.",consensus-clean,consensus-clean-candidate,,,R2 Pass A/B consensus clean; awaits fresh acceptance sample,n/a,,
SB-0223,competent,adj.,компетентний,"Наявність достатніх навичок, знань, здібностей або кваліфікації.",part1-floor,P2,pos-style,medium,Codex seed-20260914 blinded acceptance challenge,absent,,
SB-0232,compute,v.,обчислювати,"Рахувати, обчислювати.",consensus-clean,consensus-clean-candidate,,,R2 Pass A/B consensus clean; awaits fresh acceptance sample,n/a,,
SB-0233,conceal,v.,приховувати,"Приховати щось від очей або від загального відома, намагатися зберегти щось у таємниці.",consensus-clean,consensus-clean-candidate,,,R2 Pass A/B consensus clean; awaits fresh acceptance sample,n/a,,
SB-0238,condemn,v.,засуджувати,Різко критикувати або засуджувати; розкритикувати.,consensus-clean,consensus-clean-candidate,,,R2 Pass A/B consensus clean; awaits fresh acceptance sample,n/a,,
SB-0239,confer,v.,надавати,Надати у власність; дарувати.,consensus-clean,consensus-clean-candidate,,,R2 Pass A/B consensus clean; awaits fresh acceptance sample,n/a,,
SB-0241,configuration,n.,конфігурація,"Взаємне розташування набору речей; те, як речі розташовані або зібрані;",r2-reconciliation,P2,ui-formatting,high,R2 A/B reconciliation (union-defect roster),present,definitionUa,"Взаємне розташування набору речей; спосіб, у який вони розташовані або зібрані."
SB-0242,confine,v.,обмежити,Обмежити (когось або щось) певною сферою чи областю; зберігати в певних межах.,consensus-clean,consensus-clean-candidate,,,R2 Pass A/B consensus clean; awaits fresh acceptance sample,n/a,,
SB-0243,confirmation,n.,підтвердження,"Перевірка того, що щось правдиве або трапилося.",consensus-clean,consensus-clean-candidate,,,R2 Pass A/B consensus clean; awaits fresh acceptance sample,n/a,,
SB-0245,confrontation,n.,конфронтація,"Акт протистояння або виклику іншому, особливо віч-на-віч.",consensus-clean,consensus-clean-candidate,,,R2 Pass A/B consensus clean; awaits fresh acceptance sample,n/a,,
SB-0248,congressional,adj.,конгресовий,З конгресу або стосовно нього.,consensus-clean,consensus-clean-candidate,,,R2 Pass A/B consensus clean; awaits fresh acceptance sample,n/a,,
SB-0250,conscience,n.,совість,"Етичне або моральне почуття правильного і неправильного, головним чином, оскільки воно впливає на власну поведінку людини та формує її ставлення до її минулих дій.",consensus-clean,consensus-clean-candidate,,,R2 Pass A/B consensus clean; awaits fresh acceptance sample,n/a,,
SB-0251,consciousness,n.,свідомість,Стан свідомості або усвідомлення; обізнаність.,consensus-clean,consensus-clean-candidate,,,R2 Pass A/B consensus clean; awaits fresh acceptance sample,n/a,,
SB-0252,consecutive,adj.,послідовний,"Слідом, по черзі, без перерви.",r2-reconciliation,P2,grammar-syntax,high,R2 A/B reconciliation (union-defect roster),present,definitionUa,"Такий, що відбувається один за одним без перерви."
SB-0253,consensus,n.,консенсус,"Загальна згода між членами певної групи чи спільноти, кожен член якої має певну свободу дій у прийнятті рішень і подальших діях.",consensus-clean,consensus-clean-candidate,,,R2 Pass A/B consensus clean; awaits fresh acceptance sample,n/a,,
SB-0257,consolidate,v.,консолідувати,Об'єднати в єдине ціле; щоб об’єднатися або приєднатися.,r2-reconciliation,P1,grammar-syntax,high,R2 A/B reconciliation (union-defect roster),present,definitionUa,Об’єднувати окремі частини в єдине ціле; зміцнювати досягнуте.
SB-0258,constituency,n.,виборчий округ,"Округ, представлений однією або декількома обраними посадовими особами.",consensus-clean,consensus-clean-candidate,,,R2 Pass A/B consensus clean; awaits fresh acceptance sample,n/a,,
SB-0259,constitute,v.,становити,Складати щось як його частини; утворювати або офіційно встановлювати.,consensus-clean,consensus-clean-candidate,,,R2 Pass A/B consensus clean; awaits fresh acceptance sample,n/a,,
SB-0260,constitution,n.,конституція,"Формальна чи неофіційна система основних принципів і законів, яка регулює діяльність уряду чи інших установ.",consensus-clean,consensus-clean-candidate,,,R2 Pass A/B consensus clean; awaits fresh acceptance sample,n/a,,
SB-0261,constitutional,adj.,конституційний,"Що стосується юридичної чи політичної конституції («основний закон нації чи установи; формальна чи неофіційна система первинних принципів і законів, які регулюють діяльність уряду чи іншої установи»).",consensus-clean,consensus-clean-candidate,,,R2 Pass A/B consensus clean; awaits fresh acceptance sample,n/a,,
SB-0262,constraint,n.,обмеження,"Те, що стримує; обмеження.",consensus-clean,consensus-clean-candidate,,,R2 Pass A/B consensus clean; awaits fresh acceptance sample,n/a,,
SB-0265,contempt,n.,презирство,"Стан або акт презирства; відчуття або ставлення до когось чи чогось як до нижчого, низького або нікчемного; презирство, зневага.",consensus-clean,consensus-clean-candidate,,,R2 Pass A/B consensus clean; awaits fresh acceptance sample,n/a,,
SB-0267,contender,n.,претендент,"Хтось, хто змагається з одним або декількома людьми.",consensus-clean,consensus-clean-candidate,,,R2 Pass A/B consensus clean; awaits fresh acceptance sample,n/a,,
SB-0268,content2,adj.,задоволений,"Задоволений тим, що маєш або що відбувається, без потреби вимагати більшого.",consensus-clean,consensus-clean-candidate,,,R2 Pass A/B consensus clean; awaits fresh acceptance sample,n/a,,
SB-0270,continually,adv.,постійно,У регулярній або повторюваній послідовності; дуже часто.,consensus-clean,consensus-clean-candidate,,,R2 Pass A/B consensus clean; awaits fresh acceptance sample,n/a,,
SB-0271,contractor,n.,підрядник,"Особа або компанія, яка будує або вдосконалює будівлі чи споруди.",r2-reconciliation,P1,sense-coverage,high,R2 A/B reconciliation (union-defect roster),present,definitionUa,"Особа або компанія, що за договором виконує роботи чи надає послуги."
SB-0275,conversion,n.,перетворення,Акт перетворення чогось або когось.,consensus-clean,consensus-clean-candidate,,,R2 Pass A/B consensus clean; awaits fresh acceptance sample,n/a,,
SB-0276,convict,v.,засуджувати,Визнати винним в результаті судового розгляду або (неофіційного) в моральному сенсі.,r2-reconciliation,P1,grammar-syntax,high,R2 A/B reconciliation (union-defect roster),present,definitionUa,Офіційно визнати особу винною за рішенням суду.
SB-0278,cooperate,v.,співпрацювати,"Працювати або діяти разом, особливо для спільної мети чи користі.",consensus-clean,consensus-clean-candidate,,,R2 Pass A/B consensus clean; awaits fresh acceptance sample,n/a,,
SB-0280,coordinate,v.,координувати,Синхронізувати (діяльність).,part1-floor,P2,semantic-scope,medium,Codex seed-20260914 blinded acceptance challenge,absent,,
SB-0281,coordination,n.,координація,"Акт координації, який змушує різних людей або речі працювати разом для досягнення мети чи ефекту.",consensus-clean,consensus-clean-candidate,,,R2 Pass A/B consensus clean; awaits fresh acceptance sample,n/a,,
SB-0282,coordinator,n.,координатор,"Той, хто або те, що координує.",consensus-clean,consensus-clean-candidate,,,R2 Pass A/B consensus clean; awaits fresh acceptance sample,n/a,,
SB-0284,copper,n.,мідь,"Червоно-коричневий метал, символ Cu та атомний номер 29.",consensus-clean,consensus-clean-candidate,,,R2 Pass A/B consensus clean; awaits fresh acceptance sample,n/a,,
SB-0285,copyright,n.,авторське право,"Право за законом бути суб’єктом, який визначає, хто може публікувати, копіювати та поширювати твір, музику, малюнок чи інший авторський твір.",r2-reconciliation,P1,calque-russianism,high,R2 A/B reconciliation (union-defect roster),present,definitionUa,"Закріплене законом виключне право автора визначати, хто може відтворювати, публікувати й поширювати твір."
SB-0287,correlate,v.,співвідносити,"Порівнювати речі і приводити їх у відношення, що мають відповідні характеристики.",consensus-clean,consensus-clean-candidate,,,R2 Pass A/B consensus clean; awaits fresh acceptance sample,n/a,,
SB-0288,correlation,n.,кореляція,"Один із кількох показників лінійного статистичного зв’язку між двома випадковими змінними, що вказує на силу та напрямок зв’язку.",consensus-clean,consensus-clean-candidate,,,R2 Pass A/B consensus clean; awaits fresh acceptance sample,n/a,,
SB-0289,correspond,v.,відповідати,"Бути еквівалентним або подібним за характером, кількістю, якістю, походженням, структурою, функцією тощо.",consensus-clean,consensus-clean-candidate,,,R2 Pass A/B consensus clean; awaits fresh acceptance sample,n/a,,
SB-0290,correspondence,n.,листування,"Взаємний обмін люб'язністю, особливо розмова між людьми за допомогою листів.",r2-reconciliation,P1,semantic-fidelity,high,R2 A/B reconciliation (union-defect roster),present,definitionUa,Обмін листами або іншими письмовими повідомленнями.
SB-0291,correspondent,n.,кореспондент,"Хтось, хто спілкується з іншою особою або публікацією, письмово.",consensus-clean,consensus-clean-candidate,,,R2 Pass A/B consensus clean; awaits fresh acceptance sample,n/a,,
SB-0294,corruption,n.,корупція,"Неетична адміністративна або виконавча практика (в уряді чи бізнесі), включаючи хабарництво (пропозиція або отримання хабара), конфлікт інтересів, кумівство, розкрадання тощо.",consensus-clean,consensus-clean-candidate,,,R2 Pass A/B consensus clean; awaits fresh acceptance sample,n/a,,
SB-0295,costly,adj.,дорогий,Від високої вартості; дорогий.,part1-floor,P1,grammar-calque-fragment,high,R1-listed defect; severity normalized to P1 by Codex acceptance review,present,definitionUa,"Такий, що коштує дорого; дорогий."
SB-0297,counselling,n.,консультування,Професійна допомога людині в осмисленні та розв’язанні особистих або психологічних труднощів.,consensus-clean,consensus-clean-candidate,,,R2 Pass A/B consensus clean; awaits fresh acceptance sample,n/a,,
SB-0299,counter (argue against),v.,заперечувати; протиставляти аргумент,Відповідати на твердження протилежним аргументом або доказом.,consensus-clean,consensus-clean-candidate,,,R2 Pass A/B consensus clean; awaits fresh acceptance sample,n/a,,
SB-0302,coup,n.,переворот,Державний переворот.,consensus-clean,consensus-clean-candidate,,,R2 Pass A/B consensus clean; awaits fresh acceptance sample,n/a,,
SB-0303,courtesy,n.,ввічливість,Ввічлива поведінка.,consensus-clean,consensus-clean-candidate,,,R2 Pass A/B consensus clean; awaits fresh acceptance sample,n/a,,
SB-0305,crawl,v.,повзати,Повзати; повільно рухатися на руках і колінах або волочачи тіло по землі.,consensus-clean,consensus-clean-candidate,,,R2 Pass A/B consensus clean; awaits fresh acceptance sample,n/a,,
SB-0306,creator,n.,творець,"Щось або хтось, який щось створює або робить.",part1-floor,P1,pos-morphology-mismatch,medium,R1-listed defect; severity normalized to P1 by Codex acceptance review,present,definitionUa,"Той або те, що щось створює чи виготовляє."
SB-0310,critique,n.,критика,"Есе, в якому критикується, рецензується інший твір тощо.",r2-reconciliation,P2,grammar-syntax,high,R2 A/B reconciliation (union-defect roster),present,definitionUa,"Критичний аналіз або оцінка твору, ідеї чи роботи."
SB-0311,crown,n.,корона,"Королівський, імператорський або княжий головний убір; діадема.",consensus-clean,consensus-clean-candidate,,,R2 Pass A/B consensus clean; awaits fresh acceptance sample,n/a,,
SB-0312,crude,adj.,сирий,"У природному, необробленому стані.",consensus-clean,consensus-clean-candidate,,,R2 Pass A/B consensus clean; awaits fresh acceptance sample,n/a,,
SB-0313,crush,v.,розчавити,"Натиснути між двома твердими предметами; стискати так, щоб змінити природну форму чи цілісність, або згуртовувати в масу.",r2-reconciliation,P1,semantic-fidelity,high,R2 A/B reconciliation (union-defect roster),present,definitionUa,"Сильно стискати або розчавлювати щось так, що воно деформується чи руйнується."
SB-0314,crystal,n.,кристал,"Тверда речовина, що складається з масиву атомів або молекул, що мають дальній порядок і розташовані у вигляді періодичної тривимірної структури.",consensus-clean,consensus-clean-candidate,,,R2 Pass A/B consensus clean; awaits fresh acceptance sample,n/a,,
SB-0318,custody,n.,опіка,"Законне право піклуватися про щось або про когось, особливо про дітей.",consensus-clean,consensus-clean-candidate,,,R2 Pass A/B consensus clean; awaits fresh acceptance sample,n/a,,
SB-0320,cynical,adj.,цинічний,"Скептично ставиться до чесності, щирості або мотивів інших.",r2-reconciliation,P2,pos-alignment,high,R2 A/B reconciliation (union-defect roster),present,definitionUa,"Схильний сумніватися в чесності, щирості або мотивах інших."
SB-0323,dawn,n.,світанок,Період ранкових сутінків безпосередньо перед сходом сонця.,consensus-clean,consensus-clean-candidate,,,R2 Pass A/B consensus clean; awaits fresh acceptance sample,n/a,,
SB-0325,debut,n.,дебют,"Перший виступ виконавця перед публікою у спорті, мистецтві чи іншій сфері.",consensus-clean,consensus-clean-candidate,,,R2 Pass A/B consensus clean; awaits fresh acceptance sample,n/a,,
SB-0326,decision-making,n.,прийняття рішень,Процес аналізу можливостей і вибору одного рішення.,consensus-clean,consensus-clean-candidate,,,R2 Pass A/B consensus clean; awaits fresh acceptance sample,n/a,,
SB-0328,declaration,n.,декларація,"Емфатичний або формальний акт висловлювання, розповіді або ствердження чогось, усним або письмовим; рішуче твердження чи проголошення.",part1-floor,P1,grammar-syntax,high,Codex seed-20260914 blinded acceptance challenge,absent,,
SB-0335,defensive,adj.,оборонний,"Що стосується захисту, на відміну від нападу.",consensus-clean,consensus-clean-candidate,,,R2 Pass A/B consensus clean; awaits fresh acceptance sample,n/a,,
SB-0337,deficit,n.,дефіцит,"Ситуація, коли або сума, за якої витрати перевищують (наприклад, державні) доходи.",r2-reconciliation,P1,grammar-syntax,high,R2 A/B reconciliation (union-defect roster),present,definitionUa,"Нестача коштів або сума, на яку витрати перевищують доходи."
SB-0338,defy,v.,кинути виклик,Відмовлятися підкорятися.,consensus-clean,consensus-clean-candidate,,,R2 Pass A/B consensus clean; awaits fresh acceptance sample,n/a,,
SB-0339,delegate,n.,делегат,"Особа, уповноважена діяти як представник іншої особи; депутат.",consensus-clean,consensus-clean-candidate,,,R2 Pass A/B consensus clean; awaits fresh acceptance sample,n/a,,
SB-0341,delicate,adj.,делікатний,Легко пошкоджується або потребує обережного поводження.,consensus-clean,consensus-clean-candidate,,,R2 Pass A/B consensus clean; awaits fresh acceptance sample,n/a,,
SB-0342,demon,n.,демон,Злий надприродний дух.,consensus-clean,consensus-clean-candidate,,,R2 Pass A/B consensus clean; awaits fresh acceptance sample,n/a,,
SB-0344,denounce,v.,засуджувати,Публічно та рішуче засуджувати когось або щось.,consensus-clean,consensus-clean-candidate,,,R2 Pass A/B consensus clean; awaits fresh acceptance sample,n/a,,
SB-0345,dense,adj.,щільний,Має відносно високу щільність.,consensus-clean,consensus-clean-candidate,,,R2 Pass A/B consensus clean; awaits fresh acceptance sample,n/a,,
SB-0346,density,n.,щільність,"Міра маси речовини, що міститься в одиниці об’єму.",consensus-clean,consensus-clean-candidate,,,R2 Pass A/B consensus clean; awaits fresh acceptance sample,n/a,,
SB-0347,dependence,n.,залежність,"Стан залежності, покладання на іншого.",consensus-clean,consensus-clean-candidate,,,R2 Pass A/B consensus clean; awaits fresh acceptance sample,n/a,,
SB-0348,depict,v.,зображувати,"Відобразити щось, використовуючи слова, звуки, зображення чи інші засоби.",consensus-clean,consensus-clean-candidate,,,R2 Pass A/B consensus clean; awaits fresh acceptance sample,n/a,,
SB-0352,deprive,v.,позбавляти,"Вживається з «від», щоб забрати щось у (когось) і тримати подалі; відмовляти комусь у чомусь.",r2-reconciliation,P1,pedagogical-accuracy,high,R2 A/B reconciliation (union-defect roster),present,definitionUa,"Позбавляти когось чогось або не давати йому того, що він має чи потребує."
SB-0353,deputy,n.,заступник,"Той, кого призначають на заміну інших і мають право діяти за них від їхнього імені або від їхнього імені; заступник на посаді.",r2-reconciliation,P1,grammar-syntax,high,R2 A/B reconciliation (union-defect roster),present,definitionUa,"Особа, призначена діяти замість іншої або допомагати посадовцеві як його заступник."
SB-0358,desktop,n.,робочий стіл,"Основний графічний інтерфейс користувача операційної системи, зазвичай відображає значки, вікна та фонові шпалери.",consensus-clean,consensus-clean-candidate,,,R2 Pass A/B consensus clean; awaits fresh acceptance sample,n/a,,
SB-0359,destructive,adj.,руйнівний,Заподіяння руйнування; завдає шкоди.,r2-reconciliation,P2,pos-alignment,high,R2 A/B reconciliation (union-defect roster),present,definitionUa,"Такий, що руйнує або завдає значної шкоди."
SB-0360,detain,v.,затримувати,"Перешкоджати комусь продовжити, стримуючи їх або висуваючи претензії на їх увагу.",r2-reconciliation,P1,semantic-fidelity,high,R2 A/B reconciliation (union-defect roster),present,definitionUa,Не дозволяти комусь піти або тимчасово тримати під вартою.
SB-0361,detection,n.,виявлення,"Дія або процес виявлення, розкриття або з'ясування, відкриття чогось нового, прихованого або замаскованого.",consensus-clean,consensus-clean-candidate,,,R2 Pass A/B consensus clean; awaits fresh acceptance sample,n/a,,
SB-0362,detention,n.,затримання,Тимчасове тримання під вартою або арешт.,consensus-clean,consensus-clean-candidate,,,R2 Pass A/B consensus clean; awaits fresh acceptance sample,n/a,,
SB-0363,deteriorate,v.,погіршуватися,Гірше рости; мати погіршення якості; вироджуватися.,part1-floor,P1,grammar-calque-fragment,high,R1-listed defect; severity normalized to P1 by Codex acceptance review,present,definitionUa,Ставати гіршим за якістю; погіршуватися; вироджуватися.
SB-0365,devil,n.,диявол,Головний диявол; Сатана.,consensus-clean,consensus-clean-candidate,,,R2 Pass A/B consensus clean; awaits fresh acceptance sample,n/a,,
SB-0366,devise,v.,придумати,Використовувати свій інтелект для планування або проектування (щось).,r2-reconciliation,P2,grammar-syntax,high,R2 A/B reconciliation (union-defect roster),present,definitionUa,"Використовуючи кмітливість, придумувати або розробляти щось."
SB-0367,diagnose,v.,діагностувати,"Визначити, яка хвороба викликає ознаки та симптоми хворої людини; знайти діагноз.",consensus-clean,consensus-clean-candidate,,,R2 Pass A/B consensus clean; awaits fresh acceptance sample,n/a,,
SB-0368,diagnosis,n.,діагноз,Процес або випадок ідентифікації природи та причини медичного стану чи хвороби.,consensus-clean,consensus-clean-candidate,,,R2 Pass A/B consensus clean; awaits fresh acceptance sample,n/a,,
SB-0370,dictator,n.,диктатор,"Тоталітарний лідер країни, нації чи уряду.",consensus-clean,consensus-clean-candidate,,,R2 Pass A/B consensus clean; awaits fresh acceptance sample,n/a,,
SB-0371,differentiate,v.,диференціювати,Показувати або бути різницею чи відмінністю між речами.,part1-floor,P1,grammar-calque-fragment,high,R1-listed defect; severity normalized to P1 by Codex acceptance review,present,definitionUa,Показувати відмінність між речами або встановлювати її; розрізняти.
SB-0373,dilemma,n.,дилема,"Обставина, за якої необхідно зробити вибір між двома чи більше альтернативами, які здаються однаково небажаними.",consensus-clean,consensus-clean-candidate,,,R2 Pass A/B consensus clean; awaits fresh acceptance sample,n/a,,
SB-0375,diminish,v.,зменшувати,Зробити меншим.,consensus-clean,consensus-clean-candidate,,,R2 Pass A/B consensus clean; awaits fresh acceptance sample,n/a,,
SB-0376,dip,v.,занурювати; опускатися,Опустити в рідину.,consensus-clean,consensus-clean-candidate,,,R2 Pass A/B consensus clean; awaits fresh acceptance sample,n/a,,
SB-0377,diplomat,n.,дипломат,"Особа, наприклад посол, яка офіційно акредитована представляти уряд у його відносинах з іншими урядами чи міжнародними організаціями",r2-reconciliation,P2,ui-formatting,high,R2 A/B reconciliation (union-defect roster),present,definitionUa,"Особа, наприклад посол, офіційно уповноважена представляти уряд у відносинах з іншими державами чи міжнародними організаціями."
SB-0379,directory,n.,каталог,Структурований список імен і характеристик файлів на пристрої зберігання.,consensus-clean,consensus-clean-candidate,,,R2 Pass A/B consensus clean; awaits fresh acceptance sample,n/a,,
SB-0381,discard,v.,відкинути,"Викинути, відкинути.",consensus-clean,consensus-clean-candidate,,,R2 Pass A/B consensus clean; awaits fresh acceptance sample,n/a,,
SB-0383,disclose,v.,розкрити,Довести до відома інших; зробити відомим; заявляти відкрито; розкрити (щось).,part1-floor,P2,grammar-style,medium,Codex seed-20260914 blinded acceptance challenge,absent,,
SB-0385,discourse,n.,дискурс,"Вираження словами, усним або письмовим.",r2-reconciliation,P1,grammar-syntax,high,R2 A/B reconciliation (union-defect roster),present,definitionUa,Усне або письмове висловлення думок; зв’язна мова чи обговорення певної теми.
SB-0386,discretion,n.,розсуд,Здатність робити мудрий вибір або приймати рішення.,consensus-clean,consensus-clean-candidate,,,R2 Pass A/B consensus clean; awaits fresh acceptance sample,n/a,,
SB-0387,discrimination,n.,дискримінація,"Диференційоване ставлення до окремої особи чи групи в невигідну для них сторону; ставлення або увага на основі класу чи категорії, а не індивідуальних заслуг; упередженість; упередження; фанатизм.",consensus-clean,consensus-clean-candidate,,,R2 Pass A/B consensus clean; awaits fresh acceptance sample,n/a,,
SB-0388,dismissal,n.,звільнення,Позбавлення посади; факт або процес звільнення з роботи або позбавлення звання.,consensus-clean,consensus-clean-candidate,,,R2 Pass A/B consensus clean; awaits fresh acceptance sample,n/a,,
SB-0393,disrupt,v.,порушувати,Ввести в замішання або безлад.,consensus-clean,consensus-clean-candidate,,,R2 Pass A/B consensus clean; awaits fresh acceptance sample,n/a,,
SB-0394,disruption,n.,порушення,Переривання регулярного потоку або послідовності чогось.,consensus-clean,consensus-clean-candidate,,,R2 Pass A/B consensus clean; awaits fresh acceptance sample,n/a,,
SB-0400,disturbing,adj.,тривожний,Спричинення дистресу або занепокоєння; засмучення або тривога.,r2-reconciliation,P2,pos-alignment,high,R2 A/B reconciliation (union-defect roster),present,definitionUa,"Такий, що спричиняє тривогу, занепокоєння або сильний душевний дискомфорт."
SB-0402,divine,adj.,божественний,Від бога або стосовно нього.,consensus-clean,consensus-clean-candidate,,,R2 Pass A/B consensus clean; awaits fresh acceptance sample,n/a,,
SB-0403,doctrine,n.,доктрина,"Сукупність вчень ідеології, найчастіше релігії, або ідеологічного чи релігійного лідера, організації, групи чи тексту.",consensus-clean,consensus-clean-candidate,,,R2 Pass A/B consensus clean; awaits fresh acceptance sample,n/a,,
SB-0406,dominance,n.,панування,Стан домінування; першорядної важливості; зверхність.,part1-floor,P2,grammar-style,medium,Codex seed-20260914 blinded acceptance challenge,absent,,
SB-0407,donor,n.,донор,"Той, хто робить пожертву.",consensus-clean,consensus-clean-candidate,,,R2 Pass A/B consensus clean; awaits fresh acceptance sample,n/a,,
SB-0408,dose,n.,доза,"Відміряна порція ліків, прийнята в будь-який час.",consensus-clean,consensus-clean-candidate,,,R2 Pass A/B consensus clean; awaits fresh acceptance sample,n/a,,
SB-0413,dual,adj.,подвійний,Характеризується наявністю двох (зазвичай еквівалентних) компонентів.,consensus-clean,consensus-clean-candidate,,,R2 Pass A/B consensus clean; awaits fresh acceptance sample,n/a,,
SB-0419,earnings,n.,заробіток,"Заробітна плата, зароблені гроші, дохід.",consensus-clean,consensus-clean-candidate,,,R2 Pass A/B consensus clean; awaits fresh acceptance sample,n/a,,
SB-0422,ecological,adj.,екологічний,"Пов’язаний з екологією, взаємозв’язками організмів і навколишнього середовища.",consensus-clean,consensus-clean-candidate,,,R2 Pass A/B consensus clean; awaits fresh acceptance sample,n/a,,
SB-0426,ego,n.,его,"Я, особливо з почуттям власної значущості.",consensus-clean,consensus-clean-candidate,,,R2 Pass A/B consensus clean; awaits fresh acceptance sample,n/a,,
SB-0428,electoral,adj.,виборчий,Щодо виборів або щодо них.,part1-floor,P1,grammar-calque,high,Codex seed-20260914 blinded acceptance challenge,absent,,
SB-0429,elevate,v.,підняти,Підняти (щось) на вищу посаду.,consensus-clean,consensus-clean-candidate,,,R2 Pass A/B consensus clean; awaits fresh acceptance sample,n/a,,
SB-0430,eligible,adj.,придатний,Дозвіл і відповідність необхідним умовам для участі в чомусь або бути обраним для чогось,r2-reconciliation,P1,pos-alignment,high,R2 A/B reconciliation (union-defect roster),present,both,"ua: той, хто має право; придатний | definitionUa: Такий, що відповідає вимогам і тому має право брати участь або бути обраним."
SB-0431,elite,n.,еліта,"Особлива група або соціальний клас людей, які мають вищий соціальний чи економічний статус і відповідну владу, переваги чи привілеї в суспільстві; член такої групи.",consensus-clean,consensus-clean-candidate,,,R2 Pass A/B consensus clean; awaits fresh acceptance sample,n/a,,
SB-0433,embarrassment,n.,збентеження,"Стан дискомфорту, що виникає через сором'язливість або свідомість порушення соціального правила; приниження.",consensus-clean,consensus-clean-candidate,,,R2 Pass A/B consensus clean; awaits fresh acceptance sample,n/a,,
SB-0434,embassy,n.,посольство,"Організація або група офіційних осіб, які постійно представляють суверенну державу в другій суверенній державі або щодо міжнародної організації, такої як ООН.",consensus-clean,consensus-clean-candidate,,,R2 Pass A/B consensus clean; awaits fresh acceptance sample,n/a,,
SB-0435,embed,v.,вбудовувати,Для інкапсуляції в інший документ або файл даних.,r2-reconciliation,P1,grammar-syntax,high,R2 A/B reconciliation (union-defect roster),present,definitionUa,"Вставляти один об’єкт, файл або фрагмент даних в інший."
SB-0436,embody,v.,втілювати,Представляти у фізичній або конкретній формі; втілювати чи персоніфікувати.,consensus-clean,consensus-clean-candidate,,,R2 Pass A/B consensus clean; awaits fresh acceptance sample,n/a,,
SB-0437,emergence,n.,поява,"Акт підйому з рідини, виходу з огортання чи приховування, або підняття в поле зору; зовнішній вигляд.",r2-reconciliation,P1,semantic-fidelity,high,R2 A/B reconciliation (union-defect roster),present,definitionUa,"Процес появи, виникнення або виходу з прихованого стану."
SB-0438,empirical,adj.,емпіричний,"Стосовно або засноване на досвіді, на відміну від теорії.",r2-reconciliation,P2,grammar-syntax,high,R2 A/B reconciliation (union-defect roster),present,definitionUa,"Такий, що ґрунтується на досвіді або спостереженні, а не лише на теорії."
SB-0441,encompass,v.,охоплювати,"Включити в його сферу дії; обвести або обійти так, щоб оточити; підкладати; містити.",r2-reconciliation,P1,semantic-fidelity,high,R2 A/B reconciliation (union-defect roster),present,definitionUa,"Охоплювати, включати до свого складу або оточувати."
SB-0442,encouragement,n.,заохочення,"Слова чи дії, які підвищують чиюсь впевненість",r2-reconciliation,P2,ui-formatting,high,R2 A/B reconciliation (union-defect roster),present,definitionUa,"Слова чи дії, які підвищують чиюсь упевненість."
SB-0444,endeavour,n.,зусилля,Серйозна або наполеглива спроба досягти певної мети.,consensus-clean,consensus-clean-candidate,,,R2 Pass A/B consensus clean; awaits fresh acceptance sample,n/a,,
SB-0445,endless,adj.,нескінченний,Не маючи кінця.,r2-reconciliation,P2,pos-alignment,high,R2 A/B reconciliation (union-defect roster),present,definitionUa,"Такий, що не має кінця; нескінченний."
SB-0446,endorse,v.,схвалити,"Виражати підтримку чи схвалення, особливо офіційно чи публічно; надати індосамент.",r2-reconciliation,P1,learner-register,high,R2 A/B reconciliation (union-defect roster),present,definitionUa,Публічно або офіційно висловлювати підтримку чи схвалення.
SB-0453,enquire,v.,запитувати,"Просити інформацію або ставити запитання, щоб щось з’ясувати.",consensus-clean,consensus-clean-candidate,,,R2 Pass A/B consensus clean; awaits fresh acceptance sample,n/a,,
SB-0455,enrol,v.,зарахувати,"Офіційно записати або записатися на курс, програму чи до установи.",consensus-clean,consensus-clean-candidate,,,R2 Pass A/B consensus clean; awaits fresh acceptance sample,n/a,,
SB-0457,enterprise,n.,підприємство,"Компанія, бізнес, організація чи інша цілеспрямована діяльність.",consensus-clean,consensus-clean-candidate,,,R2 Pass A/B consensus clean; awaits fresh acceptance sample,n/a,,
SB-0458,enthusiast,n.,ентузіаст,"Людина, сповнена або керована ентузіазмом.",consensus-clean,consensus-clean-candidate,,,R2 Pass A/B consensus clean; awaits fresh acceptance sample,n/a,,
SB-0460,entity,n.,сутність,"Те, що існує як окрема одиниця, часто використовується для організацій, які не мають фізичної форми.",consensus-clean,consensus-clean-candidate,,,R2 Pass A/B consensus clean; awaits fresh acceptance sample,n/a,,
SB-0461,epidemic,n.,епідемія,"Широко поширене захворювання, яке вражає багато людей у ​​популяції.",part1-floor,P2,semantic-precision,medium,Codex seed-20260914 blinded acceptance challenge,absent,,
SB-0464,erect,v.,звести,Збирати шляхом з’єднання матеріалів або частин.,consensus-clean,consensus-clean-candidate,,,R2 Pass A/B consensus clean; awaits fresh acceptance sample,n/a,,
SB-0466,essence,n.,суть,Внутрішня природа речі або ідеї.,consensus-clean,consensus-clean-candidate,,,R2 Pass A/B consensus clean; awaits fresh acceptance sample,n/a,,
SB-0467,establishment,n.,заклад,"Те, що встановлено; як форма правління, постійна організація, бізнес або сила, або місце, де людина постійно проживає.",part1-floor,P1,grammar-calque-fragment,medium,R1-listed defect; severity normalized to P1 by Codex acceptance review,present,definitionUa,"Установа, заклад або підприємство, створені для сталої діяльності; також сам процес заснування."
SB-0468,eternal,adj.,вічний,Триває назавжди; нескінченний.,consensus-clean,consensus-clean-candidate,,,R2 Pass A/B consensus clean; awaits fresh acceptance sample,n/a,,
SB-0470,evoke,v.,викликати,"Викликати прояв чогось (емоції, картини тощо) в чиємусь розумі чи уяві.",consensus-clean,consensus-clean-candidate,,,R2 Pass A/B consensus clean; awaits fresh acceptance sample,n/a,,
SB-0471,evolutionary,adj.,еволюційний,Відносно біологічної теорії еволюції або до неї.,r2-reconciliation,P1,calque-russianism,high,R2 A/B reconciliation (union-defect roster),present,definitionUa,Пов’язаний з еволюцією або теорією еволюції.
SB-0472,exaggerate,v.,перебільшувати,"Перебільшувати, описувати більше, ніж факт.",r2-reconciliation,P2,pedagogical-definition,high,R2 A/B reconciliation (union-defect roster),present,definitionUa,"Представляти щось більшим, кращим, гіршим або важливішим, ніж воно є насправді."
SB-0474,exceptional,adj.,винятковий,Формування винятку; не звичайний; незвичайний; рідкісні.,part1-floor,P1,grammar-calque-fragment,medium,R1-listed defect; severity normalized to P1 by Codex acceptance review,present,definitionUa,"Такий, що становить виняток; незвичайний; рідкісний."
SB-0475,excess,"n., adj.",надлишок,"Стан перевищення або виходу за межі; стан поза достатністю, необхідністю або обов'язком; більше, ніж те, що є звичайним або належним.",r2-reconciliation,P1,pos-alignment,high,R2 A/B reconciliation (union-defect roster),present,both,"ua: надлишок; надмірний | definitionUa: Кількість понад необхідну норму; також більший, ніж потрібно або дозволено."
SB-0478,exclusively,adv.,виключно,на виключення будь-чого або будь-кого іншого; виключно або цілком,r2-reconciliation,P1,calque-russianism,high,R2 A/B reconciliation (union-defect roster),present,definitionUa,"Лише для когось або чогось, без залучення інших; винятково."
SB-0479,execute,v.,виконувати,Здійснювати; ввести в дію.,consensus-clean,consensus-clean-candidate,,,R2 Pass A/B consensus clean; awaits fresh acceptance sample,n/a,,
SB-0480,execution,n.,виконання,"Дія, спосіб або стиль виконання (дій, маневрів, вистав).",consensus-clean,consensus-clean-candidate,,,R2 Pass A/B consensus clean; awaits fresh acceptance sample,n/a,,
SB-0482,exile,n.,вигнання,Стан вигнання з дому чи країни.,consensus-clean,consensus-clean-candidate,,,R2 Pass A/B consensus clean; awaits fresh acceptance sample,n/a,,
SB-0485,experimental,adj.,експериментальний,Відносно або засноване на експерименті.,r2-reconciliation,P1,calque-russianism,high,R2 A/B reconciliation (union-defect roster),present,definitionUa,"Такий, що стосується експерименту або ґрунтується на ньому."
SB-0489,exploitation,n.,експлуатація,Неправомірне використання чого-небудь в корисливих цілях.,consensus-clean,consensus-clean-candidate,,,R2 Pass A/B consensus clean; awaits fresh acceptance sample,n/a,,
SB-0492,extremist,n.,екстреміст,"Людина, яка дотримується крайніх поглядів, особливо той, хто відстоює такі погляди; радикал або фанатик.",r2-reconciliation,P2,grammar-syntax,high,R2 A/B reconciliation (union-defect roster),present,definitionUa,"Людина, яка дотримується або активно обстоює крайні погляди; радикал."
SB-0493,facilitate,v.,сприяти,Зробити легко або легше.,part1-floor,P1,grammar-calque-fragment,low,R1-listed defect; severity normalized to P1 by Codex acceptance review,present,definitionUa,Робити легшим; полегшувати.
SB-0494,faction,n.,фракція,"Група людей, особливо всередині політичної організації, яка висловлює спільні переконання або думку, відмінну від людей, які не є частиною групи.",r2-reconciliation,P1,semantic-fidelity,high,R2 A/B reconciliation (union-defect roster),present,definitionUa,"Група всередині більшої організації, члени якої мають спільні погляди, відмінні від поглядів інших членів."
SB-0498,fatal,adj.,фатальний,Заподіяння смерті або руйнування.,part1-floor,P1,pos-morphology-mismatch,high,R1-listed defect; severity normalized to P1 by Codex acceptance review,present,definitionUa,"Такий, що спричиняє смерть або руйнування; смертельний, згубний."
SB-0499,fate,n.,доля,"Передбачувана причина, сила, принцип або божественна воля, яка визначає події.",consensus-clean,consensus-clean-candidate,,,R2 Pass A/B consensus clean; awaits fresh acceptance sample,n/a,,
SB-0500,favourable,adj.,сприятливий,"Вираження або вказівка ​​на прихильність чи доброзичливість; схвалюючи, заохочуючи.",r2-reconciliation,P1,pos-alignment,high,R2 A/B reconciliation (union-defect roster),present,definitionUa,"Такий, що виражає схвалення або створює добрі умови для успіху."
SB-0501,feat,n.,подвиг; визначне досягнення,Відносно рідкісне або важке досягнення.,consensus-clean,consensus-clean-candidate,,,R2 Pass A/B consensus clean; awaits fresh acceptance sample,n/a,,
SB-0503,fibre,n.,клітковина,Харчові волокна.,consensus-clean,consensus-clean-candidate,,,R2 Pass A/B consensus clean; awaits fresh acceptance sample,n/a,,
SB-0508,firearm,n.,вогнепальна зброя,"Особиста зброя, яка використовує вибуховий порох для приведення в дію снаряда, який часто виготовляється зі свинцю.",r2-reconciliation,P2,pedagogical-definition,high,R2 A/B reconciliation (union-defect roster),present,definitionUa,"Зброя, що вистрілює снаряд завдяки вибуху пороху."
SB-0511,flaw,n.,недолік,"Дефект, помилка або недосконалість, особливо прихована.",consensus-clean,consensus-clean-candidate,,,R2 Pass A/B consensus clean; awaits fresh acceptance sample,n/a,,
SB-0512,flawed,adj.,дефектний,Наявність недоліку або недосконалості.,part1-floor,P2,pos-style,medium,Codex seed-20260914 blinded acceptance challenge,absent,,
SB-0513,flee,v.,тікати,Втікати; втекти.,consensus-clean,consensus-clean-candidate,,,R2 Pass A/B consensus clean; awaits fresh acceptance sample,n/a,,
SB-0514,fleet,n.,флот,Група суден або транспортних засобів.,consensus-clean,consensus-clean-candidate,,,R2 Pass A/B consensus clean; awaits fresh acceptance sample,n/a,,
SB-0515,flesh,n.,плоть,"М’які тканини тіла, особливо м’язи та жир.",consensus-clean,consensus-clean-candidate,,,R2 Pass A/B consensus clean; awaits fresh acceptance sample,n/a,,
SB-0516,flexibility,n.,гнучкість,"Якість бути гнучким, фізично чи метафорично.",part1-floor,P1,grammar-calque,high,Codex seed-20260914 blinded acceptance challenge,absent,,
SB-0518,fluid,n.,рідина,Рідина (на відміну від твердого або газоподібного).,r2-reconciliation,P1,semantic-fidelity,high,R2 A/B reconciliation (union-defect roster),present,both,"ua: рідина; текуча речовина | definitionUa: Речовина, що може текти й набувати форми посудини, зокрема рідина або газ."
SB-0519,footage,n.,кадри,"Кількість плівки або стрічки, яка була використана для запису чогось.",r2-reconciliation,P1,semantic-fidelity,high,R2 A/B reconciliation (union-defect roster),present,definitionUa,"Відеоматеріал або кадри, записані для фільму, телебачення чи іншої мети."
SB-0520,foreigner,n.,іноземець,Людина з чужої країни.,consensus-clean,consensus-clean-candidate,,,R2 Pass A/B consensus clean; awaits fresh acceptance sample,n/a,,
SB-0522,formula,n.,формула,План або метод вирішення проблеми або досягнення результату.,consensus-clean,consensus-clean-candidate,,,R2 Pass A/B consensus clean; awaits fresh acceptance sample,n/a,,
SB-0523,formulate,v.,формулювати,Викласти в ясній і певній формі твердження або вираз.,consensus-clean,consensus-clean-candidate,,,R2 Pass A/B consensus clean; awaits fresh acceptance sample,n/a,,
SB-0524,forth,adv.,вперед,"Назовні, уперед або від певного місця; переважно у сталих виразах.",consensus-clean,consensus-clean-candidate,,,R2 Pass A/B consensus clean; awaits fresh acceptance sample,n/a,,
SB-0527,fragile,adj.,крихкий,"Легко ламається, не міцний; з ніжного матеріалу.",r2-reconciliation,P2,orthography,high,R2 A/B reconciliation (union-defect roster),present,definitionUa,"Такий, що легко ламається або пошкоджується; неміцний."
SB-0528,franchise,n.,франшиза; право на здійснення діяльності,"Дозвіл, наданий компанією на продаж або розповсюдження своїх товарів чи послуг на певній території.",consensus-clean,consensus-clean-candidate,,,R2 Pass A/B consensus clean; awaits fresh acceptance sample,n/a,,
SB-0533,functional,adj.,функціональний,"Корисний; служіння меті, виконання функції.",r2-reconciliation,P2,pos-alignment,high,R2 A/B reconciliation (union-defect roster),present,definitionUa,"Практичний, корисний або здатний виконувати призначену функцію."
SB-0534,fundraising,n.,збір коштів,Процес збору грошей шляхом запитів пожертвувань від приватних осіб і компаній.,consensus-clean,consensus-clean-candidate,,,R2 Pass A/B consensus clean; awaits fresh acceptance sample,n/a,,
SB-0535,funeral,n.,похорон,"Церемонія вшанування та пам’яті померлої людини, яка часто відрізняється від панахиди присутністю тіла померлого.",consensus-clean,consensus-clean-candidate,,,R2 Pass A/B consensus clean; awaits fresh acceptance sample,n/a,,
SB-0537,gambling,n.,азартні ігри,"Діяльність, що характеризується балансом між виграшем і програшем, що регулюється сумішшю навичок і випадковості, як правило, із ставкою на результат.",r2-reconciliation,clean-candidate,,medium,R2 A/B reconciliation (union-defect roster),n/a,,
SB-0539,gaze,"n., v.",погляд,Дивитися пильно або серйозно.,r2-reconciliation,P1,pos-alignment,high,R2 A/B reconciliation (union-defect roster),present,both,ua: пильний погляд; пильно дивитися | definitionUa: Тривалий уважний погляд; також довго й уважно дивитися.
SB-0542,genocide,n.,геноцид,"Систематичне та умисне знищення групи людей; як правило, вбиваючи значну кількість з них на основі їхньої етнічної приналежності, релігії чи національності.",r2-reconciliation,P2,grammar-syntax,high,R2 A/B reconciliation (union-defect roster),present,definitionUa,"Умисне систематичне знищення людей через їхню етнічну належність, релігію, національність або іншу групову ознаку."
SB-0543,glance,"n., v.",погляд,"Звернути (очі чи погляд) на щось, часто ненадовго.",r2-reconciliation,P1,pos-alignment,high,R2 A/B reconciliation (union-defect roster),present,both,ua: швидкий погляд; швидко глянути | definitionUa: Короткий погляд; також швидко подивитися на когось або щось.
SB-0545,glorious,adj.,славний,"Демонстрація атрибутів, якостей або вчинків, які гідні чи отримують славу.",r2-reconciliation,P1,pos-alignment,high,R2 A/B reconciliation (union-defect roster),present,definitionUa,"Такий, що заслуговує великої слави або викликає захоплення."
SB-0546,glory,n.,слава,"Честь, захоплення чи відзнака, надані особі чи речі за спільною згодою; висока репутація; відомість.",consensus-clean,consensus-clean-candidate,,,R2 Pass A/B consensus clean; awaits fresh acceptance sample,n/a,,
SB-0547,governance,n.,управління,"Процес, або сила, управління; уряд або адміністрація.",r2-reconciliation,P1,grammar-syntax,high,R2 A/B reconciliation (union-defect roster),present,definitionUa,"Система й процеси, за допомогою яких організацією або державою керують і контролюють її діяльність."
SB-0550,grave (for dead person),n.,могила,"Місце в землі, де поховано померлу людину.",consensus-clean,consensus-clean-candidate,,,R2 Pass A/B consensus clean; awaits fresh acceptance sample,n/a,,
SB-0551,grave (serious),adj.,серйозний; тяжкий,"Надзвичайно серйозний, небезпечний або такий, що викликає значне занепокоєння.",consensus-clean,consensus-clean-candidate,,,R2 Pass A/B consensus clean; awaits fresh acceptance sample,n/a,,
SB-0553,grid,n.,сітка,"Система доставки електроенергії, що складається з різних підстанцій, трансформаторів і генераторів, з'єднаних дротом.",consensus-clean,consensus-clean-candidate,,,R2 Pass A/B consensus clean; awaits fresh acceptance sample,n/a,,
SB-0556,grind,v.,молоти,Розрізати на дрібніші шматки шляхом подрібнення бічними рухами.,part1-floor,P1,semantic-pedagogical,high,Codex seed-20260914 blinded acceptance challenge,absent,,
SB-0559,guerrilla,n.,партизан,"Солдат у невеликій незалежній групі, який бореться проти уряду чи регулярних сил шляхом раптових набігів.",consensus-clean,consensus-clean-candidate,,,R2 Pass A/B consensus clean; awaits fresh acceptance sample,n/a,,
SB-0560,guidance,n.,керівництво,Порада або консультація з якоїсь теми.,consensus-clean,consensus-clean-candidate,,,R2 Pass A/B consensus clean; awaits fresh acceptance sample,n/a,,
SB-0561,guilt,n.,вина,Відповідальність за протиправні дії.,consensus-clean,consensus-clean-candidate,,,R2 Pass A/B consensus clean; awaits fresh acceptance sample,n/a,,
SB-0562,gut,n.,кишка,"Травний тракт, особливо кишечник.",consensus-clean,consensus-clean-candidate,,,R2 Pass A/B consensus clean; awaits fresh acceptance sample,n/a,,
SB-0564,halfway,adv.,на півдорозі,Половина шляху між двома точками.,consensus-clean,consensus-clean-candidate,,,R2 Pass A/B consensus clean; awaits fresh acceptance sample,n/a,,
SB-0566,handful,n.,жменя,"Кількість, яку рука може схопити або вмістити.",consensus-clean,consensus-clean-candidate,,,R2 Pass A/B consensus clean; awaits fresh acceptance sample,n/a,,
SB-0567,handling,n.,поводження,"Торкатися, контролювати, керувати, використовувати, піклуватися тощо рукою або руками або як руками.",r2-reconciliation,P1,grammar-syntax,high,R2 A/B reconciliation (union-defect roster),present,definitionUa,"Спосіб поводження з предметом, ситуацією або питанням; керування чи оброблення."
SB-0568,handy,adj.,зручний,"Простий у використанні, корисний.",consensus-clean,consensus-clean-candidate,,,R2 Pass A/B consensus clean; awaits fresh acceptance sample,n/a,,
SB-0571,harmony,n.,гармонія,Договір чи згода.,part1-floor,P1,semantic-pedagogical-error,high,R1-listed defect; severity normalized to P1 by Codex acceptance review,present,definitionUa,Злагода або співзвуччя; погодженість.
SB-0573,harvest,"n., v.",урожай,Принести врожай; жати; підбирати.,r2-reconciliation,P1,pos-alignment,high,R2 A/B reconciliation (union-defect roster),present,both,ua: урожай; збирати врожай | definitionUa: Зібрані сільськогосподарські культури; також збирати їх після дозрівання.
SB-0574,hatred,n.,ненависть,Сильна відраза; сильна неприязнь.,consensus-clean,consensus-clean-candidate,,,R2 Pass A/B consensus clean; awaits fresh acceptance sample,n/a,,
SB-0575,haunt,v.,переслідувати,Населяти або часто відвідувати (найчастіше використовується стосовно привидів).,consensus-clean,consensus-clean-candidate,,,R2 Pass A/B consensus clean; awaits fresh acceptance sample,n/a,,
SB-0578,heritage,n.,спадщина,"традиція; практика або набір цінностей, які передаються від попередніх поколінь через сім’ї або через інституційну пам’ять.",consensus-clean,consensus-clean-candidate,,,R2 Pass A/B consensus clean; awaits fresh acceptance sample,n/a,,
SB-0579,hierarchy,n.,ієрархія,"Соціальна, релігійна, економічна чи політична система або організація, в якій люди або групи людей перевищують інших на основі їхнього статусу, авторитету чи інших рис.",consensus-clean,consensus-clean-candidate,,,R2 Pass A/B consensus clean; awaits fresh acceptance sample,n/a,,
SB-0580,high-profile,adj.,гучний,Важливий або добре розрекламований.,consensus-clean,consensus-clean-candidate,,,R2 Pass A/B consensus clean; awaits fresh acceptance sample,n/a,,
SB-0581,hint,"n., v.",підказка,Мати на увазі без прямого твердження; щоб надати підказку.,r2-reconciliation,P1,pos-alignment,high,R2 A/B reconciliation (union-defect roster),present,both,ua: натяк; натякати | definitionUa: Непряма підказка; також давати зрозуміти щось без прямого твердження.
SB-0582,homeland,n.,батьківщина,"Країна, яку людина вважає домом.",consensus-clean,consensus-clean-candidate,,,R2 Pass A/B consensus clean; awaits fresh acceptance sample,n/a,,
SB-0585,horizon,n.,горизонт,"Видима горизонтальна лінія (у всіх напрямках), де небо, здається, зустрічається з землею на відстані.",consensus-clean,consensus-clean-candidate,,,R2 Pass A/B consensus clean; awaits fresh acceptance sample,n/a,,
SB-0586,horn,n.,ріг,"Твердий наріст кератину, який виступає з верхньої частини голови певних тварин, як правило, парний.",consensus-clean,consensus-clean-candidate,,,R2 Pass A/B consensus clean; awaits fresh acceptance sample,n/a,,
SB-0587,hostage,n.,заручник,"Особа, захоплена з метою примусити іншу сторону діяти (або утримуватися від дій) певним чином через загрозу заподіяння шкоди заручнику.",consensus-clean,consensus-clean-candidate,,,R2 Pass A/B consensus clean; awaits fresh acceptance sample,n/a,,
SB-0588,hostile,adj.,ворожий,Не доброзичливий; відповідний ворогові; показ розташування ворога; прояв злої волі та зловмисності або бажання перешкодити та завдати шкоди.,r2-reconciliation,P1,semantic-fidelity,high,R2 A/B reconciliation (union-defect roster),present,definitionUa,"Недружній або ворожий; такий, що виявляє злу волю чи бажання завдати шкоди."
SB-0589,hostility,n.,ворожість,Стан ворожості.,consensus-clean,consensus-clean-candidate,,,R2 Pass A/B consensus clean; awaits fresh acceptance sample,n/a,,
SB-0590,humanitarian,adj.,гуманітарний,Що стосується добробуту людей.,consensus-clean,consensus-clean-candidate,,,R2 Pass A/B consensus clean; awaits fresh acceptance sample,n/a,,
SB-0591,humanity,n.,людство,Людство; люди як група.,consensus-clean,consensus-clean-candidate,,,R2 Pass A/B consensus clean; awaits fresh acceptance sample,n/a,,
SB-0592,humble,adj.,скромний,"Мати низьку думку про себе; не гордий, зарозумілий або самовпевнений; скромний.",r2-reconciliation,P2,semantic-fidelity,high,R2 A/B reconciliation (union-defect roster),present,definitionUa,Скромний і не схильний вважати себе кращим за інших.
SB-0593,hydrogen,n.,водень,"Найлегший хімічний елемент (символ H), з атомним номером 1 і атомною вагою 1,008.",consensus-clean,consensus-clean-candidate,,,R2 Pass A/B consensus clean; awaits fresh acceptance sample,n/a,,
SB-0595,ideological,adj.,ідеологічний,Що стосується однієї чи кількох ідеологій.,consensus-clean,consensus-clean-candidate,,,R2 Pass A/B consensus clean; awaits fresh acceptance sample,n/a,,
SB-0596,ideology,n.,ідеологія,"Доктрина, філософія, сукупність переконань або принципів, що належать окремій особі чи групі.",consensus-clean,consensus-clean-candidate,,,R2 Pass A/B consensus clean; awaits fresh acceptance sample,n/a,,
SB-0598,ignorance,n.,незнання,Стан необізнаності або неосвіченості; брак знань або інформації.,consensus-clean,consensus-clean-candidate,,,R2 Pass A/B consensus clean; awaits fresh acceptance sample,n/a,,
SB-0599,imagery,n.,зображення,"Риторичне оформлення в письмовій чи усній формі; яскраві описи, що представляють або навіюють образи чуттєвих об'єктів; фігури в дискурсі.",r2-reconciliation,P1,semantic-fidelity,high,R2 A/B reconciliation (union-defect roster),present,both,"ua: образність; образи | definitionUa: Виразні мовні образи й описи, що викликають чуттєві уявлення."
SB-0600,immense,adj.,величезний,"Величезний, гігантський, дуже великий.",consensus-clean,consensus-clean-candidate,,,R2 Pass A/B consensus clean; awaits fresh acceptance sample,n/a,,
SB-0602,implementation,n.,впровадження,"Процес переходу ідеї від концепції до реальності. У бізнесі, інженерії та інших сферах реалізація відноситься до процесу будівництва, а не до процесу проектування.",r2-reconciliation,P1,calque-russianism,high,R2 A/B reconciliation (union-defect roster),present,definitionUa,"Процес практичного здійснення плану, ідеї, системи або рішення."
SB-0605,inability,n.,неспроможність,Відсутність вміння щось робити; недієздатність.,consensus-clean,consensus-clean-candidate,,,R2 Pass A/B consensus clean; awaits fresh acceptance sample,n/a,,
SB-0610,inclusion,n.,включення,"Акт включення, тобто додавання або анексування (чогось) до групи, набору або сукупності.",consensus-clean,consensus-clean-candidate,,,R2 Pass A/B consensus clean; awaits fresh acceptance sample,n/a,,
SB-0611,incur,v.,понести,"Накликати на себе або піддаватися, особливо чомусь незручному, шкідливому чи обтяжливому; стати відповідальним або підлягати.",consensus-clean,consensus-clean-candidate,,,R2 Pass A/B consensus clean; awaits fresh acceptance sample,n/a,,
SB-0614,indigenous,adj.,корінний,"Народився або походить з країни чи регіону, особливо до вторгнення.",r2-reconciliation,P1,pos-alignment,high,R2 A/B reconciliation (union-defect roster),present,definitionUa,"Корінний для певної країни чи регіону; такий, що походить звідти природно або історично."
SB-0619,infant,n.,немовля,"Дуже молода людська істота, від народження до віку від шести місяців до двох років після народження, яка потребує майже постійного догляду та уваги.",part1-floor,P2,semantic-scope,medium,Codex seed-20260914 blinded acceptance challenge,absent,,
SB-0620,infect,v.,заразити,"Привести (тіло або його частину) в контакт з речовиною, що викликає хворобу (збудником), щоб збудник почав діяти на організм;",r2-reconciliation,P2,ui-formatting,high,R2 A/B reconciliation (union-defect roster),present,definitionUa,"Заразити організм збудником хвороби, щоб той почав у ньому розмножуватися або діяти."
SB-0622,influential,adj.,впливовий,Володіння чи здійснення впливу.,r2-reconciliation,P2,pos-alignment,high,R2 A/B reconciliation (union-defect roster),present,definitionUa,"Такий, що має значний вплив на людей або події."
SB-0623,inherent,adj.,властивий,"Природно, як частина або наслідок чогось.",r2-reconciliation,P2,grammar-syntax,high,R2 A/B reconciliation (union-defect roster),present,definitionUa,Властивий чомусь від природи й невіддільний від нього.
SB-0626,inject,v.,вводити,"Робити ін’єкцію (комусь або чомусь), особливо ліків або наркотиків.",consensus-clean,consensus-clean-candidate,,,R2 Pass A/B consensus clean; awaits fresh acceptance sample,n/a,,
SB-0628,injustice,n.,несправедливість,Порушення прав іншої людини чи людей.,consensus-clean,consensus-clean-candidate,,,R2 Pass A/B consensus clean; awaits fresh acceptance sample,n/a,,
SB-0629,inmate,n.,в'язень,"Особа, яка перебуває в установі, наприклад, в’язниці (як засуджений) або лікарні (як пацієнт).",consensus-clean,consensus-clean-candidate,,,R2 Pass A/B consensus clean; awaits fresh acceptance sample,n/a,,
SB-0630,insertion,n.,вставка,Акт вставки або щось вставлене.,consensus-clean,consensus-clean-candidate,,,R2 Pass A/B consensus clean; awaits fresh acceptance sample,n/a,,
SB-0631,insider,n.,інсайдер,"Особа, яка володіє спеціальними знаннями про внутрішню роботу групи, організації чи установи.",consensus-clean,consensus-clean-candidate,,,R2 Pass A/B consensus clean; awaits fresh acceptance sample,n/a,,
SB-0632,inspect,v.,оглядати,Вивчати критично або уважно; особливо для пошуку проблем або визначення стану; придивлятися.,consensus-clean,consensus-clean-candidate,,,R2 Pass A/B consensus clean; awaits fresh acceptance sample,n/a,,
SB-0633,inspection,n.,огляд,"Акт вивчення чогось, часто уважно.",consensus-clean,consensus-clean-candidate,,,R2 Pass A/B consensus clean; awaits fresh acceptance sample,n/a,,
SB-0634,inspiration,n.,натхнення,"Акт або процес піднесення чи стимулювання впливу на інтелект, емоції чи творчість.",r2-reconciliation,P1,grammar-syntax,high,R2 A/B reconciliation (union-defect roster),present,definitionUa,"Вплив або ідея, що спонукає до творчості, дії чи нового задуму."
SB-0635,instinct,n.,інстинкт,Природний або вроджений імпульс або поведінка.,consensus-clean,consensus-clean-candidate,,,R2 Pass A/B consensus clean; awaits fresh acceptance sample,n/a,,
SB-0636,institutional,adj.,інституційний,"З, відноситься до, характерний або організований за принципами установи.",r2-reconciliation,P1,calque-russianism,high,R2 A/B reconciliation (union-defect roster),present,definitionUa,Пов’язаний з установою або характерний для неї.
SB-0639,insufficient,adj.,недостатній,"Недостатньо; типу або виду, якого недостатньо, який не задовольняє вимоги чи потреби.",r2-reconciliation,P1,pos-alignment,high,R2 A/B reconciliation (union-defect roster),present,definitionUa,"Такий, якого замало для задоволення вимог або потреб."
SB-0642,intake,n.,споживання,Прийнята кількість.,r2-reconciliation,P2,pedagogical-definition,high,R2 A/B reconciliation (union-defect roster),present,definitionUa,"Кількість їжі, напою, повітря або іншої речовини, яку споживає чи приймає організм."
SB-0644,integrated,adj.,інтегрований,"складений і скоординований, щоб утворити ціле",r2-reconciliation,P2,ui-formatting,high,R2 A/B reconciliation (union-defect roster),present,definitionUa,"Складений і скоординований так, щоб утворювати єдине ціле."
SB-0647,intellectual,n.,інтелектуал,"Розумна, вчена людина, особливо та, яка говорить про вчені питання.",part1-floor,P1,semantic-pedagogical-error,medium,R1-listed defect; severity normalized to P1 by Codex acceptance review,present,definitionUa,"Розумна, освічена людина, особливо та, яка займається інтелектуальною працею."
SB-0648,intensify,v.,посилити,Стати інтенсивним або більш інтенсивним; діяти зі зростаючою силою чи енергією.,consensus-clean,consensus-clean-candidate,,,R2 Pass A/B consensus clean; awaits fresh acceptance sample,n/a,,
SB-0649,intensity,n.,інтенсивність,Якість інтенсивності.,r2-reconciliation,P2,pedagogical-definition,high,R2 A/B reconciliation (union-defect roster),present,definitionUa,"Ступінь сили, яскравості або вираженості чогось."
SB-0650,intensive,adj.,інтенсивний,Виконується з інтенсивністю або значною мірою; ретельний.,consensus-clean,consensus-clean-candidate,,,R2 Pass A/B consensus clean; awaits fresh acceptance sample,n/a,,
SB-0651,intent,n.,намір,Щось призначене.,part1-floor,P1,semantic-pedagogical,high,Codex seed-20260914 blinded acceptance challenge,absent,,
SB-0652,interactive,adj.,інтерактивний,Пропозиція або залучення взаємодії з користувачем.,part1-floor,P1,pos-morphology,high,Codex seed-20260914 blinded acceptance challenge,absent,,
SB-0653,interface,n.,інтерфейс,Точка взаємозв'язку між системами або підсистемами.,consensus-clean,consensus-clean-candidate,,,R2 Pass A/B consensus clean; awaits fresh acceptance sample,n/a,,
SB-0654,interfere,v.,заважати,"Вплутуватися або втягуватись, завдаючи занепокоєння.",r2-reconciliation,P2,idiomatic-ukrainian,high,R2 A/B reconciliation (union-defect roster),present,definitionUa,"Втручатися в ситуацію так, що це заважає або створює проблеми."
SB-0656,interim,adj.,тимчасовий,Тимчасовий.,consensus-clean,consensus-clean-candidate,,,R2 Pass A/B consensus clean; awaits fresh acceptance sample,n/a,,
SB-0658,intermediate,adj.,проміжний,Знаходження між двома крайнощами або в середині діапазону.,r2-reconciliation,P1,calque-russianism,high,R2 A/B reconciliation (union-defect roster),present,definitionUa,"Розташований або такий, що перебуває між двома рівнями чи крайнощами."
SB-0659,intervene,v.,втручатися,"Втягнутися в ситуацію, щоб змінити або запобігти дії. [з в]",part1-floor,P1,other,medium,R1-listed defect; severity normalized to P1 by Codex acceptance review,present,definitionUa,"Втрутитися в ситуацію, щоб змінити або запобігти дії."
SB-0662,intriguing,adj.,інтригуючий,Викликання бажання знати більше; таємничий.,r2-reconciliation,P2,pos-alignment,high,R2 A/B reconciliation (union-defect roster),present,definitionUa,"Такий, що викликає цікавість і бажання дізнатися більше."
SB-0664,invisible,adj.,невидимий,Неможливо побачити; з поля зору; не видно.,r2-reconciliation,P2,grammar-syntax,high,R2 A/B reconciliation (union-defect roster),present,definitionUa,"Такий, якого неможливо побачити або який перебуває поза полем зору."
SB-0668,ironically,adv.,іронічно,В іронічній манері; певною мірою демонструючи іронію.,consensus-clean,consensus-clean-candidate,,,R2 Pass A/B consensus clean; awaits fresh acceptance sample,n/a,,
SB-0671,isolation,n.,ізоляція,"Стан ізольованості, відчуженості або відокремленості; стан віддаленості від інших людей.",consensus-clean,consensus-clean-candidate,,,R2 Pass A/B consensus clean; awaits fresh acceptance sample,n/a,,
SB-0672,judicial,adj.,судовий,Що стосується відправлення правосуддя.,consensus-clean,consensus-clean-candidate,,,R2 Pass A/B consensus clean; awaits fresh acceptance sample,n/a,,
SB-0674,jurisdiction,n.,юрисдикція,"Влада, право чи повноваження тлумачити та застосовувати закон.",consensus-clean,consensus-clean-candidate,,,R2 Pass A/B consensus clean; awaits fresh acceptance sample,n/a,,
SB-0676,justification,n.,виправдання,"Причина, пояснення або виправдання, які, на думку когось, надають переконливу, морально прийнятну підтримку для поведінки, віри чи події.",consensus-clean,consensus-clean-candidate,,,R2 Pass A/B consensus clean; awaits fresh acceptance sample,n/a,,
SB-0678,kidney,n.,нирка,"Орган в організмі, який фільтрує кров, утворюючи сечу.",consensus-clean,consensus-clean-candidate,,,R2 Pass A/B consensus clean; awaits fresh acceptance sample,n/a,,
SB-0681,landlord,n.,орендодавець,"Особа, яка здає в оренду нерухоме майно; орендодавець.",consensus-clean,consensus-clean-candidate,,,R2 Pass A/B consensus clean; awaits fresh acceptance sample,n/a,,
SB-0685,laser,n.,лазер,"Пристрій, який створює монохроматичний когерентний пучок світла.",consensus-clean,consensus-clean-candidate,,,R2 Pass A/B consensus clean; awaits fresh acceptance sample,n/a,,
SB-0687,lawn,n.,газон,"Земля (зазвичай перед або навколо будинку), вкрита травою, ретельно підкошена.",consensus-clean,consensus-clean-candidate,,,R2 Pass A/B consensus clean; awaits fresh acceptance sample,n/a,,
SB-0688,lawsuit,n.,позов,"У цивільному праві — справа, у якій двоє або більше людей не погоджуються, і одна або більше сторін передають справу до суду для вирішення.",consensus-clean,consensus-clean-candidate,,,R2 Pass A/B consensus clean; awaits fresh acceptance sample,n/a,,
SB-0689,layout,n.,макет,Структуроване розташування елементів у певних межах.,consensus-clean,consensus-clean-candidate,,,R2 Pass A/B consensus clean; awaits fresh acceptance sample,n/a,,
SB-0692,legacy,n.,спадок,Щось успадковане від попередника чи минулого.,consensus-clean,consensus-clean-candidate,,,R2 Pass A/B consensus clean; awaits fresh acceptance sample,n/a,,
SB-0693,legendary,adj.,легендарний,"Маючи неймовірну велич; чудовий до такої міри, щоб викликати історії.",r2-reconciliation,P2,idiomatic-ukrainian,high,R2 A/B reconciliation (union-defect roster),present,definitionUa,"Надзвичайно відомий або визначний, гідний легенд."
SB-0694,legislation,n.,законодавство,"Закон, прийнятий законодавчим або іншим керівним органом.",r2-reconciliation,P1,semantic-fidelity,high,R2 A/B reconciliation (union-defect roster),present,definitionUa,Сукупність законів або процес їх ухвалення законодавчим органом.
SB-0695,legislative,adj.,законодавчий,Створення закону або законів або наявність повноважень приймати закони; правотворчість.,r2-reconciliation,P1,pos-alignment,high,R2 A/B reconciliation (union-defect roster),present,definitionUa,Пов’язаний з ухваленням законів або наділений повноваженнями їх ухвалювати.
SB-0697,legitimate,adj.,законний,Відповідно до закону або встановлених правових форм і вимог.,consensus-clean,consensus-clean-candidate,,,R2 Pass A/B consensus clean; awaits fresh acceptance sample,n/a,,
SB-0700,lesser,adj.,менший,"З двох (або, рідше, більше двох) речей: меншої за розміром (менше), за цінністю, за важливістю тощо.",r2-reconciliation,P2,grammar-syntax,high,R2 A/B reconciliation (union-defect roster),present,definitionUa,"Менший за розміром, цінністю або важливістю з двох чи кількох предметів."
SB-0704,liberation,n.,звільнення,Акт звільнення або стан звільнення.,consensus-clean,consensus-clean-candidate,,,R2 Pass A/B consensus clean; awaits fresh acceptance sample,n/a,,
SB-0709,limb,n.,кінцівка,"Основний відросток людини або тварини, який використовується для пересування (наприклад, рука, нога або крило).",consensus-clean,consensus-clean-candidate,,,R2 Pass A/B consensus clean; awaits fresh acceptance sample,n/a,,
SB-0710,linear,adj.,лінійний,Має форму лінії; прямі або приблизно прямі; за прямим курсом.,part1-floor,P1,grammar-syntax,high,Codex seed-20260914 blinded acceptance challenge,absent,,
SB-0711,line-up,n.,склад учасників; програма,"Склад людей або виконавців, які беруть участь у події, команді чи програмі.",consensus-clean,consensus-clean-candidate,,,R2 Pass A/B consensus clean; awaits fresh acceptance sample,n/a,,
SB-0713,listing,n.,список,Запис у списку або каталозі.,consensus-clean,consensus-clean-candidate,,,R2 Pass A/B consensus clean; awaits fresh acceptance sample,n/a,,
SB-0714,literacy,n.,грамотність,Уміння читати і писати.,consensus-clean,consensus-clean-candidate,,,R2 Pass A/B consensus clean; awaits fresh acceptance sample,n/a,,
SB-0715,liver,n.,печінка,"Великий орган в організмі, який зберігає та метаболізує поживні речовини, знищує токсини та виробляє жовч. Він відповідає за тисячі біохімічних реакцій.",consensus-clean,consensus-clean-candidate,,,R2 Pass A/B consensus clean; awaits fresh acceptance sample,n/a,,
SB-0718,logic,n.,логіка,"Метод людського мислення, який передбачає лінійне, поетапне мислення про те, як можна вирішити проблему. Логіка є основою багатьох принципів, включаючи науковий метод.",r2-reconciliation,P1,semantic-fidelity,high,R2 A/B reconciliation (union-defect roster),present,definitionUa,Система принципів правильного міркування та встановлення обґрунтованих висновків.
SB-0719,long-standing,adj.,давній,Існуючи тривалий час; тривалого існування.,r2-reconciliation,P2,pos-alignment,high,R2 A/B reconciliation (union-defect roster),present,definitionUa,"Такий, що існує або триває протягом тривалого часу."
SB-0720,long-time,adj.,давній,"Такий, що існує, триває або виконує певну роль протягом тривалого часу.",consensus-clean,consensus-clean-candidate,,,R2 Pass A/B consensus clean; awaits fresh acceptance sample,n/a,,
SB-0723,loyalty,n.,вірність,"Вірність або відданість якійсь людині, справі чи нації.",consensus-clean,consensus-clean-candidate,,,R2 Pass A/B consensus clean; awaits fresh acceptance sample,n/a,,
SB-0724,machinery,n.,машини,"Машини, що складають виробничий апарат на заводі тощо, разом.",part1-floor,P1,grammar-calque-fragment,high,R1-listed defect; severity normalized to P1 by Codex acceptance review,present,definitionUa,"Машини, що разом складають виробничий апарат заводу тощо."
SB-0726,magistrate,n.,суддя,"Судовий службовець з обмеженими повноваженнями для адміністрування та забезпечення виконання закону. Магістратський суд може мати юрисдикцію в цивільних або кримінальних справах, або в обох.",consensus-clean,consensus-clean-candidate,,,R2 Pass A/B consensus clean; awaits fresh acceptance sample,n/a,,
SB-0728,magnitude,n.,величина,"Абсолютний або відносний розмір, ступінь або важливість чогось.",consensus-clean,consensus-clean-candidate,,,R2 Pass A/B consensus clean; awaits fresh acceptance sample,n/a,,
SB-0729,mainland,n.,материк,"Континент; основна земля, на відміну від островів або півострова.",consensus-clean,consensus-clean-candidate,,,R2 Pass A/B consensus clean; awaits fresh acceptance sample,n/a,,
SB-0730,mainstream,"n., adj.",мейнстрим; загальноприйнятий напрям,"Те, що загальне; норма.",consensus-clean,consensus-clean-candidate,,,R2 Pass A/B consensus clean; awaits fresh acceptance sample,n/a,,
SB-0732,mandate,n.,мандат; офіційні повноваження,Офіційна або авторитетна команда; наказ чи розпорядження; комісія; судовий припис; дозвіл.,consensus-clean,consensus-clean-candidate,,,R2 Pass A/B consensus clean; awaits fresh acceptance sample,n/a,,
SB-0733,mandatory,adj.,обов'язковий,обов'язковий; вимагається або наказується владою.,r2-reconciliation,P2,ui-formatting,high,R2 A/B reconciliation (union-defect roster),present,definitionUa,"Такий, що вимагається правилом, законом або наказом уповноваженого органу."
SB-0736,manipulation,n.,маніпуляція,Практика маніпулювання або стан маніпулювання.,r2-reconciliation,P2,pedagogical-definition,high,R2 A/B reconciliation (union-defect roster),present,definitionUa,Прихований або нечесний вплив на людину чи ситуацію для досягнення власної мети.
SB-0737,manuscript,n.,рукопис,"Книга, твір або будь-який інший документ, написаний від руки (або машинописний), не відтворений механічно.",part1-floor,P2,semantic-scope,medium,Codex seed-20260914 blinded acceptance challenge,absent,,
SB-0740,marine,adj.,морський,Приналежність або характеристика моря; існуючі або знайдені в морі; утворені або вироблені морем.,r2-reconciliation,P1,grammar-syntax,high,R2 A/B reconciliation (union-defect roster),present,definitionUa,"Пов’язаний із морем; такий, що існує, утворюється або відбувається в морі."
SB-0741,marketplace,n.,ринок,Світ комерції та торгівлі.,consensus-clean,consensus-clean-candidate,,,R2 Pass A/B consensus clean; awaits fresh acceptance sample,n/a,,
SB-0742,mask,n.,маска,"Покриття, або часткове покриття, для обличчя, яке використовується для маскування або захисту.",consensus-clean,consensus-clean-candidate,,,R2 Pass A/B consensus clean; awaits fresh acceptance sample,n/a,,
SB-0743,massacre,n.,різанина,"Вбивство значної кількості (зазвичай обмежене людьми), де спротив чинити незначний або взагалі відсутній, із застосуванням невибіркового насильства, без необхідності та/або всупереч цивілізованим нормам.",consensus-clean,consensus-clean-candidate,,,R2 Pass A/B consensus clean; awaits fresh acceptance sample,n/a,,
SB-0746,maximize,v.,максимізувати,Зробити якомога більшим.,consensus-clean,consensus-clean-candidate,,,R2 Pass A/B consensus clean; awaits fresh acceptance sample,n/a,,
SB-0747,meaningful,adj.,значущий,"Має значення, значний.",consensus-clean,consensus-clean-candidate,,,R2 Pass A/B consensus clean; awaits fresh acceptance sample,n/a,,
SB-0748,meantime,n.,тим часом,"Час, витрачений на очікування іншої події; час між ними.",r2-reconciliation,P1,pos-alignment,high,R2 A/B reconciliation (union-defect roster),present,both,ua: проміжний час | definitionUa: Період між двома подіями або до настання очікуваної події.
SB-0749,medieval,adj.,середньовічний,"Середньовіччя або пов’язане з ним, період приблизно з 500 до 1500 року нашої ери.",part1-floor,P1,pos-morphology-mismatch,medium,R1-listed defect; severity normalized to P1 by Codex acceptance review,present,definitionUa,"Такий, що стосується Середньовіччя (приблизно 500–1500 рр. н.е.) або пов'язаний з ним."
SB-0751,melody,n.,мелодія,"Послідовність нот, що складає музичну фразу.",consensus-clean,consensus-clean-candidate,,,R2 Pass A/B consensus clean; awaits fresh acceptance sample,n/a,,
SB-0752,memo,n.,записка,Коротка записка; меморандум.,consensus-clean,consensus-clean-candidate,,,R2 Pass A/B consensus clean; awaits fresh acceptance sample,n/a,,
SB-0753,memoir,n.,мемуари,"автобіографія; книга, що описує особистий досвід автора.",r2-reconciliation,P2,ui-formatting,high,R2 A/B reconciliation (union-defect roster),present,definitionUa,"Автобіографічна книга, у якій автор описує власний досвід і спогади."
SB-0754,memorial,n.,меморіал,"Щось, наприклад пам'ятник, яким хтось або щось згадується.",r2-reconciliation,P2,calque-russianism,high,R2 A/B reconciliation (union-defect roster),present,definitionUa,"Об’єкт або споруда, створені на пам’ять про людину чи подію."
SB-0755,mentor,n.,ментор,Мудрий і надійний порадник або вчитель.,consensus-clean,consensus-clean-candidate,,,R2 Pass A/B consensus clean; awaits fresh acceptance sample,n/a,,
SB-0756,merchant,n.,купець,"Людина, яка торгує товарами з метою отримання прибутку.",consensus-clean,consensus-clean-candidate,,,R2 Pass A/B consensus clean; awaits fresh acceptance sample,n/a,,
SB-0757,mercy,n.,милосердя,"Прощення або співчуття, особливо до тих, кому пощастило менше.",consensus-clean,consensus-clean-candidate,,,R2 Pass A/B consensus clean; awaits fresh acceptance sample,n/a,,
SB-0760,merge,v.,злити,Поєднати в ціле.,consensus-clean,consensus-clean-candidate,,,R2 Pass A/B consensus clean; awaits fresh acceptance sample,n/a,,
SB-0761,merger,n.,злиття,"Юридичне об’єднання двох або більше корпорацій в одну юридичну особу, активи та зобов’язання, як правило, бере на себе сторона-покупець.",r2-reconciliation,P1,grammar-syntax,high,R2 A/B reconciliation (union-defect roster),present,definitionUa,"Юридичне об’єднання двох або більше компаній в одну, за якого активи й зобов’язання переходять до об’єднаної компанії."
SB-0762,merit,n.,заслуга,"Щось, що заслуговує або гідне позитивного визнання чи винагороди.",consensus-clean,consensus-clean-candidate,,,R2 Pass A/B consensus clean; awaits fresh acceptance sample,n/a,,
SB-0763,methodology,n.,методологія,"Набір методів, практик, процедур і правил, які використовують ті, хто працює в певній сфері.",consensus-clean,consensus-clean-candidate,,,R2 Pass A/B consensus clean; awaits fresh acceptance sample,n/a,,
SB-0764,midst,n.,посеред,Місце в середині чого-небудь; може використовуватися в буквальному або метафоричному значенні.,r2-reconciliation,P1,pos-alignment,high,R2 A/B reconciliation (union-defect roster),present,both,ua: середина; центр | definitionUa: Середня частина або оточення чогось; часто у вислові «посеред чогось».
SB-0765,migration,n.,міграція,Випадок переїзду на деякий час жити в інше місце.,r2-reconciliation,P2,sense-coverage,high,R2 A/B reconciliation (union-defect roster),present,definitionUa,"Переміщення людей або тварин з одного місця до іншого, тимчасове чи постійне."
SB-0768,mill,n.,млин,"Пристрій для подрібнення таких речовин, як зерно, насіння тощо (деякі малі та прості, а інші великі та складні).",consensus-clean,consensus-clean-candidate,,,R2 Pass A/B consensus clean; awaits fresh acceptance sample,n/a,,
SB-0769,minimal,adj.,мінімальний,"Найменша можлива сума, кількість або ступінь.",r2-reconciliation,P2,pos-alignment,high,R2 A/B reconciliation (union-defect roster),present,definitionUa,"Найменший можливий за кількістю, розміром або ступенем."
SB-0770,minimize,v.,мінімізувати,Зробити (щось) менше або якомога менше; скорочуватися; зменшити.,consensus-clean,consensus-clean-candidate,,,R2 Pass A/B consensus clean; awaits fresh acceptance sample,n/a,,
SB-0771,mining,n.,видобуток,Діяльність із вилучення цінних ресурсів (часто мінералів) із землі.,consensus-clean,consensus-clean-candidate,,,R2 Pass A/B consensus clean; awaits fresh acceptance sample,n/a,,
SB-0774,miracle,n.,чудо,"Подія, яка здається незрозумілою за законами природи і тому вважається надприродною за походженням.",consensus-clean,consensus-clean-candidate,,,R2 Pass A/B consensus clean; awaits fresh acceptance sample,n/a,,
SB-0775,misery,n.,страждання,Велике нещастя; сильний біль тіла або розуму; убогість; дистрес; горе.,r2-reconciliation,P2,learner-register,high,R2 A/B reconciliation (union-defect roster),present,definitionUa,"Сильне фізичне або душевне страждання, горе чи крайнє нещастя."
SB-0776,misleading,adj.,оманливий,"Оманливий або схильний вводити в оману чи створювати хибне враження, навіть якщо технічно відповідає дійсності.",consensus-clean,consensus-clean-candidate,,,R2 Pass A/B consensus clean; awaits fresh acceptance sample,n/a,,
SB-0779,mobility,n.,мобільність,Здатність до пересування; здатність до руху.,consensus-clean,consensus-clean-candidate,,,R2 Pass A/B consensus clean; awaits fresh acceptance sample,n/a,,
SB-0782,modification,n.,модифікація,Результат модифікації чогось; нову або змінену форму.,r2-reconciliation,P1,grammar-syntax,high,R2 A/B reconciliation (union-defect roster),present,definitionUa,Зміна чогось або результат такої зміни; нова чи змінена форма.
SB-0784,monk,n.,чернець,"Чоловічий член чернечого ордену, який присвятив своє життя релігійному служінню.",consensus-clean,consensus-clean-candidate,,,R2 Pass A/B consensus clean; awaits fresh acceptance sample,n/a,,
SB-0787,motive,n.,мотив,"Стимул діяти певним чином; причина або емоція, яка спонукає щось зробити; все, що спонукає до вибору дії.",consensus-clean,consensus-clean-candidate,,,R2 Pass A/B consensus clean; awaits fresh acceptance sample,n/a,,
SB-0788,motorist,n.,автомобіліст,"Той, хто керує транспортним засобом.",consensus-clean,consensus-clean-candidate,,,R2 Pass A/B consensus clean; awaits fresh acceptance sample,n/a,,
SB-0789,municipal,adj.,муніципальний,"Муніципалітет або пов’язаний з муніципалітетом (місто чи корпорація, яка має право керувати місцевим урядом).",r2-reconciliation,P1,pos-alignment,high,R2 A/B reconciliation (union-defect roster),present,definitionUa,"Пов’язаний з містом, громадою або органом місцевого самоврядування."
SB-0790,mutual,adj.,взаємний,"Маючи однакові відносини, один до одного.",r2-reconciliation,P1,grammar-syntax,high,R2 A/B reconciliation (union-defect roster),present,definitionUa,"Спільний для двох чи більше сторін або такий, що діє взаємно."
SB-0791,namely,adv.,а саме,Зокрема; тобто.,consensus-clean,consensus-clean-candidate,,,R2 Pass A/B consensus clean; awaits fresh acceptance sample,n/a,,
SB-0792,nationwide,adj.,загальнонаціональний,Поширюється на всю націю.,consensus-clean,consensus-clean-candidate,,,R2 Pass A/B consensus clean; awaits fresh acceptance sample,n/a,,
SB-0794,neglect,"v., n.",нехтувати,Не дбати про щось або не звертати уваги.,r2-reconciliation,P1,pos-alignment,high,R2 A/B reconciliation (union-defect roster),present,both,ua: нехтування; нехтувати | definitionUa: Брак належної уваги чи догляду; також не дбати або не звертати уваги.
SB-0795,neighbouring,adj.,сусідній,Розташований поруч або поблизу іншого місця чи території.,consensus-clean,consensus-clean-candidate,,,R2 Pass A/B consensus clean; awaits fresh acceptance sample,n/a,,
SB-0796,nest,n.,гніздо,"Споруда, побудована птахом як місце для висиджування яєць і вирощування молодняку.",consensus-clean,consensus-clean-candidate,,,R2 Pass A/B consensus clean; awaits fresh acceptance sample,n/a,,
SB-0797,net,adj.,чистий,Залишок після витрат або відрахувань.,part1-floor,P1,pos-morphology-mismatch,high,R1-listed defect; severity normalized to P1 by Codex acceptance review,present,definitionUa,"Такий, що залишається після витрат або відрахувань; чистий (про суму)."
SB-0799,niche,n.,ніша,"Будь-яка позиція можливостей, для якої вона добре підходить, наприклад певний ринок у бізнесі.",r2-reconciliation,P1,grammar-syntax,high,R2 A/B reconciliation (union-defect roster),present,definitionUa,"Спеціалізована сфера або позиція, що добре відповідає певним здібностям чи потребам, зокрема сегмент ринку."
SB-0800,noble,adj.,благородний,"Наявність почесних якостей; мати моральну висоту та свободу від будь-чого дрібного, підлого чи сумнівного в поведінці та характері.",r2-reconciliation,P1,pos-alignment,high,R2 A/B reconciliation (union-defect roster),present,definitionUa,"Такий, що має високі моральні якості й не виявляє ницості чи підлості."
SB-0801,nod,v.,кивати,"Нахилити голову вгору-вниз, щоб показати згоду.",consensus-clean,consensus-clean-candidate,,,R2 Pass A/B consensus clean; awaits fresh acceptance sample,n/a,,
SB-0802,nominate,v.,номінувати,"Назвати когось кандидатом на певну роль або посаду, включно з посадою.",consensus-clean,consensus-clean-candidate,,,R2 Pass A/B consensus clean; awaits fresh acceptance sample,n/a,,
SB-0806,non-profit,adj.,неприбутковий,"Організація або діяльність, основною метою якої не є отримання прибутку.",r2-reconciliation,P2,pos-alignment,high,R2 A/B reconciliation (union-defect roster),present,definitionUa,"Такий, основною метою якого не є отримання прибутку."
SB-0807,nonsense,n.,нісенітниця,"Те, що є дурним, нелогічним і позбавленим будь-якого сенсу, причини чи цінності; те, що не має сенсу.",consensus-clean,consensus-clean-candidate,,,R2 Pass A/B consensus clean; awaits fresh acceptance sample,n/a,,
SB-0808,noon,n.,полудень,"Час доби, коли здається, що Сонце досягає найвищої точки на небі; сонячний полудень.",consensus-clean,consensus-clean-candidate,,,R2 Pass A/B consensus clean; awaits fresh acceptance sample,n/a,,
SB-0810,notably,adv.,особливо,Як яскравий приклад; помітним чином.,consensus-clean,consensus-clean-candidate,,,R2 Pass A/B consensus clean; awaits fresh acceptance sample,n/a,,
SB-0811,notify,v.,повідомляти,Повідомити (когось) (про якусь подію).,consensus-clean,consensus-clean-candidate,,,R2 Pass A/B consensus clean; awaits fresh acceptance sample,n/a,,
SB-0812,notorious,adj.,горезвісний,Про особу чи організацію: загально чи широко відома чимось негативним; сумно відомий.,r2-reconciliation,P1,grammar-syntax,high,R2 A/B reconciliation (union-defect roster),present,definitionUa,Широко відомий чимось поганим або ганебним.
SB-0821,odds,n.,шанси,"Відношення ймовірності події до ймовірності того, що вона не відбудеться.",consensus-clean,consensus-clean-candidate,,,R2 Pass A/B consensus clean; awaits fresh acceptance sample,n/a,,
SB-0822,offering,n.,пропозиція,"Акт, за допомогою якого щось пропонується.",consensus-clean,consensus-clean-candidate,,,R2 Pass A/B consensus clean; awaits fresh acceptance sample,n/a,,
SB-0823,offspring,n.,потомство,дочка чи син людини; дитина людини.,r2-reconciliation,P2,ui-formatting,high,R2 A/B reconciliation (union-defect roster),present,definitionUa,Дочка або син людини; її дитина чи нащадок.
SB-0825,opt,v.,обирати; робити вибір,Вибирати; вибрати.,consensus-clean,consensus-clean-candidate,,,R2 Pass A/B consensus clean; awaits fresh acceptance sample,n/a,,
SB-0827,optimism,n.,оптимізм,"схильність очікувати найкращого або, принаймні, сприятливого результату",r2-reconciliation,P2,ui-formatting,high,R2 A/B reconciliation (union-defect roster),present,definitionUa,Схильність очікувати найкращого або принаймні сприятливого результату.
SB-0833,outing,n.,виїзд,Прогулянка або екскурсія.,consensus-clean,consensus-clean-candidate,,,R2 Pass A/B consensus clean; awaits fresh acceptance sample,n/a,,
SB-0837,outsider,n.,сторонній,"Той, хто не є частиною спільноти чи організації.",consensus-clean,consensus-clean-candidate,,,R2 Pass A/B consensus clean; awaits fresh acceptance sample,n/a,,
SB-0839,overly,adv.,надмірно,У надмірній мірі.,consensus-clean,consensus-clean-candidate,,,R2 Pass A/B consensus clean; awaits fresh acceptance sample,n/a,,
SB-0840,oversee,v.,наглядати,"Контролювати, направляти, переглядати або керувати діями особи чи групи.",part1-floor,P1,semantic-pedagogical-error,medium,R1-listed defect; severity normalized to P1 by Codex acceptance review,present,definitionUa,"Наглядати, контролювати або керувати діями особи чи групи."
SB-0842,overwhelm,v.,переповнювати,Емоційно долати.,r2-reconciliation,P2,sense-coverage,high,R2 A/B reconciliation (union-defect roster),present,definitionUa,"Повністю долати силою, кількістю або сильними емоціями."
SB-0845,parameter,n.,параметр,"Значення, яке залишається постійним під час експерименту, рівняння, розрахунку чи подібного, але змінюється в інших версіях експерименту, рівняння, розрахунку тощо.",consensus-clean,consensus-clean-candidate,,,R2 Pass A/B consensus clean; awaits fresh acceptance sample,n/a,,
SB-0846,parental,adj.,батьківський,Що стосується одного з батьків.,consensus-clean,consensus-clean-candidate,,,R2 Pass A/B consensus clean; awaits fresh acceptance sample,n/a,,
SB-0847,parish,n.,парафія,"Адміністративна частина єпархії, яка має власну церкву.",consensus-clean,consensus-clean-candidate,,,R2 Pass A/B consensus clean; awaits fresh acceptance sample,n/a,,
SB-0848,parliamentary,adj.,парламентський,"З, пов’язані з парламентом або ухвалені ним.",r2-reconciliation,P1,grammar-syntax,high,R2 A/B reconciliation (union-defect roster),present,definitionUa,"Пов’язаний із парламентом, здійснюваний або ухвалений ним."
SB-0852,passive,adj.,пасивний,Піддаватися дії без реакції.,r2-reconciliation,P2,pos-alignment,high,R2 A/B reconciliation (union-defect roster),present,definitionUa,"Такий, що не діє активно або не чинить опору."
SB-0853,pastor,n.,пастор,Хтось із духовною владою над групою людей.,r2-reconciliation,P2,pedagogical-definition,high,R2 A/B reconciliation (union-defect roster),present,definitionUa,"Християнський священнослужитель, який очолює громаду або опікується нею."
SB-0854,patch,n.,латка,"Шматок тканини або іншого відповідного матеріалу, пришитий або іншим чином закріплений на одязі, щоб відремонтувати або зміцнити його, особливо на старому одязі, щоб закрити дірку.",consensus-clean,consensus-clean-candidate,,,R2 Pass A/B consensus clean; awaits fresh acceptance sample,n/a,,
SB-0856,pathway,n.,шлях,Пішохідна доріжка або інший шлях чи доріжка.,consensus-clean,consensus-clean-candidate,,,R2 Pass A/B consensus clean; awaits fresh acceptance sample,n/a,,
SB-0859,peak,n.,пік,"Найвище значення, досягнуте певною величиною за період часу.",consensus-clean,consensus-clean-candidate,,,R2 Pass A/B consensus clean; awaits fresh acceptance sample,n/a,,
SB-0860,peasant,n.,селянин,"Член нижчого соціального класу, який працює на землі, складається з дрібних фермерів і орендарів, пайовиків, батраків та інших робітників на землі, де вони утворюють основну робочу силу в сільському господарстві та садівни...",r2-reconciliation,P1,ui-truncation,high,R2 A/B reconciliation (union-defect roster),present,definitionUa,"Представник сільського населення, який обробляє землю, зазвичай дрібний землероб або орендар."
SB-0864,personnel,n.,персонал,"Група людей в організації, як-от співробітники та офісний персонал, військовослужбовці тощо.",consensus-clean,consensus-clean-candidate,,,R2 Pass A/B consensus clean; awaits fresh acceptance sample,n/a,,
SB-0865,petition,n.,петиція,"Офіційний письмовий запит, зроблений окремою особою чи групою людей до суверенної чи політичної влади, який часто містить багато підписів, із проханням про якусь благодать, право, милосердя або виправлення якоїсь кривди чи...",r2-reconciliation,P1,ui-truncation,high,R2 A/B reconciliation (union-defect roster),present,definitionUa,"Офіційне письмове звернення до влади з проханням про дію або зміну, часто підписане багатьма людьми."
SB-0868,physician,n.,лікар,"Лікар, який отримав підготовку в медицині.",consensus-clean,consensus-clean-candidate,,,R2 Pass A/B consensus clean; awaits fresh acceptance sample,n/a,,
SB-0870,pipeline,n.,трубопровід,"Трубопровід із труб, який використовується для транспортування води, газу чи нафти тощо.",part1-floor,P2,learner-register,medium,Codex seed-20260914 blinded acceptance challenge,absent,,
SB-0871,pirate,n.,пірат,"Злочинець, який грабує на морі; зазвичай нападають на торговельні судна, хоча часто грабують портові міста.",r2-reconciliation,P1,grammar-syntax,high,R2 A/B reconciliation (union-defect roster),present,definitionUa,"Злочинець, який нападає на судна або прибережні місця й грабує їх."
SB-0872,pit,n.,яма,Яма в землі.,r2-reconciliation,P2,pedagogical-definition,high,R2 A/B reconciliation (union-defect roster),present,definitionUa,Глибоке заглиблення або отвір у землі.
SB-0873,plea,n.,прохання,"Звернення, прохання, настійна молитва чи благання.",consensus-clean,consensus-clean-candidate,,,R2 Pass A/B consensus clean; awaits fresh acceptance sample,n/a,,
SB-0877,plunge,v.,зануритися,"Пірнати, стрибати або кидатися (у воду або якусь рідину); занурюватися.",consensus-clean,consensus-clean-candidate,,,R2 Pass A/B consensus clean; awaits fresh acceptance sample,n/a,,
SB-0878,pole,n.,стовп,"Первісно — палиця; тепер конкретно, довгий і тонкий шматок металу або (особливо) дерева, що використовується для різних будівельних або опорних цілей.",part1-floor,P2,semantic-scope,medium,Codex seed-20260914 blinded acceptance challenge,absent,,
SB-0879,poll,n.,опитування,"Опитування людей, зазвичай зі статистичним аналізом для оцінки ширшої громадської думки.",consensus-clean,consensus-clean-candidate,,,R2 Pass A/B consensus clean; awaits fresh acceptance sample,n/a,,
SB-0880,pond,n.,ставок,"Внутрішня водойма зі стоячою водою, природна чи створена людиною, менша за озеро.",consensus-clean,consensus-clean-candidate,,,R2 Pass A/B consensus clean; awaits fresh acceptance sample,n/a,,
SB-0882,portfolio,n.,портфоліо,"Група інвестицій та інших активів, якими володіє інвестор.",r2-reconciliation,P2,ua-definition-sense-mismatch,medium,R2 A/B reconciliation (union-defect roster),present,ua,портфель (інвестиційний)
SB-0883,portray,v.,зображувати,"Грати роль; для зображення персонажа, людини, ситуації чи події.",r2-reconciliation,P1,grammar-syntax,high,R2 A/B reconciliation (union-defect roster),present,definitionUa,"Зображувати людину, персонажа, ситуацію чи подію, зокрема грати роль у виставі або фільмі."
SB-0885,post-war,adj.,післявоєнний,Відноситься до періоду часу відразу після закінчення війни; де є припинення конфлікту.,part1-floor,P1,russianism-calque,high,Codex seed-20260914 blinded acceptance challenge,absent,,
SB-0886,practitioner,n.,практик,"Людина, яка займається професією чи мистецтвом, особливо правом чи медициною.",consensus-clean,consensus-clean-candidate,,,R2 Pass A/B consensus clean; awaits fresh acceptance sample,n/a,,
SB-0887,preach,v.,проповідувати,Проголошувати публічним дискурсом; виголошувати в проповіді чи офіційній релігійній промові.,consensus-clean,consensus-clean-candidate,,,R2 Pass A/B consensus clean; awaits fresh acceptance sample,n/a,,
SB-0888,precedent,n.,прецедент,"Дія в минулому, яку можна використати як приклад, щоб допомогти визначити результат подібних випадків у майбутньому.",consensus-clean,consensus-clean-candidate,,,R2 Pass A/B consensus clean; awaits fresh acceptance sample,n/a,,
SB-0890,predator,n.,хижак,"Будь-яка тварина чи інший організм, який полює та вбиває інші нерослинні організми (їхню здобич), головним чином для їжі.",consensus-clean,consensus-clean-candidate,,,R2 Pass A/B consensus clean; awaits fresh acceptance sample,n/a,,
SB-0892,predominantly,adv.,переважно,Переважним чином. Найчастіше або часто з великим відривом.,r2-reconciliation,P2,grammar-syntax,high,R2 A/B reconciliation (union-defect roster),present,definitionUa,Головним чином; здебільшого або у значно більшій мірі.
SB-0894,prejudice,n.,упередження,"Негативне судження чи думка, сформовані заздалегідь або без знання фактів.",consensus-clean,consensus-clean-candidate,,,R2 Pass A/B consensus clean; awaits fresh acceptance sample,n/a,,
SB-0895,preliminary,adj.,попередній,"При підготовці до основної справи; початковий, вступний, підготовчий.",r2-reconciliation,P2,pos-alignment,high,R2 A/B reconciliation (union-defect roster),present,definitionUa,"Початковий або підготовчий; такий, що передує основній дії."
SB-0896,premier,n.,прем'єр,Глава уряду в парламенті та лідер кабінету.,consensus-clean,consensus-clean-candidate,,,R2 Pass A/B consensus clean; awaits fresh acceptance sample,n/a,,
SB-0899,prescribe,v.,призначати,Замовити (лікарський засіб або медичний пристрій) для використання конкретним пацієнтом (за ліцензією).,part1-floor,P1,semantic-pedagogical,high,Codex seed-20260914 blinded acceptance challenge,absent,,
SB-0900,prescription,n.,рецепт,"Письмове розпорядження від уповноваженого практикуючого лікаря про надання ліків або інше лікування, наприклад (офтальмологічне) спеціальні лінзи, необхідні для пари окулярів.",consensus-clean,consensus-clean-candidate,,,R2 Pass A/B consensus clean; awaits fresh acceptance sample,n/a,,
SB-0903,preside,v.,головувати,Діяти як президент або голова.,consensus-clean,consensus-clean-candidate,,,R2 Pass A/B consensus clean; awaits fresh acceptance sample,n/a,,
SB-0904,presidency,n.,президентство,Посада або роль президента.,consensus-clean,consensus-clean-candidate,,,R2 Pass A/B consensus clean; awaits fresh acceptance sample,n/a,,
SB-0905,presidential,adj.,президентський,Що стосується президента чи президентства.,consensus-clean,consensus-clean-candidate,,,R2 Pass A/B consensus clean; awaits fresh acceptance sample,n/a,,
SB-0906,prestigious,adj.,престижний,Високого престижу.,r2-reconciliation,P2,pedagogical-definition,high,R2 A/B reconciliation (union-defect roster),present,definitionUa,"Такий, що має високий статус і викликає повагу."
SB-0907,presumably,adv.,мабуть,Здатний бути розумно припущеним.,part1-floor,P1,pos-morphology,high,Codex seed-20260914 blinded acceptance challenge,absent,,
SB-0910,prevalence,n.,поширеність,Якість або умова переважання; широке розширення або поширення.,r2-reconciliation,P2,pedagogical-definition,high,R2 A/B reconciliation (union-defect roster),present,definitionUa,Ступінь поширення явища або частота його наявності в певній групі.
SB-0911,prevention,n.,профілактика,"Будь-які заходи, спрямовані на обмеження ризиків для здоров’я (такі як інформаційні кампанії, вакцинація, рання діагностика тощо).",r2-reconciliation,P1,sense-coverage,high,R2 A/B reconciliation (union-defect roster),present,definitionUa,"Дії або заходи, спрямовані на те, щоб не допустити небажаної події чи зменшити її ризик."
SB-0912,prey,n.,здобич,"Жива істота, зазвичай тварина, яку їсть інша жива істота.",consensus-clean,consensus-clean-candidate,,,R2 Pass A/B consensus clean; awaits fresh acceptance sample,n/a,,
SB-0914,privatization,n.,приватизація,Передача компанії або організації з державної власності та контролю в приватну.,r2-reconciliation,P1,grammar-syntax,high,R2 A/B reconciliation (union-defect roster),present,definitionUa,Передача підприємства або організації з державної власності й контролю у приватну власність.
SB-0915,privilege,n.,привілей,"Конкретна користь, перевага або послуга; право чи імунітет, яким користуються одні, але не інші; прерогатива, пільговий режим.",consensus-clean,consensus-clean-candidate,,,R2 Pass A/B consensus clean; awaits fresh acceptance sample,n/a,,
SB-0917,problematic,adj.,проблематичний,Постановка проблеми; мати або страждати від проблеми(-й):,r2-reconciliation,P1,grammar-syntax,high,R2 A/B reconciliation (union-defect roster),present,definitionUa,"Такий, що створює проблему, викликає труднощі або потребує обережного розгляду."
SB-0919,proceeds,n.,доходи,Дохід; валовий дохід.,consensus-clean,consensus-clean-candidate,,,R2 Pass A/B consensus clean; awaits fresh acceptance sample,n/a,,
SB-0920,processing,n.,обробка,"Дія пошуку, зберігання, класифікації, обробки, передачі тощо даних, особливо за допомогою комп’ютерних технологій.",consensus-clean,consensus-clean-candidate,,,R2 Pass A/B consensus clean; awaits fresh acceptance sample,n/a,,
SB-0921,processor,n.,процесор,"Пристрій, який обробляє, змінює щось (комп’ютерний процесор, кухонний комбайн тощо).",consensus-clean,consensus-clean-candidate,,,R2 Pass A/B consensus clean; awaits fresh acceptance sample,n/a,,
SB-0924,productivity,n.,продуктивність,"Стан продуктивності, плідності або ефективності.",consensus-clean,consensus-clean-candidate,,,R2 Pass A/B consensus clean; awaits fresh acceptance sample,n/a,,
SB-0925,profitable,adj.,прибутковий,Отримання прибутку.,r2-reconciliation,P2,pos-alignment,high,R2 A/B reconciliation (union-defect roster),present,definitionUa,"Такий, що приносить прибуток."
SB-0928,prominent,adj.,видатний,"Ймовірно, приверне увагу своїм розміром або розташуванням; помітний.",part1-floor,P2,pos-style,medium,Codex seed-20260914 blinded acceptance challenge,absent,,
SB-0930,propaganda,n.,пропаганда,"Агітація, реклама, публічна комунікація, спрямована на вплив на аудиторію та просування порядку денного.",consensus-clean,consensus-clean-candidate,,,R2 Pass A/B consensus clean; awaits fresh acceptance sample,n/a,,
SB-0936,prosperity,n.,процвітання,Умова процвітання: наявність удачі та багатства.,r2-reconciliation,P2,idiomatic-ukrainian,high,R2 A/B reconciliation (union-defect roster),present,definitionUa,"Стан успішного розвитку, добробуту й достатку."
SB-0937,protective,adj.,захисний,Служить або призначений для захисту.,consensus-clean,consensus-clean-candidate,,,R2 Pass A/B consensus clean; awaits fresh acceptance sample,n/a,,
SB-0938,protocol,n.,протокол,"Набір формальних правил, що описують, як передавати або обмінюватися даними, особливо через мережу.",consensus-clean,consensus-clean-candidate,,,R2 Pass A/B consensus clean; awaits fresh acceptance sample,n/a,,
SB-0939,province,n.,провінція,"Адміністративний підрозділ деяких країн, зокрема Канади та Китаю.",consensus-clean,consensus-clean-candidate,,,R2 Pass A/B consensus clean; awaits fresh acceptance sample,n/a,,
SB-0943,psychiatric,adj.,психіатричний,Психіатрія або пов'язана з нею.,r2-reconciliation,P1,pos-alignment,high,R2 A/B reconciliation (union-defect roster),present,definitionUa,Пов’язаний із психіатрією або лікуванням психічних розладів.
SB-0944,pulse,n.,пульс,"Зазвичай регулярне серцебиття відчувається, коли артерії поблизу шкіри (наприклад, на шиї чи зап’ясті) стиснуті, спричинене серцем, що прокачує через них кров.",r2-reconciliation,P1,semantic-fidelity,high,R2 A/B reconciliation (union-defect roster),present,definitionUa,"Ритмічне розширення артерій, спричинене серцебиттям і відчутне, наприклад, на зап’ясті чи шиї."
SB-0949,quota,n.,квота,"Зазначене число або відсоток, який може служити, наприклад, максимумом, мінімумом або ціллю.",consensus-clean,consensus-clean-candidate,,,R2 Pass A/B consensus clean; awaits fresh acceptance sample,n/a,,
SB-0952,rage,n.,лють,Сильний неконтрольований гнів.,consensus-clean,consensus-clean-candidate,,,R2 Pass A/B consensus clean; awaits fresh acceptance sample,n/a,,
SB-0955,ranking,n.,рейтинг,Відносне розміщення в списку.,consensus-clean,consensus-clean-candidate,,,R2 Pass A/B consensus clean; awaits fresh acceptance sample,n/a,,
SB-0956,rape,"n., v.",зґвалтування,Примушувати (когось) до статевого акту чи інших сексуальних дій без його згоди.,r2-reconciliation,P1,pos-alignment,high,R2 A/B reconciliation (union-defect roster),present,both,ua: зґвалтування; ґвалтувати | definitionUa: Статевий акт або інша сексуальна дія без згоди; також примушувати когось до такої дії.
SB-0957,ratio,n.,співвідношення,"Число, що представляє порівняння між двома названими речами.",consensus-clean,consensus-clean-candidate,,,R2 Pass A/B consensus clean; awaits fresh acceptance sample,n/a,,
SB-0959,ray,n.,промінь,Промінь світла або випромінювання.,consensus-clean,consensus-clean-candidate,,,R2 Pass A/B consensus clean; awaits fresh acceptance sample,n/a,,
SB-0963,rear,"adj., n.",задній,"Задня або крайня задня частина; те, що позаду, або останнє за порядком.",r2-reconciliation,P1,pos-alignment,high,R2 A/B reconciliation (union-defect roster),present,both,ua: задній; задня частина | definitionUa: Розташований позаду; також задня частина чогось.
SB-0965,reassure,v.,заспокоювати,Запевнити заново; відновити довіру до; звільнитися від страху чи невпевненості в собі.,r2-reconciliation,P1,grammar-syntax,high,R2 A/B reconciliation (union-defect roster),present,definitionUa,"Заспокоювати когось, відновлюючи його впевненість або усуваючи страх чи сумнів."
SB-0966,rebel,n.,повстанець,"Людина, яка чинить опір встановленій владі, часто насильницький.",r2-reconciliation,P1,grammar-syntax,high,R2 A/B reconciliation (union-defect roster),present,definitionUa,"Людина, яка чинить опір установленій владі, часто із застосуванням сили."
SB-0967,rebellion,n.,повстання,Збройний опір встановленому уряду чи правителю.,consensus-clean,consensus-clean-candidate,,,R2 Pass A/B consensus clean; awaits fresh acceptance sample,n/a,,
SB-0968,recipient,n.,одержувач,"Той, хто отримує.",consensus-clean,consensus-clean-candidate,,,R2 Pass A/B consensus clean; awaits fresh acceptance sample,n/a,,
SB-0969,reconstruction,n.,реконструкція,"Дія реконструкції чогось, не обов’язково до попереднього стану.",consensus-clean,consensus-clean-candidate,,,R2 Pass A/B consensus clean; awaits fresh acceptance sample,n/a,,
SB-0970,recount1,v.,докладно розповідати; переказувати,Докладно розповідати про подію або послідовність подій.,consensus-clean,consensus-clean-candidate,,,R2 Pass A/B consensus clean; awaits fresh acceptance sample,n/a,,
SB-0971,referendum,n.,референдум,Пряме всенародне голосування щодо запропонованого закону чи конституційної поправки.,consensus-clean,consensus-clean-candidate,,,R2 Pass A/B consensus clean; awaits fresh acceptance sample,n/a,,
SB-0972,reflection,n.,відображення,Акт відображення або стан відображення.,r2-reconciliation,P2,pedagogical-definition,high,R2 A/B reconciliation (union-defect roster),present,definitionUa,"Зображення, утворене світлом, що відбилося від поверхні; також сам процес відбиття."
SB-0974,refuge,n.,притулок,"Місце, що забезпечує безпеку, захист або притулок.",consensus-clean,consensus-clean-candidate,,,R2 Pass A/B consensus clean; awaits fresh acceptance sample,n/a,,
SB-0975,refusal,n.,відмова,Акт відмови.,consensus-clean,consensus-clean-candidate,,,R2 Pass A/B consensus clean; awaits fresh acceptance sample,n/a,,
SB-0977,regardless,adv.,незалежно,Не звертаючи уваги на; ігнорування.,r2-reconciliation,P1,pos-alignment,high,R2 A/B reconciliation (union-defect roster),present,definitionUa,Не беручи до уваги певну обставину; попри неї.
SB-0979,regulator,n.,регулятор,"Пристрій, який контролює або обмежує щось.",consensus-clean,consensus-clean-candidate,,,R2 Pass A/B consensus clean; awaits fresh acceptance sample,n/a,,
SB-0980,regulatory,adj.,регулятивний,Регулювання чи відношення до нього.,r2-reconciliation,P1,calque-russianism,high,R2 A/B reconciliation (union-defect roster),present,definitionUa,Пов’язаний із регулюванням або призначений для нього.
SB-0981,rehabilitation,n.,реабілітація,Процес реабілітації когось або чогось.,r2-reconciliation,P2,pedagogical-definition,high,R2 A/B reconciliation (union-defect roster),present,definitionUa,"Процес відновлення здоров’я, здібностей, репутації або належного стану."
SB-0983,rejection,n.,відмова,Акт відхилення.,consensus-clean,consensus-clean-candidate,,,R2 Pass A/B consensus clean; awaits fresh acceptance sample,n/a,,
SB-0984,relevance,n.,релевантність,Властивість або стан релевантності чи доречності.,consensus-clean,consensus-clean-candidate,,,R2 Pass A/B consensus clean; awaits fresh acceptance sample,n/a,,
SB-0987,remainder,n.,залишок,"Частина або частини, що залишилися після того, як деякі були видалені або вже виникли.",r2-reconciliation,P1,semantic-fidelity,high,R2 A/B reconciliation (union-defect roster),present,definitionUa,"Частина, що залишається після того, як решту використали, видалили або врахували."
SB-0990,reminder,n.,нагадування,"Хтось або щось, що нагадує.",consensus-clean,consensus-clean-candidate,,,R2 Pass A/B consensus clean; awaits fresh acceptance sample,n/a,,
SB-0993,renew,v.,відновити,Знову робити (щось) нове; для відновлення свіжості або початкового стану.,r2-reconciliation,P1,grammar-syntax,high,R2 A/B reconciliation (union-defect roster),present,definitionUa,"Відновлювати свіжість, чинність або початковий стан; робити новим знову."
SB-0995,rental,n.,оренда,Плата за оренду чогось.,r2-reconciliation,P1,ua-definition-consistency,high,R2 A/B reconciliation (union-defect roster),present,both,ua: оренда; орендна плата | definitionUa: Користування майном за плату; також плата за таке користування.
SB-0996,replacement,n.,заміна,"Особа або предмет, що займає місце іншого; замінник.",consensus-clean,consensus-clean-candidate,,,R2 Pass A/B consensus clean; awaits fresh acceptance sample,n/a,,
SB-0999,reproduce,v.,відтворювати,Для створення або розмноження потомства або організмів статевим або нестатевим шляхом.,r2-reconciliation,P1,grammar-syntax,high,R2 A/B reconciliation (union-defect roster),present,definitionUa,Створювати копію або повторювати щось; також давати потомство.
SB-1000,reproduction,n.,відтворення,Акт біологічного відтворення нових особин.,part1-floor,P2,semantic-scope,medium,Codex seed-20260914 blinded acceptance challenge,absent,,
SB-1001,republic,n.,республіка,"Держава, де суверенітет належить народу або його представникам, а не монарху чи імператору; країна без монархії.",consensus-clean,consensus-clean-candidate,,,R2 Pass A/B consensus clean; awaits fresh acceptance sample,n/a,,
SB-1003,reside,v.,проживати,Проживати постійно або на тривалий час; мати постійне місце проживання на час; залишатися надовго.,part1-floor,P1,grammar-semantic,high,Codex seed-20260914 blinded acceptance challenge,absent,,
SB-1006,residue,n.,залишок,"Те, що зберігається або залишається після видалення або усунення інших елементів.",consensus-clean,consensus-clean-candidate,,,R2 Pass A/B consensus clean; awaits fresh acceptance sample,n/a,,
SB-1009,respective,adj.,відповідний,"Що стосується конкретних осіб або речей, кожен до кожного; особливий; власні.",r2-reconciliation,P1,grammar-syntax,high,R2 A/B reconciliation (union-defect roster),present,definitionUa,"Такий, що окремо стосується кожної з названих осіб або речей."
SB-1010,respectively,adv.,відповідно,"У відносний спосіб; часто використовується під час порівняння списків масивів, де цей термін означає, що елементи в списках відповідають один одному в тому порядку, в якому вони вказані.",r2-reconciliation,P1,semantic-fidelity,high,R2 A/B reconciliation (union-defect roster),present,definitionUa,У тому самому порядку для кожного з уже названих елементів.
SB-1015,retrieve,v.,отримати,Отримати чи дістати щось назад; повернути собі.,part1-floor,P1,semantic-pedagogical-error,high,R1-listed defect; severity normalized to P1 by Codex acceptance review,present,ua,повернути; дістати назад
SB-1016,revelation,n.,одкровення,Акт виявлення або розголошення.,consensus-clean,consensus-clean-candidate,,,R2 Pass A/B consensus clean; awaits fresh acceptance sample,n/a,,
SB-1018,reverse,v.,змінювати на протилежне; рухатися назад,"Змінювати напрям, порядок або результат на протилежний; також рухатися назад.",consensus-clean,consensus-clean-candidate,,,R2 Pass A/B consensus clean; awaits fresh acceptance sample,n/a,,
SB-1020,revive,v.,оживити,"(фігуративно) Змусити (щось) вийти зі стану занепаду, занедбаності, забуття чи невідомості; знову зробити (щось) активним або жвавим; реанімувати, оживляти.",consensus-clean,consensus-clean-candidate,,,R2 Pass A/B consensus clean; awaits fresh acceptance sample,n/a,,
SB-1022,rhetoric,n.,риторика,"Мистецтво використання мови, особливо публічних виступів, як засобу переконання.",consensus-clean,consensus-clean-candidate,,,R2 Pass A/B consensus clean; awaits fresh acceptance sample,n/a,,
SB-1024,riot,n.,бунт,"Бурхливе порушення громадського порядку великою групою людей, що часто супроводжується насильством або пошкодженням майна.",consensus-clean,consensus-clean-candidate,,,R2 Pass A/B consensus clean; awaits fresh acceptance sample,n/a,,
SB-1025,rip,v.,рвати; розривати,"Розділяти або відокремлювати частини (особливо чогось тендітного, наприклад, паперу чи тканини), розрізаючи чи розриваючи; гвалтом відірвати або вирвати.",r2-reconciliation,P2,learner-register,high,R2 A/B reconciliation (union-defect roster),present,definitionUa,Розривати матеріал або силоміць відривати одну частину від іншої.
SB-1026,ritual,n.,ритуал,"обряд; повторюваний набір дій, особливо в релігійному контексті.",r2-reconciliation,P2,ui-formatting,high,R2 A/B reconciliation (union-defect roster),present,definitionUa,"Обряд або повторюваний набір дій, особливо в релігійному контексті."
SB-1031,rotation,n.,обертання,Акт повороту навколо центру або осі.,consensus-clean,consensus-clean-candidate,,,R2 Pass A/B consensus clean; awaits fresh acceptance sample,n/a,,
SB-1033,rumour,n.,чутка,"Неперевірена інформація, яка поширюється між людьми.",consensus-clean,consensus-clean-candidate,,,R2 Pass A/B consensus clean; awaits fresh acceptance sample,n/a,,
SB-1037,saint,n.,святий,"Померла особа, яку церква чи інша релігійна група офіційно визнала особливо святою чи благочестивою; один видатний для благочестя та чесноти.",r2-reconciliation,P1,grammar-syntax,high,R2 A/B reconciliation (union-defect roster),present,definitionUa,"Особа, яку релігійна спільнота вважає особливо святою або зразково благочестивою."
SB-1041,scattered,adj.,розкиданий,"Розпорошені, розбиті на роз'єднані одиниці.",r2-reconciliation,P1,grammar-syntax,high,R2 A/B reconciliation (union-defect roster),present,definitionUa,Розміщений у різних місцях і не зосереджений разом.
SB-1042,sceptical,adj.,скептичний,Схильний сумніватися в правдивості або обґрунтованості твердження.,consensus-clean,consensus-clean-candidate,,,R2 Pass A/B consensus clean; awaits fresh acceptance sample,n/a,,
SB-1045,scrutiny,n.,перевірка,Інтенсивне вивчення когось або чогось.,consensus-clean,consensus-clean-candidate,,,R2 Pass A/B consensus clean; awaits fresh acceptance sample,n/a,,
SB-1047,secular,adj.,світський,"Не особливо релігійний; світський або цивільний, на відміну від духовного.",consensus-clean,consensus-clean-candidate,,,R2 Pass A/B consensus clean; awaits fresh acceptance sample,n/a,,
SB-1048,seemingly,adv.,здавалося б,Як з'являється; мабуть.,part1-floor,P1,grammar-calque,high,Codex seed-20260914 blinded acceptance challenge,absent,,
SB-1049,segment,n.,сегмент,"Одна з частин, на яку природно поділяється або ділиться будь-яке тіло; розділена або відрізана частина; розділ; порція.",consensus-clean,consensus-clean-candidate,,,R2 Pass A/B consensus clean; awaits fresh acceptance sample,n/a,,
SB-1051,seldom,adv.,рідко,"Нечасто, рідко.",consensus-clean,consensus-clean-candidate,,,R2 Pass A/B consensus clean; awaits fresh acceptance sample,n/a,,
SB-1057,separation,n.,розділення,Акт роз'єднання двох або більше речей або умова роз'єднання.,consensus-clean,consensus-clean-candidate,,,R2 Pass A/B consensus clean; awaits fresh acceptance sample,n/a,,
SB-1058,serial,adj.,серійний,Маючи відношення до або розташовані в ряд.,r2-reconciliation,P1,calque-russianism,high,R2 A/B reconciliation (union-defect roster),present,definitionUa,"Розташований або такий, що відбувається послідовно, один за одним."
SB-1060,set-up,n.,установка,"Спосіб організації або комплект обладнання, підготовлений для певної мети.",consensus-clean,consensus-clean-candidate,,,R2 Pass A/B consensus clean; awaits fresh acceptance sample,n/a,,
SB-1062,shareholder,n.,акціонер,"Той, хто володіє акціями корпорації.",consensus-clean,consensus-clean-candidate,,,R2 Pass A/B consensus clean; awaits fresh acceptance sample,n/a,,
SB-1063,shatter,v.,розбити,Сильно розбивати що-небудь на частини.,consensus-clean,consensus-clean-candidate,,,R2 Pass A/B consensus clean; awaits fresh acceptance sample,n/a,,
SB-1065,sheer,adj.,чистий,прямо; повний; чистий.,r2-reconciliation,P1,pos-alignment,high,R2 A/B reconciliation (union-defect roster),present,both,ua: цілковитий; прямовисний; прозорий | definitionUa: Повний або абсолютний; також дуже крутий чи тонкий і прозорий.
SB-1066,shipping,n.,доставка,Перевезення вантажів.,consensus-clean,consensus-clean-candidate,,,R2 Pass A/B consensus clean; awaits fresh acceptance sample,n/a,,
SB-1068,shrink,v.,скорочуватися,Стати меншим; контрактувати.,r2-reconciliation,P1,calque-russianism,high,R2 A/B reconciliation (union-defect roster),present,definitionUa,"Ставати меншим за розміром, обсягом або кількістю; стискатися."
SB-1069,shrug,v.,знизати плечима,"Підняти (плечі), щоб висловити невпевненість, відсутність занепокоєння, (раніше) страх тощо.",consensus-clean,consensus-clean-candidate,,,R2 Pass A/B consensus clean; awaits fresh acceptance sample,n/a,,
SB-1072,simulation,n.,моделювання,"Щось, що імітує систему чи середовище, щоб передбачити реальну поведінку.",consensus-clean,consensus-clean-candidate,,,R2 Pass A/B consensus clean; awaits fresh acceptance sample,n/a,,
SB-1073,simultaneously,adv.,одночасно,Відбувається одночасно.,r2-reconciliation,P2,pos-alignment,high,R2 A/B reconciliation (union-defect roster),present,definitionUa,В один і той самий час; одночасно.
SB-1074,sin,n.,гріх,Порушення божественної волі або релігійного закону.,consensus-clean,consensus-clean-candidate,,,R2 Pass A/B consensus clean; awaits fresh acceptance sample,n/a,,
SB-1075,situated,adj.,розташований,Знаходиться в конкретному місці.,r2-reconciliation,P2,calque-russianism,high,R2 A/B reconciliation (union-defect roster),present,definitionUa,Розташований у певному місці або становищі.
SB-1076,sketch,n.,ескіз,"Швидко виконаний малюнок від руки, який не передбачається як закінчена робота, часто складається з безлічі ліній, що накладаються один на одного.",consensus-clean,consensus-clean-candidate,,,R2 Pass A/B consensus clean; awaits fresh acceptance sample,n/a,,
SB-1078,slam,v.,грюкнути,"Закрити з раптовою силою, щоб створити удар і шум.",consensus-clean,consensus-clean-candidate,,,R2 Pass A/B consensus clean; awaits fresh acceptance sample,n/a,,
SB-1081,slavery,n.,рабство,"Інститут або соціальна практика володіння людьми як власністю, особливо для використання в якості примусової праці.",part1-floor,P1,other,low,R1-listed defect; severity normalized to P1 by Codex acceptance review,present,definitionUa,"Інститут або соціальна практика, за якої одні люди володіють іншими як власністю та примусово використовують їхню працю."
SB-1082,slot,n.,слот,"Вузька западина, перфорація або отвір; особливо, один для прийому шматка, що підходить або ковзає в нього.",r2-reconciliation,P1,grammar-syntax,high,R2 A/B reconciliation (union-defect roster),present,definitionUa,"Вузький отвір або паз, у який вставляють предмет; також визначене місце чи час."
SB-1083,smash,v.,розбити,Сильно ламати (щось крихке).,consensus-clean,consensus-clean-candidate,,,R2 Pass A/B consensus clean; awaits fresh acceptance sample,n/a,,
SB-1085,soak,v.,замочити,Насичуватися рідиною шляхом занурення в неї.,r2-reconciliation,P1,voice-alignment,high,R2 A/B reconciliation (union-defect roster),present,both,"ua: замочувати; просочуватися | definitionUa: Занурювати в рідину, щоб добре намочити; також насичуватися рідиною."
SB-1086,soar,v.,парити,"Літати високо без зусиль, як птах.",consensus-clean,consensus-clean-candidate,,,R2 Pass A/B consensus clean; awaits fresh acceptance sample,n/a,,
SB-1087,socialist,adj.,соціалістичний,"Відносно, підтримка чи пропаганда соціалізму.",r2-reconciliation,P1,grammar-syntax,high,R2 A/B reconciliation (union-defect roster),present,definitionUa,"Пов’язаний із соціалізмом або такий, що підтримує його."
SB-1089,solely,adv.,виключно,поодинці; виключно.,r2-reconciliation,P2,ui-formatting,high,R2 A/B reconciliation (union-defect roster),present,definitionUa,Лише; без участі або впливу інших.
SB-1091,solidarity,n.,солідарність,"Узи єдності чи згоди між індивідами, об’єднаними навколо спільної мети або проти спільного ворога, як-от принцип об’єднання, який визначає робітничий рух; взаємопідтримка всередині групи.",consensus-clean,consensus-clean-candidate,,,R2 Pass A/B consensus clean; awaits fresh acceptance sample,n/a,,
SB-1092,solo,"adj., n.",соло,"Робота або виконання, виконане однією особою.",r2-reconciliation,P1,pos-alignment,high,R2 A/B reconciliation (union-defect roster),present,both,ua: соло; сольний | definitionUa: Виконання однією особою; також призначений для одного виконавця.
SB-1094,sovereignty,n.,суверенітет,"Нації чи іншого державного устрою: стан здатний контролювати ресурси, самостійно приймати закони та іншим чином керувати собою без примусу чи згоди інших держав.",r2-reconciliation,P1,grammar-syntax,high,R2 A/B reconciliation (union-defect roster),present,definitionUa,"Право й здатність держави самостійно керувати собою, ухвалювати закони та контролювати свої ресурси."
SB-1095,spam,n.,спам,Небажані масові електронні повідомлення.,consensus-clean,consensus-clean-candidate,,,R2 Pass A/B consensus clean; awaits fresh acceptance sample,n/a,,
SB-1096,span,"v., n.",охоплювати; тривати,Протягнути через відстань між або впоперек.,r2-reconciliation,P1,pos-alignment,high,R2 A/B reconciliation (union-defect roster),present,both,ua: охоплювати; проміжок | definitionUa: Простягатися через відстань або тривати певний час; також сама відстань чи тривалість.
SB-1099,specialized,adj.,спеціалізований,Має високу кваліфікацію в конкретній галузі або спеціально адаптована до неї.,r2-reconciliation,P1,grammar-syntax,high,R2 A/B reconciliation (union-defect roster),present,definitionUa,"Такий, що має вузьку спеціалізацію або спеціально пристосований до певної галузі."
SB-1100,specification,n.,специфікація,"Чіткий набір вимог, яким має задовольняти матеріал, продукт або послуга.",r2-reconciliation,P1,grammar-syntax,high,R2 A/B reconciliation (union-defect roster),present,definitionUa,"Чіткий набір вимог, яким має відповідати матеріал, продукт або послуга."
SB-1101,specimen,n.,зразок,"Окремий екземпляр, який представляє клас; приклад.",consensus-clean,consensus-clean-candidate,,,R2 Pass A/B consensus clean; awaits fresh acceptance sample,n/a,,
SB-1102,spectacle,n.,видовище,"Захоплююча або надзвичайна сцена, виставка, вистава тощо.",consensus-clean,consensus-clean-candidate,,,R2 Pass A/B consensus clean; awaits fresh acceptance sample,n/a,,
SB-1108,spotlight,n.,центр уваги; прожектор,Центр уваги; головна або найважливіша частина.,r2-reconciliation,P1,sense-coverage,high,R2 A/B reconciliation (union-defect roster),present,definitionUa,Спрямований яскравий прожектор; також зосереджена суспільна увага.
SB-1111,squad,n.,загін,"Група людей, організована для якоїсь спільної мети, зазвичай із десяти членів.",part1-floor,P1,semantic-pedagogical,high,Codex seed-20260914 blinded acceptance challenge,absent,,
SB-1112,squeeze,v.,стискати,Чинити тиск одночасно з двох або більше сторін.,consensus-clean,consensus-clean-candidate,,,R2 Pass A/B consensus clean; awaits fresh acceptance sample,n/a,,
SB-1114,stability,n.,стабільність,"Умова стабільності або рівноваги, а отже, стійкості до змін.",consensus-clean,consensus-clean-candidate,,,R2 Pass A/B consensus clean; awaits fresh acceptance sample,n/a,,
SB-1115,stabilize,v.,стабілізувати,Зробити стабільним.,consensus-clean,consensus-clean-candidate,,,R2 Pass A/B consensus clean; awaits fresh acceptance sample,n/a,,
SB-1118,stark,adj.,разючий; суворий,"Простий на вигляд; безплідний, безлюдний.",r2-reconciliation,P1,ua-definition-consistency,high,R2 A/B reconciliation (union-defect roster),present,both,ua: разючий; суворий; голий | definitionUa: Дуже виразний або різкий; також суворий і позбавлений прикрас.
SB-1119,statistical,adj.,статистичний,Статистики або пов’язані зі статистикою.,r2-reconciliation,P1,grammar-syntax,high,R2 A/B reconciliation (union-defect roster),present,definitionUa,Пов’язаний зі статистикою або заснований на статистичних даних.
SB-1120,steer,v.,керувати,"Керувати курсом судна, транспортного засобу, літального апарату тощо (за допомогою такого пристрою, як стерно, весло або штурвал).",consensus-clean,consensus-clean-candidate,,,R2 Pass A/B consensus clean; awaits fresh acceptance sample,n/a,,
SB-1122,stereotype,n.,стереотип,"Загальноприйняте, шаблонне та часто надто спрощене або перебільшене уявлення, думка чи образ (особи чи групи людей).",consensus-clean,consensus-clean-candidate,,,R2 Pass A/B consensus clean; awaits fresh acceptance sample,n/a,,
SB-1123,stimulus,n.,стимул,"Зовнішнє явище, яке впливає на систему, викликаючи або змінюючи внутрішнє явище; наприклад, поштовх або стимул, який спонукає людину вжити заходів або змінити поведінку.",consensus-clean,consensus-clean-candidate,,,R2 Pass A/B consensus clean; awaits fresh acceptance sample,n/a,,
SB-1124,stir,v.,ворушити,"Порушувати взаємне розташування частинок (рідини чи подібного), пропускаючи через них предмет.",r2-reconciliation,P2,imprecise-gloss,medium,R2 A/B reconciliation (union-defect roster),present,ua,розмішувати; помішувати
SB-1125,storage,n.,зберігання,Акт зберігання товару; стан зберігання.,consensus-clean,consensus-clean-candidate,,,R2 Pass A/B consensus clean; awaits fresh acceptance sample,n/a,,
SB-1129,strategic,adj.,стратегічний,Відносно стратегії.,r2-reconciliation,P1,calque-russianism,high,R2 A/B reconciliation (union-defect roster),present,definitionUa,Пов’язаний зі стратегією або важливий для досягнення довгострокової мети.
SB-1131,strip (long narrow piece),n.,смужка (довгий вузький шматок),"Довгий і вузький шматок матеріалу, землі або іншої поверхні.",consensus-clean,consensus-clean-candidate,,,R2 Pass A/B consensus clean; awaits fresh acceptance sample,n/a,,
SB-1133,strive,v.,прагнути,Намагатися досягти результату; докладати напружених зусиль; намагатися щиро й наполегливо.,consensus-clean,consensus-clean-candidate,,,R2 Pass A/B consensus clean; awaits fresh acceptance sample,n/a,,
SB-1135,stumble,v.,спотикатися,Спіткнутися або впасти; незграбно ходити.,consensus-clean,consensus-clean-candidate,,,R2 Pass A/B consensus clean; awaits fresh acceptance sample,n/a,,
SB-1136,stun,v.,оглушити,"Виводити з ладу; особливо, викликаючи дезорієнтацію або втрату свідомості.",consensus-clean,consensus-clean-candidate,,,R2 Pass A/B consensus clean; awaits fresh acceptance sample,n/a,,
SB-1137,submission,n.,подання,Акт подання або надання напр. завершена робота.,r2-reconciliation,P2,grammar-syntax,high,R2 A/B reconciliation (union-defect roster),present,definitionUa,"Акт подання; також матеріал, поданий на розгляд, наприклад завершена робота."
SB-1139,subscription,n.,підписка,"Доступ до ресурсу на певний період часу, як правило, платний.",consensus-clean,consensus-clean-candidate,,,R2 Pass A/B consensus clean; awaits fresh acceptance sample,n/a,,
SB-1140,subsidy,n.,субсидія,"Фінансова підтримка або допомога, наприклад грант.",consensus-clean,consensus-clean-candidate,,,R2 Pass A/B consensus clean; awaits fresh acceptance sample,n/a,,
SB-1141,substantial,adj.,істотний,"Великі за розміром, кількістю або вартістю; достатній; значний.",r2-reconciliation,P1,grammar-syntax,high,R2 A/B reconciliation (union-defect roster),present,definitionUa,"Значний за розміром, кількістю, вартістю або важливістю."
SB-1144,substitution,n.,заміна,Акт заміщення або стан заміщення.,consensus-clean,consensus-clean-candidate,,,R2 Pass A/B consensus clean; awaits fresh acceptance sample,n/a,,
SB-1149,successor,n.,наступник,"Особа або річ, яка безпосередньо слідує за іншою у займанні посади чи титулу.",part1-floor,P1,russianism-calque,high,Codex seed-20260914 blinded acceptance challenge,absent,,
SB-1150,suck,v.,смоктати,"Використовувати рот і губи для втягування (рідини, особливо молока з грудей).",consensus-clean,consensus-clean-candidate,,,R2 Pass A/B consensus clean; awaits fresh acceptance sample,n/a,,
SB-1151,sue,v.,судитися,"Подати судовий позов проти когось, як правило, некримінальний (цивільний) позов.",consensus-clean,consensus-clean-candidate,,,R2 Pass A/B consensus clean; awaits fresh acceptance sample,n/a,,
SB-1152,suicide,n.,самогубство,Акт навмисного самогубства.,r2-reconciliation,P2,pedagogical-definition,high,R2 A/B reconciliation (union-defect roster),present,definitionUa,Навмисне позбавлення себе життя.
SB-1155,superb,adj.,чудовий,Першокласний; найвищої якості; виключно добре.,r2-reconciliation,P2,pos-alignment,high,R2 A/B reconciliation (union-defect roster),present,definitionUa,"Першокласний, винятково добрий або найвищої якості."
SB-1156,superior,adj.,вищий,"Вищий за рангом, статусом або якістю.",consensus-clean,consensus-clean-candidate,,,R2 Pass A/B consensus clean; awaits fresh acceptance sample,n/a,,
SB-1158,supervision,n.,нагляд,Акт або випадок нагляду.,consensus-clean,consensus-clean-candidate,,,R2 Pass A/B consensus clean; awaits fresh acceptance sample,n/a,,
SB-1162,supposedly,adv.,нібито,Як питання припущення; у переконаннях або згідно з твердженнями деяких людей.,r2-reconciliation,P2,calque-russianism,high,R2 A/B reconciliation (union-defect roster),present,definitionUa,"За припущенням або за твердженнями інших, без певного підтвердження."
SB-1163,suppress,v.,придушити,"Покінчити, особливо силою, розчавити, знищити; забороняти, підкоряти.",consensus-clean,consensus-clean-candidate,,,R2 Pass A/B consensus clean; awaits fresh acceptance sample,n/a,,
SB-1166,surgical,adj.,хірургічний,"Відносно, використовується під час хірургічного втручання або є результатом операції.",r2-reconciliation,P1,calque-russianism,high,R2 A/B reconciliation (union-defect roster),present,definitionUa,"Пов’язаний із хірургією, використовуваний під час операції або спричинений нею."
SB-1168,surrender,v.,здатися,"Віддатися у владу іншого, особливо в полоні; подати або поступитися.",part1-floor,P1,grammar-semantic,high,Codex seed-20260914 blinded acceptance challenge,absent,,
SB-1171,suspicion,n.,підозра,"Дія підозрювати щось або когось, особливо в чомусь недобре.",part1-floor,P1,grammar-syntax,high,Codex seed-20260914 blinded acceptance challenge,absent,,
SB-1172,suspicious,adj.,підозрілий,Недовірливий або схильний підозрювати.,consensus-clean,consensus-clean-candidate,,,R2 Pass A/B consensus clean; awaits fresh acceptance sample,n/a,,
SB-1175,sword,n.,меч,"Довга клинкова зброя з руків’ям і, як правило, навершям і поперечною гардою (разом утворюючи ефес), яка призначена для рубання, удару, рубання та/або рубання.",r2-reconciliation,P2,pedagogical-definition,high,R2 A/B reconciliation (union-defect roster),present,definitionUa,"Довга клинкова зброя з руків’ям, призначена для рубання або колючих ударів."
SB-1176,symbolic,adj.,символічний,Непряме представлення або посилання на іншу річ.,r2-reconciliation,P2,pos-alignment,high,R2 A/B reconciliation (union-defect roster),present,definitionUa,"Такий, що слугує символом або непрямо представляє іншу річ."
SB-1177,syndrome,n.,синдром,"Розпізнаваний зразок ознак, симптомів та/або поведінки, особливо хвороби, медичного чи психологічного стану.",consensus-clean,consensus-clean-candidate,,,R2 Pass A/B consensus clean; awaits fresh acceptance sample,n/a,,
SB-1178,synthesis,n.,синтез,Утворення чогось складного або зв'язного шляхом поєднання більш простих речей.,consensus-clean,consensus-clean-candidate,,,R2 Pass A/B consensus clean; awaits fresh acceptance sample,n/a,,
SB-1181,tactic,n.,тактика,"Маневр або дія, спрямована на досягнення якоїсь мети.",consensus-clean,consensus-clean-candidate,,,R2 Pass A/B consensus clean; awaits fresh acceptance sample,n/a,,
SB-1183,taxpayer,n.,платник податків,"Особа, яка підлягає оподаткуванню, зобов’язана або сплачує податок.",consensus-clean,consensus-clean-candidate,,,R2 Pass A/B consensus clean; awaits fresh acceptance sample,n/a,,
SB-1184,tempt,v.,спокусити,"Спровокувати когось на неправоту, особливо обіцяючи винагороду; заманювати.",r2-reconciliation,P1,semantic-fidelity,high,R2 A/B reconciliation (union-defect roster),present,definitionUa,Спонукати когось зробити щось привабливою обіцянкою або бажаною винагородою.
SB-1185,tenant,n.,орендар,"Той, хто має право оренди (найму).",consensus-clean,consensus-clean-candidate,,,R2 Pass A/B consensus clean; awaits fresh acceptance sample,n/a,,
SB-1186,tender,adj.,ніжний,Чутливий або болючий на дотик.,consensus-clean,consensus-clean-candidate,,,R2 Pass A/B consensus clean; awaits fresh acceptance sample,n/a,,
SB-1189,terminate,v.,припинити,"Закінчити щось, особливо коли воно залишилося в незавершеному стані.",part1-floor,P2,semantic-precision,medium,Codex seed-20260914 blinded acceptance challenge,absent,,
SB-1190,terrain,n.,місцевість; рельєф,Ділянка землі або її особливості.,consensus-clean,consensus-clean-candidate,,,R2 Pass A/B consensus clean; awaits fresh acceptance sample,n/a,,
SB-1191,terrific,adj.,чудовий,"Надзвичайно добре; відмінно, дивовижно.",r2-reconciliation,P2,pos-alignment,high,R2 A/B reconciliation (union-defect roster),present,definitionUa,"Надзвичайно добрий, чудовий або дивовижний."
SB-1192,testify,v.,свідчити,Робити заяву або давати свідчення під присягою.,consensus-clean,consensus-clean-candidate,,,R2 Pass A/B consensus clean; awaits fresh acceptance sample,n/a,,
SB-1194,texture,n.,текстура,"Відчуття або форма поверхні або речовини; гладкість, шорсткість, м'якість і т. ін.",part1-floor,P2,semantic-precision,medium,Codex seed-20260914 blinded acceptance challenge,absent,,
SB-1200,thereby,adv.,тим самим,За ним; цим; таким чином або як наслідок цього.,r2-reconciliation,P1,semantic-fidelity,high,R2 A/B reconciliation (union-defect roster),present,definitionUa,Таким чином або внаслідок цього.
SB-1202,thought-provoking,adj.,що спонукає до роздумів,"Цікавий у такий спосіб, що ставить під сумнів чиїсь переконання, погляди чи точку зору.",consensus-clean,consensus-clean-candidate,,,R2 Pass A/B consensus clean; awaits fresh acceptance sample,n/a,,
SB-1203,thread,n.,нитка,"Шнур, утворений шляхом прядіння або скручування разом текстильних волокон або ниток в одне або кілька безперервних ниток, зазвичай використовується в рукоділлі.",r2-reconciliation,P1,grammar-syntax,high,R2 A/B reconciliation (union-defect roster),present,definitionUa,"Тонка довга пряжа зі скручених волокон, яку використовують для шиття або ткацтва."
SB-1207,tide,n.,приплив,"Добове коливання рівня моря, викликане гравітаційним впливом Місяця і Сонця.",consensus-clean,consensus-clean-candidate,,,R2 Pass A/B consensus clean; awaits fresh acceptance sample,n/a,,
SB-1208,tighten,v.,затягувати,Зробити щільніше.,consensus-clean,consensus-clean-candidate,,,R2 Pass A/B consensus clean; awaits fresh acceptance sample,n/a,,
SB-1209,timber,n.,деревина,Дерева в лісі розглядаються як джерело деревини.,consensus-clean,consensus-clean-candidate,,,R2 Pass A/B consensus clean; awaits fresh acceptance sample,n/a,,
SB-1211,tobacco,n.,тютюн,"Листя Nicotiana tabacum та деяких інших видів культивують і збирають для виготовлення сигарет, сигар, нюхального тютюну, для куріння в трубках або для жування.",part1-floor,P1,semantic-pedagogical-error,high,R1-listed defect; severity normalized to P1 by Codex acceptance review,present,definitionUa,"Рослини Nicotiana tabacum та деяких інших видів, які культивують, а їхнє листя збирають для виготовлення сигарет, сигар, нюхального тютюну, для куріння в трубках або для жування."
SB-1212,tolerance,n.,толерантність,"Здатність або практика толерантності; прийняття або терпляче ставлення до переконань, думок або практики інших; відсутність фанатизму.",consensus-clean,consensus-clean-candidate,,,R2 Pass A/B consensus clean; awaits fresh acceptance sample,n/a,,
SB-1217,toss,v.,кинути,Кидати з початковим напрямком вгору.,consensus-clean,consensus-clean-candidate,,,R2 Pass A/B consensus clean; awaits fresh acceptance sample,n/a,,
SB-1219,toxic,adj.,токсичний,Сильно негативний або шкідливий.,consensus-clean,consensus-clean-candidate,,,R2 Pass A/B consensus clean; awaits fresh acceptance sample,n/a,,
SB-1221,trademark,n.,товарний знак,"Слово, символ або фраза, які використовуються для ідентифікації продукту певної компанії та відрізняють його від продуктів інших компаній.",consensus-clean,consensus-clean-candidate,,,R2 Pass A/B consensus clean; awaits fresh acceptance sample,n/a,,
SB-1223,trailer,n.,трейлер,"Безмоторний колісний транспортний засіб (не караван або кемпер), який буксирується позаду іншого та використовується для перевезення обладнання тощо, яке не можна перевозити на передньому транспортному засобі.",r2-reconciliation,P1,calque-russianism,high,R2 A/B reconciliation (union-defect roster),present,definitionUa,"Безмоторний колісний транспортний засіб, який буксирує інший транспортний засіб для перевезення вантажу."
SB-1224,transaction,n.,транзакція,"Обмін або торгівля ідеями, грошима, товарами тощо.",consensus-clean,consensus-clean-candidate,,,R2 Pass A/B consensus clean; awaits fresh acceptance sample,n/a,,
SB-1225,transcript,n.,стенограма,"Щось, що було транскрибовано; письмо або твір, що складається з тих самих слів, що й оригінал; письмова копія.",consensus-clean,consensus-clean-candidate,,,R2 Pass A/B consensus clean; awaits fresh acceptance sample,n/a,,
SB-1227,transit,n.,транзит,"Перевезення людей або товарів з одного місця в інше, особливо в системі громадського транспорту; транспортні засоби, що використовуються для таких перевезень.",consensus-clean,consensus-clean-candidate,,,R2 Pass A/B consensus clean; awaits fresh acceptance sample,n/a,,
SB-1228,transmission,n.,передача,"Акт передачі, напр. даних (сигналів) або електроенергії.",consensus-clean,consensus-clean-candidate,,,R2 Pass A/B consensus clean; awaits fresh acceptance sample,n/a,,
SB-1229,transparency,n.,прозорість,відкритість; доступність для перевірки.,r2-reconciliation,P2,ui-formatting,high,R2 A/B reconciliation (union-defect roster),present,definitionUa,Відкритість і доступність для перевірки.
SB-1232,treaty,n.,договір,"Формальна обов'язкова угода, укладена суб'єктами міжнародного права, а саме державами та міжнародними організаціями; конвенція, пакт.",consensus-clean,consensus-clean-candidate,,,R2 Pass A/B consensus clean; awaits fresh acceptance sample,n/a,,
SB-1234,tribal,adj.,племінний,Що стосується племен.,consensus-clean,consensus-clean-candidate,,,R2 Pass A/B consensus clean; awaits fresh acceptance sample,n/a,,
SB-1235,tribunal,n.,трибунал,"Збори, до складу яких входять один або більше суддів для ведення судових справ; суд.",r2-reconciliation,P1,semantic-fidelity,high,R2 A/B reconciliation (union-defect roster),present,definitionUa,"Суд або спеціальний орган з одним чи кількома суддями, який розглядає певні справи."
SB-1236,tribute,n.,данина,"Визнання вдячності, поваги чи захоплення; супутній подарунок.",r2-reconciliation,P2,idiomatic-ukrainian,high,R2 A/B reconciliation (union-defect roster),present,definitionUa,"Вияв вдячності, поваги чи захоплення, іноді у формі подарунка."
SB-1238,trio,n.,тріо,Група з трьох людей або речей.,consensus-clean,consensus-clean-candidate,,,R2 Pass A/B consensus clean; awaits fresh acceptance sample,n/a,,
SB-1239,triumph,n.,тріумф,"Переконливий успіх після зусиль, конфлікту або зіткнення з перешкодами; перемога; завоювання.",consensus-clean,consensus-clean-candidate,,,R2 Pass A/B consensus clean; awaits fresh acceptance sample,n/a,,
SB-1240,trophy,n.,трофей,"Предмет, як правило, у формі статуетки, кубка або щита, який вручається за успіх у змаганнях або для відзначення особливого досягнення.",consensus-clean,consensus-clean-candidate,,,R2 Pass A/B consensus clean; awaits fresh acceptance sample,n/a,,
SB-1241,troubled,adj.,стурбований,"Тривожний, стурбований, змучений турботами.",r2-reconciliation,P2,semantic-fidelity,high,R2 A/B reconciliation (union-defect roster),present,definitionUa,"Стурбований, занепокоєний або обтяжений проблемами."
SB-1242,trustee,n.,довірена особа,"Особа, якій юридично передано майно в довірчу власність, що використовується або на користь певних осіб (бенефіціарів), або для суспільних потреб; той, кому довірено майно на користь іншого.",consensus-clean,consensus-clean-candidate,,,R2 Pass A/B consensus clean; awaits fresh acceptance sample,n/a,,
SB-1244,turnout,n.,явка,"Кількість або частка людей, які відвідують або беруть участь у події (особливо у виборах) або присутні на місці проведення.",consensus-clean,consensus-clean-candidate,,,R2 Pass A/B consensus clean; awaits fresh acceptance sample,n/a,,
SB-1245,turnover,n.,оборот,"Сума грошей, прийнята як продажі, здійснені за певний період.",r2-reconciliation,P1,calque-russianism,high,R2 A/B reconciliation (union-defect roster),present,definitionUa,Загальна сума доходу від продажів за певний період.
SB-1246,twist,"v., n.",крутити,"Повертати кінці чого-небудь, зазвичай нитки, мотузки тощо, у протилежних напрямках, часто із застосуванням сили.",r2-reconciliation,P1,pos-alignment,high,R2 A/B reconciliation (union-defect roster),present,both,"ua: крутити; поворот | definitionUa: Обертати або скручувати; також поворот, вигин чи несподівана зміна."
SB-1247,undergraduate,n.,студент,"Студент університету, який ще не отримав наукового ступеня.",part1-floor,P1,ua-definition-consistency,high,Codex seed-20260914 blinded acceptance challenge,absent,,
SB-1249,undermine,v.,підривати,"Послаблювати або діяти проти; перешкоджати, саботувати.",consensus-clean,consensus-clean-candidate,,,R2 Pass A/B consensus clean; awaits fresh acceptance sample,n/a,,
SB-1250,undoubtedly,adv.,безсумнівно,Без сумніву; однозначно.,consensus-clean,consensus-clean-candidate,,,R2 Pass A/B consensus clean; awaits fresh acceptance sample,n/a,,
SB-1252,unprecedented,adj.,безпрецедентний,"Ніколи раніше не бачив, не робив і не відчував; без прецеденту.",r2-reconciliation,P1,grammar-syntax,high,R2 A/B reconciliation (union-defect roster),present,definitionUa,"Такий, якого раніше не було або який не має відомого прецеденту."
SB-1253,unveil,v.,розкрити,Зняти вуаль з; розкривати; виявити щось приховане.,consensus-clean,consensus-clean-candidate,,,R2 Pass A/B consensus clean; awaits fresh acceptance sample,n/a,,
SB-1254,upcoming,adj.,майбутній,Відбудеться або з'явиться у відносно близькому майбутньому.,r2-reconciliation,P2,pos-alignment,high,R2 A/B reconciliation (union-defect roster),present,definitionUa,"Такий, що має відбутися або з’явитися найближчим часом."
SB-1255,upgrade,"v., n.",оновлення,"Поліпшення, як правило, застосовується до технології, як правило, шляхом повної заміни одного або кількох компонентів.",part1-floor,P2,semantic-scope,medium,Codex seed-20260914 blinded acceptance challenge,absent,,
SB-1258,utilize,v.,використовувати,Практично використовувати щось для певної мети.,consensus-clean,consensus-clean-candidate,,,R2 Pass A/B consensus clean; awaits fresh acceptance sample,n/a,,
SB-1260,vacuum,n.,вакуум,"Область простору, яка не містить матерії.",consensus-clean,consensus-clean-candidate,,,R2 Pass A/B consensus clean; awaits fresh acceptance sample,n/a,,
SB-1263,vanish,v.,зникати,Стати невидимим або непомітно зникнути з поля зору.,consensus-clean,consensus-clean-candidate,,,R2 Pass A/B consensus clean; awaits fresh acceptance sample,n/a,,
SB-1266,vein,n.,вена,"Кровоносна судина, яка транспортує кров з капілярів назад до серця.",consensus-clean,consensus-clean-candidate,,,R2 Pass A/B consensus clean; awaits fresh acceptance sample,n/a,,
SB-1270,verify,v.,перевірити,Щоб підтвердити або перевірити правдивість або точність чогось.,part1-floor,P1,grammar-calque,high,Codex seed-20260914 blinded acceptance challenge,absent,,
SB-1273,vessel,n.,судно,"Судно для пересування по воді, повітрі або в космосі.",r2-reconciliation,P2,ua-definition-consistency,high,R2 A/B reconciliation (union-defect roster),present,both,"ua: судно; літальний або космічний апарат | definitionUa: Засіб пересування по воді, у повітрі або в космосі."
SB-1274,veteran,n.,ветеран,"Людина, яка служила в збройних силах, особливо старий солдат, який бачив довгу службу.",part1-floor,P2,semantic-scope,medium,Codex seed-20260914 blinded acceptance challenge,absent,,
SB-1275,viable,adj.,життєздатний,"Можна зробити, можливо, практично, здійсненно.",part1-floor,P1,grammar-syntax,high,Codex seed-20260914 blinded acceptance challenge,absent,,
SB-1277,vice,n.,порок,Погана або аморальна поведінка.,consensus-clean,consensus-clean-candidate,,,R2 Pass A/B consensus clean; awaits fresh acceptance sample,n/a,,
SB-1280,violate,v.,порушувати,Порушувати або нехтувати (правилом або конвенцією).,consensus-clean,consensus-clean-candidate,,,R2 Pass A/B consensus clean; awaits fresh acceptance sample,n/a,,
SB-1282,virtue,n.,чеснота,Відповідність моральним принципам; відповідність поведінки чи думки вимогам моралі; хороша моральна поведінка.,consensus-clean,consensus-clean-candidate,,,R2 Pass A/B consensus clean; awaits fresh acceptance sample,n/a,,
SB-1288,warehouse,n.,склад,"Місце для зберігання великої кількості продуктів. У логістиці це місце, куди продукти надходять від виробника до роздрібного продавця.",consensus-clean,consensus-clean-candidate,,,R2 Pass A/B consensus clean; awaits fresh acceptance sample,n/a,,
SB-1289,warfare,n.,війна,Ведення війни або збройного конфлікту проти ворога.,consensus-clean,consensus-clean-candidate,,,R2 Pass A/B consensus clean; awaits fresh acceptance sample,n/a,,
SB-1291,warrior,n.,воїн,"Людина, яка активно бере участь у битві, конфлікті чи війні; солдат чи комбатант.",consensus-clean,consensus-clean-candidate,,,R2 Pass A/B consensus clean; awaits fresh acceptance sample,n/a,,
SB-1292,weaken,v.,ослабити,Зробити слабшим або менш сильним.,consensus-clean,consensus-clean-candidate,,,R2 Pass A/B consensus clean; awaits fresh acceptance sample,n/a,,
SB-1293,weave,v.,плести,Сформувати щось шляхом пропускання відрізків або ниток матеріалу один під одним.,r2-reconciliation,P1,semantic-fidelity,high,R2 A/B reconciliation (union-defect roster),present,definitionUa,"Утворювати тканину або інший виріб, переплітаючи нитки чи смуги над і під одна одною."
SB-1302,widen,v.,розширити,Зробити широким або ширшим.,consensus-clean,consensus-clean-candidate,,,R2 Pass A/B consensus clean; awaits fresh acceptance sample,n/a,,
SB-1303,widow,n.,вдова,"Особа, яка втратила чоловіка і не одружилася повторно:",r2-reconciliation,P2,ui-formatting,high,R2 A/B reconciliation (union-defect roster),present,definitionUa,"Жінка, чоловік якої помер і яка не одружилася повторно."
SB-1304,width,n.,ширина,Вимірювання розміру чого-небудь з боку в бік.,consensus-clean,consensus-clean-candidate,,,R2 Pass A/B consensus clean; awaits fresh acceptance sample,n/a,,
SB-1310,worship,"n., v.",поклоніння,Шанувати (божество тощо) з найвищою пошаною та шануванням; виконувати релігійні вправи на честь.,r2-reconciliation,P1,pos-alignment,high,R2 A/B reconciliation (union-defect roster),present,both,ua: поклоніння; поклонятися | definitionUa: Виявляти найвищу релігійну шану; також акт такого вшанування.
SB-1311,worthwhile,adj.,вартий,"Хороший і достатньо важливий, щоб витратити на нього час, зусилля чи гроші.",consensus-clean,consensus-clean-candidate,,,R2 Pass A/B consensus clean; awaits fresh acceptance sample,n/a,,
SB-1312,worthy,adj.,гідний,"Мати цінність, заслуги або цінність.",r2-reconciliation,P2,pos-alignment,high,R2 A/B reconciliation (union-defect roster),present,definitionUa,"Гідний уваги, поваги або винагороди завдяки своїм якостям."
SB-1316,analysis,word family,аналіз,"Розкладання на компоненти з метою вивчення (складна річ, концепція, теорія тощо).",consensus-clean,consensus-clean-candidate,,,R2 Pass A/B consensus clean; awaits fresh acceptance sample,n/a,,
SB-1322,available,word family,доступний; наявний,Легко доступний.,consensus-clean,consensus-clean-candidate,,,R2 Pass A/B consensus clean; awaits fresh acceptance sample,n/a,,
SB-1324,concept,word family,поняття; концепція,Абстрактна і загальна ідея; абстракція.,consensus-clean,consensus-clean-candidate,,,R2 Pass A/B consensus clean; awaits fresh acceptance sample,n/a,,
SB-1325,consistent,word family,послідовний; узгоджений; сталий,"Регулярного, надійного характеру.",consensus-clean,consensus-clean-candidate,,,R2 Pass A/B consensus clean; awaits fresh acceptance sample,n/a,,
SB-1327,contract,word family,договір; укладати контракт; скорочуватися,"Угода між двома чи більше сторонами про виконання певної роботи або замовлення, часто тимчасова або на фіксований термін і зазвичай регулюється письмовою угодою.",r2-reconciliation,P1,sense-coverage,high,R2 A/B reconciliation (union-defect roster),present,definitionUa,Юридична угода; також укладати таку угоду або зменшуватися в розмірі.
SB-1329,data,word family,дані,"Матеріал, записаний і відомий або прийнятий як факти та використаний як основа для міркувань, обговорень або обчислень, представлений у формі чисел і зазвичай структурований (наприклад, статистика).",consensus-clean,consensus-clean-candidate,,,R2 Pass A/B consensus clean; awaits fresh acceptance sample,n/a,,
SB-1330,definition,word family,визначення,"Виклад значення слова, групи слів, знака чи символу; особливо словникове визначення.",consensus-clean,consensus-clean-candidate,,,R2 Pass A/B consensus clean; awaits fresh acceptance sample,n/a,,
SB-1332,distribution,word family,розподіл; поширення,Акт розповсюдження або стан розповсюдження.,consensus-clean,consensus-clean-candidate,,,R2 Pass A/B consensus clean; awaits fresh acceptance sample,n/a,,
SB-1333,economic,word family,економічний,Що стосується економіки.,consensus-clean,consensus-clean-candidate,,,R2 Pass A/B consensus clean; awaits fresh acceptance sample,n/a,,
SB-1335,established,word family,встановлений; усталений,"Існуючи протягом тривалого часу, тому визнаний і загальновизнаний.",part1-floor,P1,pos-morphology,high,Codex seed-20260914 blinded acceptance challenge,absent,,
SB-1337,evidence,word family,докази; свідчення,"Факти або спостереження, представлені на підтримку твердження.",consensus-clean,consensus-clean-candidate,,,R2 Pass A/B consensus clean; awaits fresh acceptance sample,n/a,,
SB-1338,export,word family,експорт; експортувати,Акт вивезення.,r2-reconciliation,P1,pos-alignment,high,R2 A/B reconciliation (union-defect roster),present,definitionUa,Вивезення товарів за кордон для продажу; також вивозити або передавати дані назовні.
SB-1339,factors,word family,чинники; фактори,"Один із елементів, обставин або впливів, які сприяють досягненню результату.",r2-reconciliation,P1,number-agreement,high,R2 A/B reconciliation (union-defect roster),present,definitionUa,"Елементи, обставини або впливи, що сприяють певному результату."
SB-1340,financial,word family,фінансовий,Пов'язані з фінансами.,r2-reconciliation,P1,number-agreement,high,R2 A/B reconciliation (union-defect roster),present,definitionUa,"Пов’язаний із фінансами, грошима або управлінням коштами."
SB-1341,function,word family,функція; функціонувати,Що щось робить або для чого використовується.,r2-reconciliation,P1,sense-coverage,high,R2 A/B reconciliation (union-defect roster),present,definitionUa,Призначення або роль чогось; також працювати чи діяти належним чином.
SB-1342,identified,word family,визначений; ідентифікований,"Розпізнаний або визначений як конкретна особа, річ чи явище.",consensus-clean,consensus-clean-candidate,,,R2 Pass A/B consensus clean; awaits fresh acceptance sample,n/a,,
SB-1345,individual,word family,окремий; індивідуальний; особа,"Людина, яку вважають самотньою, а не приналежною до групи людей.",r2-reconciliation,P1,semantic-fidelity,high,R2 A/B reconciliation (union-defect roster),present,definitionUa,"Окрема людина, яку розглядають не як частину групи."
SB-1346,interpretation,word family,тлумачення; інтерпретація,Акт тлумачення або пояснення чогось незрозумілого; переклад; версія.,consensus-clean,consensus-clean-candidate,,,R2 Pass A/B consensus clean; awaits fresh acceptance sample,n/a,,
SB-1348,issues,word family,питання; проблеми,"Важливі питання або проблеми, які потребують обговорення чи розв’язання.",consensus-clean,consensus-clean-candidate,,,R2 Pass A/B consensus clean; awaits fresh acceptance sample,n/a,,
SB-1349,labour,word family,праця; робоча сила,"Зусилля, витрачені на певне завдання; трудитися, працювати.",consensus-clean,consensus-clean-candidate,,,R2 Pass A/B consensus clean; awaits fresh acceptance sample,n/a,,
SB-1350,legal,word family,правовий; юридичний,Що стосується права або юристів.,consensus-clean,consensus-clean-candidate,,,R2 Pass A/B consensus clean; awaits fresh acceptance sample,n/a,,
SB-1352,method,word family,метод,"Процес, за допомогою якого виконується завдання; спосіб виконання чогось (з наступним додаванням, до або для мети процесу).",r2-reconciliation,P1,grammar-syntax,high,R2 A/B reconciliation (union-defect roster),present,definitionUa,Упорядкований спосіб або процедура виконання завдання.
SB-1353,occur,word family,відбуватися; траплятися,Відбутися або мати місце.,consensus-clean,consensus-clean-candidate,,,R2 Pass A/B consensus clean; awaits fresh acceptance sample,n/a,,
SB-1354,percent,word family,відсоток,"На кожну сотню (використовується з попереднім числівником для утворення іменника, що виражає пропорцію).",consensus-clean,consensus-clean-candidate,,,R2 Pass A/B consensus clean; awaits fresh acceptance sample,n/a,,
SB-1356,policy,word family,політика; стратегічний курс,"Принцип поведінки, який суб’єкт (уряд, організація тощо) застосовує або прагне дотримуватися, особливо якщо формально виражено авторитетним органом.",r2-reconciliation,P1,grammar-syntax,high,R2 A/B reconciliation (union-defect roster),present,definitionUa,"Принцип або курс дій, якого дотримується уряд чи організація, особливо коли його офіційно затверджено."
SB-1357,principle,word family,принцип,Фундаментальне припущення або керівне переконання.,consensus-clean,consensus-clean-candidate,,,R2 Pass A/B consensus clean; awaits fresh acceptance sample,n/a,,
SB-1358,procedure,word family,процедура,Конкретний спосіб виконання завдання.,consensus-clean,consensus-clean-candidate,,,R2 Pass A/B consensus clean; awaits fresh acceptance sample,n/a,,
SB-1359,process,word family,процес; обробляти,"Низка подій, що призводять до результату або продукту.",consensus-clean,consensus-clean-candidate,,,R2 Pass A/B consensus clean; awaits fresh acceptance sample,n/a,,
SB-1361,research,word family,дослідження; досліджувати,"Старанне розслідування або перевірка з метою пошуку або перегляду фактів, принципів, теорій, застосувань тощо (які наразі доступні або знайомі).",consensus-clean,consensus-clean-candidate,,,R2 Pass A/B consensus clean; awaits fresh acceptance sample,n/a,,
SB-1363,role,word family,роль,Очікувана поведінка індивіда в суспільстві.,consensus-clean,consensus-clean-candidate,,,R2 Pass A/B consensus clean; awaits fresh acceptance sample,n/a,,
SB-1366,significant,word family,значний; суттєвий,Має помітний або великий ефект.,consensus-clean,consensus-clean-candidate,,,R2 Pass A/B consensus clean; awaits fresh acceptance sample,n/a,,
SB-1368,source,word family,джерело,"Особа, місце або предмет, звідки щось (інформація, товари тощо) надходить або отримується.",consensus-clean,consensus-clean-candidate,,,R2 Pass A/B consensus clean; awaits fresh acceptance sample,n/a,,
SB-1369,specific,word family,конкретний; специфічний,Явний або певний.,consensus-clean,consensus-clean-candidate,,,R2 Pass A/B consensus clean; awaits fresh acceptance sample,n/a,,
SB-1370,structure,word family,структура; структурувати,"Згуртоване ціле, що складається з окремих частин.",consensus-clean,consensus-clean-candidate,,,R2 Pass A/B consensus clean; awaits fresh acceptance sample,n/a,,
SB-1371,theory,word family,теорія,"Послідовне твердження або набір ідей, які пояснюють спостережувані факти чи явища та правильно передбачають нові факти чи явища, які раніше не спостерігалися, або які встановлюють закони та принципи чогось відомого чи спос...",r2-reconciliation,P1,ui-truncation,high,R2 A/B reconciliation (union-defect roster),present,definitionUa,"Система взаємопов’язаних ідей, що пояснює факти або явища й дає змогу робити перевірні передбачення."
SB-1373,achieve,word family,досягти,Успішно виконувати; виконати.,r2-reconciliation,P2,aspect-alignment,high,R2 A/B reconciliation (union-defect roster),present,definitionUa,Успішно досягти мети або виконати складне завдання.
SB-1374,administration,word family,адміністрування,Акт адміністрування; управління громадськими справами; надані послуги або взяті на себе обов'язки у веденні справ; ведення будь-якої посади чи роботи; напрямок.,r2-reconciliation,P1,semantic-fidelity,high,R2 A/B reconciliation (union-defect roster),present,definitionUa,"Процес управління установою чи справами; також орган або посадовці, які здійснюють таке управління."
SB-1375,affect,word family,впливати,Впливати або змінювати.,consensus-clean,consensus-clean-candidate,,,R2 Pass A/B consensus clean; awaits fresh acceptance sample,n/a,,
SB-1377,aspects,word family,аспекти,"Будь-яка конкретна особливість, частина або елемент чогось.",r2-reconciliation,P1,number-agreement,high,R2 A/B reconciliation (union-defect roster),present,definitionUa,"Окремі особливості, частини або сторони чогось."
SB-1379,categories,word family,категорії,"Групи, до яких об’єднують речі з подібними властивостями.",consensus-clean,consensus-clean-candidate,,,R2 Pass A/B consensus clean; awaits fresh acceptance sample,n/a,,
SB-1380,chapter,word family,розділ,"Один із основних розділів, на який поділяється опублікований твір, особливо книга.",consensus-clean,consensus-clean-candidate,,,R2 Pass A/B consensus clean; awaits fresh acceptance sample,n/a,,
SB-1381,commission,word family,комісія,"Комісія, яку стягує агент або брокер за здійснення операції.",consensus-clean,consensus-clean-candidate,,,R2 Pass A/B consensus clean; awaits fresh acceptance sample,n/a,,
SB-1382,community,word family,громада,"Група, що має спільні характеристики, такі як одна мова, закон, релігія чи традиція.",consensus-clean,consensus-clean-candidate,,,R2 Pass A/B consensus clean; awaits fresh acceptance sample,n/a,,
SB-1384,computer,word family,комп'ютер,"Програмований електронний пристрій, який виконує математичні обчислення та логічні операції, особливо той, який може дуже швидко обробляти, зберігати та отримувати великі обсяги даних;",r2-reconciliation,P2,ui-formatting,high,R2 A/B reconciliation (union-defect roster),present,definitionUa,"Програмований електронний пристрій, що обробляє, зберігає й відтворює дані та виконує обчислення."
SB-1385,conclusion,word family,висновок,"Кінець, завершення, закриття або остання частина чогось.",consensus-clean,consensus-clean-candidate,,,R2 Pass A/B consensus clean; awaits fresh acceptance sample,n/a,,
SB-1386,conduct,word family,поведінка,Поведінка; манера поводитися.,part1-floor,P2,semantic-scope,medium,Codex seed-20260914 blinded acceptance challenge,absent,,
SB-1388,construction,word family,будівництво,Процес конструювання.,consensus-clean,consensus-clean-candidate,,,R2 Pass A/B consensus clean; awaits fresh acceptance sample,n/a,,
SB-1391,cultural,word family,культурний,Що стосується культури.,consensus-clean,consensus-clean-candidate,,,R2 Pass A/B consensus clean; awaits fresh acceptance sample,n/a,,
SB-1392,design,word family,дизайн,"План (з більшою чи меншою кількістю деталей) структури та функцій артефакту, будівлі чи системи.",consensus-clean,consensus-clean-candidate,,,R2 Pass A/B consensus clean; awaits fresh acceptance sample,n/a,,
SB-1394,evaluation,word family,оцінка,"Оцінка, як-от щорічна перевірка продуктивності персоналу, яка використовується як основа для підвищення зарплати чи премії, або короткий опис конкретної ситуації.",r2-reconciliation,P1,semantic-fidelity,high,R2 A/B reconciliation (union-defect roster),present,definitionUa,"Систематичне визначення якості, ефективності або цінності когось чи чогось."
SB-1397,focus,word family,фокус,Концентрація уваги.,consensus-clean,consensus-clean-candidate,,,R2 Pass A/B consensus clean; awaits fresh acceptance sample,n/a,,
SB-1398,impact,word family,вплив,Значний або сильний вплив чи ефект.,part1-floor,P2,circular-definition,medium,Codex seed-20260914 blinded acceptance challenge,absent,,
SB-1399,injury,word family,травма,Пошкодження тіла живої істоти.,consensus-clean,consensus-clean-candidate,,,R2 Pass A/B consensus clean; awaits fresh acceptance sample,n/a,,
SB-1400,institute,word family,інститут,"Організація, заснована для просування справи",r2-reconciliation,P2,ui-formatting,high,R2 A/B reconciliation (union-defect roster),present,definitionUa,"Організація, заснована для розвитку певної галузі, науки або суспільної справи."
SB-1401,investment,word family,інвестиції,Розміщення капіталу в очікуванні отримання доходу чи прибутку від його використання чи підвищення вартості.,consensus-clean,consensus-clean-candidate,,,R2 Pass A/B consensus clean; awaits fresh acceptance sample,n/a,,
SB-1403,journal,word family,журнал,Періодичне видання з академічними чи професійними статтями; також особистий щоденник.,consensus-clean,consensus-clean-candidate,,,R2 Pass A/B consensus clean; awaits fresh acceptance sample,n/a,,
SB-1405,obtained,word family,отримано,"Отриманий, здобутий або набутий певним способом.",consensus-clean,consensus-clean-candidate,,,R2 Pass A/B consensus clean; awaits fresh acceptance sample,n/a,,
SB-1410,previous,word family,попередній,"попередній; що відбувається перед чимось іншим, у часі чи порядку.",r2-reconciliation,P2,ui-formatting,high,R2 A/B reconciliation (union-defect roster),present,definitionUa,"Такий, що відбувається або розташований раніше в часі чи порядку."
SB-1411,primary,word family,первинний,Перший або найраніший у групі чи серії.,consensus-clean,consensus-clean-candidate,,,R2 Pass A/B consensus clean; awaits fresh acceptance sample,n/a,,
SB-1414,region,word family,область,"Будь-яка значна і зв'язана частина простору або поверхні; зокрема, ділянка землі чи моря значної, але невизначеної протяжності; країна; район;",r2-reconciliation,P2,ui-formatting,high,R2 A/B reconciliation (union-defect roster),present,definitionUa,"Значна безперервна частина території, простору або поверхні."
SB-1415,regulations,word family,нормативні акти,"Закон або адміністративне правило, видане організацією, яке використовується для керівництва чи приписування поведінки членів цієї організації.",r2-reconciliation,P1,number-agreement,high,R2 A/B reconciliation (union-defect roster),present,definitionUa,"Офіційні правила або нормативні акти, що визначають чи обмежують поведінку."
SB-1418,resources,word family,ресурси,"Щось, що використовується для досягнення мети, напр. сировини або персоналу.",r2-reconciliation,P2,grammar-syntax,high,R2 A/B reconciliation (union-defect roster),present,definitionUa,"Засоби, матеріали або люди, які використовують для досягнення мети, наприклад сировина чи персонал."
SB-1422,select,word family,вибрати,"Вибрати один або кілька елементів набору, особливо набору опцій.",consensus-clean,consensus-clean-candidate,,,R2 Pass A/B consensus clean; awaits fresh acceptance sample,n/a,,
SB-1424,strategies,word family,стратегії,"План дій, спрямований на досягнення конкретної мети.",r2-reconciliation,P1,number-agreement,high,R2 A/B reconciliation (union-defect roster),present,definitionUa,"Плани дій, спрямовані на досягнення конкретних цілей."
SB-1430,circumstances,word family,обставини,"Умови та факти, які впливають на ситуацію або подію.",consensus-clean,consensus-clean-candidate,,,R2 Pass A/B consensus clean; awaits fresh acceptance sample,n/a,,
SB-1431,comments,word family,коментарі,Усне або письмове зауваження.,r2-reconciliation,P1,number-agreement,high,R2 A/B reconciliation (union-defect roster),present,definitionUa,Усні або письмові зауваження чи пояснення.
SB-1432,components,word family,компоненти,"Менша самодостатня частина більшої сутності. Часто стосується виготовленого об’єкта, який є частиною більшого пристрою.",r2-reconciliation,P1,number-agreement,high,R2 A/B reconciliation (union-defect roster),present,definitionUa,"Окремі частини, з яких складається більша система або предмет."
SB-1434,constant,word family,постійний,Незмінний у часі чи просторі; постійний.,consensus-clean,consensus-clean-candidate,,,R2 Pass A/B consensus clean; awaits fresh acceptance sample,n/a,,
SB-1436,contribution,word family,внесок,"Щось дане або запропоноване, що додає до більшого цілого.",consensus-clean,consensus-clean-candidate,,,R2 Pass A/B consensus clean; awaits fresh acceptance sample,n/a,,
SB-1438,core,word family,ядро,У загальному вживанні суттєва частина речі в оточенні інших істотних речей.,r2-reconciliation,P1,semantic-fidelity,high,R2 A/B reconciliation (union-defect roster),present,definitionUa,Центральна або найважливіша частина чогось.
SB-1439,corporate,word family,корпоративний,Що стосується корпорації.,consensus-clean,consensus-clean-candidate,,,R2 Pass A/B consensus clean; awaits fresh acceptance sample,n/a,,
SB-1442,demonstrate,word family,продемонструвати,"Показувати, демонструвати або представляти; довести або зробити очевидним",r2-reconciliation,P2,ui-formatting,high,R2 A/B reconciliation (union-defect roster),present,definitionUa,"Показувати, представляти або доводити щось так, щоб воно стало очевидним."
SB-1443,document,word family,документ,"Оригінал або офіційний документ, який використовується як основа, доказ або підтримка будь-чого іншого, включаючи будь-який письмовий документ, книгу чи інший документ, що передає інформацію, що має відношення до такого до...",r2-reconciliation,P1,ui-truncation,high,R2 A/B reconciliation (union-defect roster),present,definitionUa,"Письмовий або цифровий матеріал, що містить інформацію чи слугує офіційним записом або доказом."
SB-1445,emphasis,word family,наголос,"Особлива вага чи сила, що надається чомусь, що вважається важливим.",consensus-clean,consensus-clean-candidate,,,R2 Pass A/B consensus clean; awaits fresh acceptance sample,n/a,,
SB-1450,illustrated,word family,ілюстрований,Містить ілюстрації.,consensus-clean,consensus-clean-candidate,,,R2 Pass A/B consensus clean; awaits fresh acceptance sample,n/a,,
SB-1451,immigration,word family,імміграція,"Акт імміграції; переїзд або в'їзд до країни, у якій людина не народилася, з метою постійного проживання.",consensus-clean,consensus-clean-candidate,,,R2 Pass A/B consensus clean; awaits fresh acceptance sample,n/a,,
SB-1452,implies,word family,передбачає,Пропонується без прямого вказівки; причетні або натякані.,r2-reconciliation,P1,voice-alignment,high,R2 A/B reconciliation (union-defect roster),present,definitionUa,"Непрямо вказує на щось, не висловлюючи цього прямо."
SB-1455,interaction,word family,взаємодія,Розмова або обмін між людьми.,r2-reconciliation,P2,sense-coverage,high,R2 A/B reconciliation (union-defect roster),present,definitionUa,"Взаємний вплив або обмін між людьми, об’єктами чи системами."
SB-1456,layer,word family,шар,"Одна товщина якогось матеріалу, що покриває поверхню.",consensus-clean,consensus-clean-candidate,,,R2 Pass A/B consensus clean; awaits fresh acceptance sample,n/a,,
SB-1457,link,word family,посилання,"Зв’язок між місцями, людьми, подіями, речами чи ідеями.",r2-reconciliation,P1,ua-definition-consistency,high,R2 A/B reconciliation (union-defect roster),present,both,"ua: зв’язок; посилання | definitionUa: Відношення між людьми, подіями, речами чи ідеями; також гіперпосилання."
SB-1458,location,word family,розташування,Конкретна точка або місце у фізичному просторі.,consensus-clean,consensus-clean-candidate,,,R2 Pass A/B consensus clean; awaits fresh acceptance sample,n/a,,
SB-1459,maximum,word family,максимум,Найвища межа.,consensus-clean,consensus-clean-candidate,,,R2 Pass A/B consensus clean; awaits fresh acceptance sample,n/a,,
SB-1461,negative,word family,негативний,Не позитивний або нейтральний; поганий; небажаний; несприятливий.,consensus-clean,consensus-clean-candidate,,,R2 Pass A/B consensus clean; awaits fresh acceptance sample,n/a,,
SB-1462,outcomes,word family,результати,"Те, що виробляється або відбувається в результаті події чи процесу.",r2-reconciliation,P1,number-agreement,high,R2 A/B reconciliation (union-defect roster),present,definitionUa,"Результати, що виникають унаслідок подій або процесів."
SB-1463,partnership,word family,партнерство,Об’єднання двох або більше осіб для ведення бізнесу.,r2-reconciliation,P2,sense-coverage,high,R2 A/B reconciliation (union-defect roster),present,definitionUa,Об’єднання двох або більше сторін для спільної діяльності чи мети.
SB-1464,philosophy,word family,філософія,"Академічна дисципліна, яка шукає істину через міркування, а не через емпіризм, часто намагаючись надати пояснення щодо загальних понять, таких як існування та раціональність.",part1-floor,P1,semantic-pedagogical-error,medium,R1-listed defect; severity normalized to P1 by Codex acceptance review,present,definitionUa,"Дисципліна, що за допомогою критичного міркування досліджує фундаментальні питання буття, знання, цінностей, розуму та мови."
SB-1465,physical,word family,фізичний,"Відноситься до світу, як його розуміють почуттями, а не розумом; матеріальний, конкретний; справжній. Має відношення до матеріального світу.",r2-reconciliation,P1,calque-russianism,high,R2 A/B reconciliation (union-defect roster),present,definitionUa,Пов’язаний із матеріальним світом або тілом; відчутний і конкретний.
SB-1466,proportion,word family,пропорція,"Кількість чогось, що є частиною цілої суми або числа.",consensus-clean,consensus-clean-candidate,,,R2 Pass A/B consensus clean; awaits fresh acceptance sample,n/a,,
SB-1468,reaction,word family,реакція,Дія або твердження у відповідь на стимул або іншу подію.,consensus-clean,consensus-clean-candidate,,,R2 Pass A/B consensus clean; awaits fresh acceptance sample,n/a,,
SB-1469,registered,word family,зареєстрований,Внесення свого імені до офіційного списку або внесення до реєстру.,r2-reconciliation,P1,pos-alignment,high,R2 A/B reconciliation (union-defect roster),present,both,ua: зареєстрований | definitionUa: Офіційно внесений до реєстру або списку.
SB-1472,scheme,word family,схема,Систематичний план майбутніх дій.,consensus-clean,consensus-clean-candidate,,,R2 Pass A/B consensus clean; awaits fresh acceptance sample,n/a,,
SB-1473,sequence,word family,послідовність,Набір речей поруч один з одним у встановленому порядку; серія.,consensus-clean,consensus-clean-candidate,,,R2 Pass A/B consensus clean; awaits fresh acceptance sample,n/a,,
SB-1476,specified,word family,зазначено,Ретельно пояснено.,r2-reconciliation,P2,pos-alignment,high,R2 A/B reconciliation (union-defect roster),present,both,"ua: зазначений; визначений | definitionUa: Чітко названий, визначений або докладно пояснений."
SB-1477,sufficient,word family,достатній,"Достатнього типу або виду, який задовольняє вимоги чи потреби.",r2-reconciliation,P2,pedagogical-definition,high,R2 A/B reconciliation (union-defect roster),present,definitionUa,"Такий, якого досить для задоволення вимог або потреб."
SB-1478,task,word family,завдання,"Частина роботи, яка виконується як частина обов’язків.",consensus-clean,consensus-clean-candidate,,,R2 Pass A/B consensus clean; awaits fresh acceptance sample,n/a,,
SB-1479,technical,word family,технічний,Технології або пов’язані з ними.,r2-reconciliation,P1,grammar-syntax,high,R2 A/B reconciliation (union-defect roster),present,definitionUa,"Пов’язаний із технікою, технологією або спеціальними практичними знаннями."
SB-1480,techniques,word family,техніки,"Спосіб досягнення чогось або здійснення чогось, особливо такий, що вимагає певних навичок або знань.",r2-reconciliation,P1,number-agreement,high,R2 A/B reconciliation (union-defect roster),present,definitionUa,"Практичні способи виконання дії, особливо ті, що потребують навичок."
SB-1481,technology,word family,технології,"Будь-які корисні навички чи механізми, які люди розробили чи винайшли (зокрема, у донаукові епохи).",r2-reconciliation,P2,number-agreement,high,R2 A/B reconciliation (union-defect roster),present,ua,технологія
SB-1482,volume,word family,обсяг,"Тривимірна міра простору, яка складається з довжини, ширини та висоти. Він вимірюється в одиницях кубічних сантиметрів у метричних, кубічних дюймах або кубічних футах в англійській мові.",r2-reconciliation,P1,grammar-syntax,high,R2 A/B reconciliation (union-defect roster),present,definitionUa,"Кількість тривимірного простору, яку займає тіло; вимірюється в кубічних одиницях."
SB-1484,adequate,word family,адекватний,Дорівнює або виконує певну вимогу.,r2-reconciliation,P1,calque-russianism,high,R2 A/B reconciliation (union-defect roster),present,definitionUa,"Достатній для певної мети або такий, що відповідає вимогам."
SB-1485,annual,word family,річний,Відбувається раз на рік.,consensus-clean,consensus-clean-candidate,,,R2 Pass A/B consensus clean; awaits fresh acceptance sample,n/a,,
SB-1487,approximated,word family,наближений,Розраховується наближено,r2-reconciliation,P2,ui-formatting,high,R2 A/B reconciliation (union-defect roster),present,definitionUa,"Оцінений або розрахований наближено, а не точно."
SB-1491,code,word family,код,"Інструкція до комп'ютера, написана мовою програмування; вхідні дані транслятора, інтерпретатора або браузера, а саме: вихідний код, машинний код, байт-код.",r2-reconciliation,P2,pedagogical-definition,high,R2 A/B reconciliation (union-defect roster),present,definitionUa,"Набір інструкцій, написаних мовою програмування для виконання комп’ютером."
SB-1493,communication,word family,спілкування,Концепція або стан обміну даними чи інформацією між об’єктами.,consensus-clean,consensus-clean-candidate,,,R2 Pass A/B consensus clean; awaits fresh acceptance sample,n/a,,
SB-1494,concentration,word family,концентрація,"Дія, процес або здатність концентрації; процес зосередження або стан зосередженості.",consensus-clean,consensus-clean-candidate,,,R2 Pass A/B consensus clean; awaits fresh acceptance sample,n/a,,
SB-1495,conference,word family,конференції,"Офіційний захід, на якому науковці презентують результати своїх досліджень у промовах, семінарах, плакатах або іншими засобами.",part1-floor,P1,pos-morphology,high,Codex seed-20260914 blinded acceptance challenge,absent,,
SB-1496,contrast,word family,контраст,"Різниця між двома об’єктами, людьми чи поняттями.",consensus-clean,consensus-clean-candidate,,,R2 Pass A/B consensus clean; awaits fresh acceptance sample,n/a,,
SB-1497,cycle,word family,цикл,"Процес, який повертається до свого початку, а потім повторюється в тій же послідовності.",consensus-clean,consensus-clean-candidate,,,R2 Pass A/B consensus clean; awaits fresh acceptance sample,n/a,,
SB-1498,debate,word family,дебати,"Аргумент або дискусія, як правило, в упорядкованій або офіційній обстановці, часто за участю більше двох осіб, яка зазвичай закінчується голосуванням або іншим рішенням.",consensus-clean,consensus-clean-candidate,,,R2 Pass A/B consensus clean; awaits fresh acceptance sample,n/a,,
SB-1500,dimensions,word family,розміри,Вимірювані характеристики розміру; також окремі аспекти складного питання.,consensus-clean,consensus-clean-candidate,,,R2 Pass A/B consensus clean; awaits fresh acceptance sample,n/a,,
SB-1502,emerged,word family,виник,Прийти в поле зору.,r2-reconciliation,P2,tense-alignment,high,R2 A/B reconciliation (union-defect roster),present,definitionUa,"З’явився, виник або став помітним."
SB-1503,error,word family,помилка,"помилка; випадкова неправильна дія або неправдива заява, зроблена не навмисно.",r2-reconciliation,P2,ui-formatting,high,R2 A/B reconciliation (union-defect roster),present,definitionUa,"Ненавмисна неправильна дія, обчислення або неправдиве твердження."
SB-1507,hence,word family,отже,"В результаті; отже, з цієї причини.",consensus-clean,consensus-clean-candidate,,,R2 Pass A/B consensus clean; awaits fresh acceptance sample,n/a,,
SB-1508,hypothesis,word family,гіпотеза,"Попереднє припущення, що пояснює спостереження, явище чи наукову проблему, яке можна перевірити шляхом подальших спостережень, досліджень або експериментів.",consensus-clean,consensus-clean-candidate,,,R2 Pass A/B consensus clean; awaits fresh acceptance sample,n/a,,
SB-1509,implications,word family,наслідки,Можливий або непрямий ефект або результат рішення чи дії.,r2-reconciliation,P1,number-agreement,high,R2 A/B reconciliation (union-defect roster),present,definitionUa,"Можливі або непрямі наслідки рішення, дії чи твердження."
SB-1510,imposed,word family,нав'язаний,викладено авторитетно як обов'язкові,r2-reconciliation,P1,grammar-syntax,high,R2 A/B reconciliation (union-defect roster),present,definitionUa,Нав’язаний або установлений владою як обов’язковий.
SB-1511,internal,word family,внутрішній,З або розташована всередині.,r2-reconciliation,P1,grammar-syntax,high,R2 A/B reconciliation (union-defect roster),present,definitionUa,Розташований усередині або пов’язаний із внутрішньою частиною.
SB-1513,job,word family,робота,завдання.,r2-reconciliation,P2,ui-formatting,high,R2 A/B reconciliation (union-defect roster),present,definitionUa,Оплачувана робота або конкретне завдання чи обов’язок.
SB-1515,mechanism,word family,механізм,"Будь-який механічний засіб для перетворення або керування рухом, або передачі чи керування потужністю.",consensus-clean,consensus-clean-candidate,,,R2 Pass A/B consensus clean; awaits fresh acceptance sample,n/a,,
SB-1516,obvious,word family,очевидний,"Легко відкрити, побачити або зрозуміти; зрозумілий сам за себе.",consensus-clean,consensus-clean-candidate,,,R2 Pass A/B consensus clean; awaits fresh acceptance sample,n/a,,
SB-1518,option,word family,варіант,"Один із набору варіантів, які можна зробити.",r2-reconciliation,P1,semantic-fidelity,high,R2 A/B reconciliation (union-defect roster),present,definitionUa,"Одна з можливостей, яку можна вибрати."
SB-1520,overall,word family,в цілому,Загалом; з урахуванням усього.,consensus-clean,consensus-clean-candidate,,,R2 Pass A/B consensus clean; awaits fresh acceptance sample,n/a,,
SB-1521,parallel,word family,паралельний,У всіх точках однаково віддалені один від одного.,r2-reconciliation,P2,number-agreement,medium,R2 A/B reconciliation (union-defect roster),present,definitionUa,"Такий, що в усіх точках залишається на однаковій відстані від іншої лінії чи площини."
SB-1522,parameters,word family,параметри,"Значення, яке залишається постійним під час експерименту, рівняння, розрахунку чи подібного, але змінюється в інших версіях експерименту, рівняння, розрахунку тощо.",r2-reconciliation,P1,number-agreement,high,R2 A/B reconciliation (union-defect roster),present,definitionUa,"Значення або умови, що визначають систему, обчислення чи експеримент."
SB-1523,phase,word family,фаза,"Визначна частина послідовності або циклу, що відбувається з часом.",part1-floor,P1,semantic-pedagogical,high,Codex seed-20260914 blinded acceptance challenge,absent,,
SB-1524,predicted,word family,передбачив,відомо заздалегідь,r2-reconciliation,P1,pos-alignment,high,R2 A/B reconciliation (union-defect roster),present,both,ua: передбачений | definitionUa: Визначений або очікуваний заздалегідь.
SB-1525,prior,word family,попередній,"Прихід раніше за порядком або часом; раніше, колишній, попередній.",r2-reconciliation,P1,pos-alignment,high,R2 A/B reconciliation (union-defect roster),present,definitionUa,"Попередній у часі, порядку або важливості."
SB-1527,project,word family,проект,"Запланована спроба, як правило, з конкретною метою, яка виконується в кілька кроків або етапів.",consensus-clean,consensus-clean-candidate,,,R2 Pass A/B consensus clean; awaits fresh acceptance sample,n/a,,
SB-1530,retained,word family,зберігається,"продовжується у вашому зберіганні, використанні чи пам’яті",r2-reconciliation,P1,pos-alignment,high,R2 A/B reconciliation (union-defect roster),present,both,"ua: збережений | definitionUa: Утриманий, збережений або залишений для подальшого використання чи пам’яті."
SB-1532,statistics,word family,статистика,"Систематичний збір даних вимірювань або спостережень, часто пов’язаних із демографічною інформацією, такою як підрахунок населення, доходи, підрахунок населення в різному віці тощо.",r2-reconciliation,P2,sense-coverage,high,R2 A/B reconciliation (union-defect roster),present,definitionUa,"Числові дані та наука про їх збирання, аналіз і тлумачення."
SB-1533,status,word family,статус,"Стан, положення або становище людини відносно інших.",consensus-clean,consensus-clean-candidate,,,R2 Pass A/B consensus clean; awaits fresh acceptance sample,n/a,,
SB-1534,stress,word family,стрес,"Емоційний тиск, який відчуває людина чи інша тварина.",consensus-clean,consensus-clean-candidate,,,R2 Pass A/B consensus clean; awaits fresh acceptance sample,n/a,,
SB-1536,sum,word family,сума,"Величина, отримана додаванням або агрегацією.",consensus-clean,consensus-clean-candidate,,,R2 Pass A/B consensus clean; awaits fresh acceptance sample,n/a,,
SB-1539,academic,word family,академічний,"Належність до академії чи іншого вищого навчального закладу, наукового товариства чи організації.",consensus-clean,consensus-clean-candidate,,,R2 Pass A/B consensus clean; awaits fresh acceptance sample,n/a,,
SB-1540,alter,word family,змінювати,Щоб змінити форму або структуру.,r2-reconciliation,P2,grammar-syntax,high,R2 A/B reconciliation (union-defect roster),present,definitionUa,"Змінювати форму, властивість або структуру чогось."
SB-1542,capacity,word family,місткість,"Здатність утримувати, приймати або поглинати.",consensus-clean,consensus-clean-candidate,,,R2 Pass A/B consensus clean; awaits fresh acceptance sample,n/a,,
SB-1544,clause,word family,пункт,"Група слів, яка містить підмет і дієслово; це може бути частиною речення або може становити все речення, залежно від синтаксису в кожному випадку.",r2-reconciliation,P1,ua-definition-consistency,high,R2 A/B reconciliation (union-defect roster),present,both,"ua: речення; клауза | definitionUa: Група слів із підметом і присудком, що є частиною складного речення або окремим реченням."
SB-1545,compounds,word family,сполуки,"Все, що зроблено шляхом поєднання кількох речей.",r2-reconciliation,P1,number-agreement,high,R2 A/B reconciliation (union-defect roster),present,definitionUa,"Речовини або об’єкти, утворені поєднанням двох чи більше складників."
SB-1546,conflict,word family,конфлікт,"Зіткнення або розбіжності, часто насильницькі, між двома чи більше протиборчими групами чи особами.",consensus-clean,consensus-clean-candidate,,,R2 Pass A/B consensus clean; awaits fresh acceptance sample,n/a,,
SB-1547,contact,word family,контакт,Встановлення зв'язку (з).,consensus-clean,consensus-clean-candidate,,,R2 Pass A/B consensus clean; awaits fresh acceptance sample,n/a,,
SB-1552,entities,word family,сутності,"Те, що існує як окрема одиниця, часто використовується для організацій, які не мають фізичної форми.",r2-reconciliation,P1,number-agreement,high,R2 A/B reconciliation (union-defect roster),present,definitionUa,Окремі самостійні об’єкти або організації.
SB-1554,evolution,word family,еволюція,Процес розвитку.,consensus-clean,consensus-clean-candidate,,,R2 Pass A/B consensus clean; awaits fresh acceptance sample,n/a,,
SB-1555,expansion,word family,розширення,"Дія, процес або випадок розширення.",consensus-clean,consensus-clean-candidate,,,R2 Pass A/B consensus clean; awaits fresh acceptance sample,n/a,,
SB-1557,external,word family,зовнішній,Поза чим-небудь; на зовнішній вигляд.,r2-reconciliation,P1,semantic-fidelity,high,R2 A/B reconciliation (union-defect roster),present,definitionUa,Розташований поза чимось або пов’язаний із зовнішньою стороною.
SB-1558,fundamental,word family,фундаментальний,Основний; надзвичайно важливо.,r2-reconciliation,P1,pos-alignment,high,R2 A/B reconciliation (union-defect roster),present,definitionUa,"Основний, базовий або надзвичайно важливий."
SB-1559,generated,word family,створений,Приводити в життя; породжувати.,r2-reconciliation,P1,pos-alignment,high,R2 A/B reconciliation (union-defect roster),present,definitionUa,"Створений, вироблений або породжений певним процесом."
SB-1560,generation,word family,покоління,"Група людей, які народилися в певний період років і члени якої можуть мати культурні стосунки один з одним.",r2-reconciliation,P1,calque-russianism,high,R2 A/B reconciliation (union-defect roster),present,definitionUa,"Група людей, народжених приблизно в один період і сформованих спільними історичними та культурними умовами."
SB-1561,image,word family,зображення,Візуальне чи інше зображення зовнішньої форми чогось у мистецтві.,consensus-clean,consensus-clean-candidate,,,R2 Pass A/B consensus clean; awaits fresh acceptance sample,n/a,,
SB-1562,licence,word family,ліцензія,"Офіційний дозвіл на певну діяльність, володіння або використання чогось.",consensus-clean,consensus-clean-candidate,,,R2 Pass A/B consensus clean; awaits fresh acceptance sample,n/a,,
SB-1563,medical,word family,медичний,Про медичну практику або пов’язану з нею.,r2-reconciliation,P1,grammar-syntax,high,R2 A/B reconciliation (union-defect roster),present,definitionUa,Пов’язаний із медициною або медичною практикою.
SB-1564,mental,word family,психічний,Що стосується розуму чи конкретно повної емоційної та інтелектуальної реакції індивіда на зовнішню реальність.,consensus-clean,consensus-clean-candidate,,,R2 Pass A/B consensus clean; awaits fresh acceptance sample,n/a,,
SB-1565,modified,word family,змінений,змінений; змінено,r2-reconciliation,P2,ui-formatting,high,R2 A/B reconciliation (union-defect roster),present,definitionUa,Змінений порівняно з початковою формою.
SB-1566,monitoring,word family,моніторинг,"Здійснення спостереження за навколишнім середовищем чи людьми або безперервне чи регулярне спостереження за ними з метою виявлення сигналів, рухів або змін стану чи якості.",consensus-clean,consensus-clean-candidate,,,R2 Pass A/B consensus clean; awaits fresh acceptance sample,n/a,,
SB-1568,notion,word family,поняття,"Ментальне сприйняття всього, що можна знати, думати або уявляти; ідея, концепція.",consensus-clean,consensus-clean-candidate,,,R2 Pass A/B consensus clean; awaits fresh acceptance sample,n/a,,
SB-1570,perspective,word family,перспектива,"Вибір єдиного ракурсу або точки зору, з якої можна відчути, класифікувати, виміряти або кодифікувати досвід.",part1-floor,P1,semantic-pedagogical,high,Codex seed-20260914 blinded acceptance challenge,absent,,
SB-1573,psychology,word family,психологія,Вивчення людського розуму.,r2-reconciliation,P2,sense-coverage,high,R2 A/B reconciliation (union-defect roster),present,definitionUa,"Наука про психіку, поведінку та психічні процеси людей."
SB-1575,rejected,word family,відхилено,Відхилений або не прийнятий після розгляду.,r2-reconciliation,P2,pos-alignment,high,R2 A/B reconciliation (union-defect roster),present,ua,відхилений
SB-1576,revenue,word family,дохід,"Загальний дохід, отриманий із певного джерела.",consensus-clean,consensus-clean-candidate,,,R2 Pass A/B consensus clean; awaits fresh acceptance sample,n/a,,
SB-1579,target,word family,мета,Ціль або завдання.,consensus-clean,consensus-clean-candidate,,,R2 Pass A/B consensus clean; awaits fresh acceptance sample,n/a,,
SB-1580,transition,word family,перехід,"Процес зміни однієї форми, стану, стилю чи місця в інше.",consensus-clean,consensus-clean-candidate,,,R2 Pass A/B consensus clean; awaits fresh acceptance sample,n/a,,
SB-1582,version,word family,версія,Певна форма або варіація чогось.,consensus-clean,consensus-clean-candidate,,,R2 Pass A/B consensus clean; awaits fresh acceptance sample,n/a,,
SB-1585,abstract,word family,анотація,Скорочення або підсумок більшої публікації.,part1-floor,P1,semantic-pedagogical,high,Codex seed-20260914 blinded acceptance challenge,absent,,
SB-1590,attached,word family,додається,Підключений; приєднався.,part1-floor,P1,pos-morphology,high,Codex seed-20260914 blinded acceptance challenge,absent,,
SB-1591,author,word family,автор,"Автор або творець твору, особливо літературного твору; або один із творців спільного твору.",consensus-clean,consensus-clean-candidate,,,R2 Pass A/B consensus clean; awaits fresh acceptance sample,n/a,,
SB-1593,brief,word family,короткий,Короткочасний; відбувається швидко.,consensus-clean,consensus-clean-candidate,,,R2 Pass A/B consensus clean; awaits fresh acceptance sample,n/a,,
SB-1594,capable,word family,здатний,"Умілий та ефективний; наявність здібностей, необхідних для конкретного завдання; наявність бажання щось зробити; дозволяти або бути сприйнятливим до чогось.",r2-reconciliation,P1,semantic-fidelity,high,R2 A/B reconciliation (union-defect roster),present,definitionUa,"Такий, що має потрібні здібності або спроможний виконати певне завдання."
SB-1597,diversity,word family,різноманітність,Якість різноманітності або відмінності; відмінність чи несхожість.,consensus-clean,consensus-clean-candidate,,,R2 Pass A/B consensus clean; awaits fresh acceptance sample,n/a,,
SB-1598,edition,word family,видання,"Повна кількість примірників твору, надрукованого та виданого за один раз.",consensus-clean,consensus-clean-candidate,,,R2 Pass A/B consensus clean; awaits fresh acceptance sample,n/a,,
SB-1599,enhanced,word family,посилений,"У версії або формі, яка була вдосконалена або краща за іншу стандартну форму.",consensus-clean,consensus-clean-candidate,,,R2 Pass A/B consensus clean; awaits fresh acceptance sample,n/a,,
SB-1601,exceed,word family,перевищувати,Виходити за (якусь межу); перевершити; бути довшим ніж.,consensus-clean,consensus-clean-candidate,,,R2 Pass A/B consensus clean; awaits fresh acceptance sample,n/a,,
SB-1602,expert,word family,експерт,Людина з широкими знаннями або здібностями в певній темі.,consensus-clean,consensus-clean-candidate,,,R2 Pass A/B consensus clean; awaits fresh acceptance sample,n/a,,
SB-1603,federal,word family,федеральний,"Відноситься до рівня національного уряду у федеративній країні, на відміну від рівня штату, провінції, округу, міста чи селища.",r2-reconciliation,P1,calque-russianism,high,R2 A/B reconciliation (union-defect roster),present,definitionUa,Пов’язаний із федеральним або загальнонаціональним рівнем влади у федерації.
SB-1606,gender,word family,стать,"Ідентифікація як чоловіка, жінки чи чогось іншого та асоціація з (соціальною) роллю або набором поведінкових і культурних рис, одягу тощо; категорія, до якої за цією ознакою належить особа.",consensus-clean,consensus-clean-candidate,,,R2 Pass A/B consensus clean; awaits fresh acceptance sample,n/a,,
SB-1608,incentive,word family,стимул,"Щось, що мотивує, збуджує або заохочує.",consensus-clean,consensus-clean-candidate,,,R2 Pass A/B consensus clean; awaits fresh acceptance sample,n/a,,
SB-1610,index,word family,індекс,Алфавітний список предметів і їх розташування.,consensus-clean,consensus-clean-candidate,,,R2 Pass A/B consensus clean; awaits fresh acceptance sample,n/a,,
SB-1613,input,word family,введення,"Дані, що вводяться в процес, мають намір формувати чи впливати на результат цього процесу.",r2-reconciliation,P1,semantic-fidelity,high,R2 A/B reconciliation (union-defect roster),present,definitionUa,"Дані або ресурси, що надходять у процес і впливають на його результат."
SB-1614,instructions,word family,інструкції,"Вказівки, які пояснюють, що або як потрібно зробити.",consensus-clean,consensus-clean-candidate,,,R2 Pass A/B consensus clean; awaits fresh acceptance sample,n/a,,
SB-1615,intelligence,word family,інтелект,"Здатність розуму, особливо розуміти принципи, істини, факти чи значення, здобувати знання та застосовувати їх на практиці; здатність осягати і вчитися;",consensus-clean,consensus-clean-candidate,,,R2 Pass A/B consensus clean; awaits fresh acceptance sample,n/a,,
SB-1617,lecture,word family,лекція,"Розмовний урок або експозиція, як правило, для групи.",r2-reconciliation,P1,semantic-fidelity,high,R2 A/B reconciliation (union-defect roster),present,definitionUa,Усний навчальний виклад або виступ перед групою слухачів.
SB-1618,minimum,word family,мінімум,Найменша сума.,consensus-clean,consensus-clean-candidate,,,R2 Pass A/B consensus clean; awaits fresh acceptance sample,n/a,,
SB-1619,motivation,word family,мотивація,Стимул або причина щось робити.,consensus-clean,consensus-clean-candidate,,,R2 Pass A/B consensus clean; awaits fresh acceptance sample,n/a,,
SB-1622,overseas,word family,за кордоном,"За кордон, особливо за море.",part1-floor,P2,semantic-scope,medium,Codex seed-20260914 blinded acceptance challenge,absent,,
SB-1623,preceding,word family,попередній,"Відбувається до або перед чимось іншим, у часі, місці, ранзі чи послідовності.",consensus-clean,consensus-clean-candidate,,,R2 Pass A/B consensus clean; awaits fresh acceptance sample,n/a,,
SB-1627,subsidiary,word family,дочірнє підприємство,"Компанія, що належить материнській компанії або холдинговій компанії, також називається дочірньою компанією або дочірньою компанією.",r2-reconciliation,P2,pedagogical-definition,high,R2 A/B reconciliation (union-defect roster),present,definitionUa,"Компанія, яку контролює материнська або холдингова компанія."
SB-1628,tapes,word family,стрічки,Гнучкий матеріал в рулоні з липкою поверхнею з одного або обох боків; липка стрічка.,consensus-clean,consensus-clean-candidate,,,R2 Pass A/B consensus clean; awaits fresh acceptance sample,n/a,,
SB-1630,adults,word family,дорослі,"Особа, яка досягла повноліття.",part1-floor,P1,pos-morphology,high,Codex seed-20260914 blinded acceptance challenge,absent,,
SB-1633,chemical,word family,хімічний,З хімії або пов'язаної з нею.,r2-reconciliation,P1,grammar-syntax,high,R2 A/B reconciliation (union-defect roster),present,definitionUa,Пов’язаний із хімією або хімічними речовинами.
SB-1635,comprehensive,word family,комплексний,Широко або повністю покриває; включаючи велику частку чогось.,part1-floor,P1,pos-morphology-mismatch,high,R1-listed defect; severity normalized to P1 by Codex acceptance review,present,definitionUa,"Такий, що охоплює всі або майже всі аспекти чогось; всебічний."
SB-1637,confirmed,word family,підтверджено,Перевірено або ратифіковано.,r2-reconciliation,P2,pos-alignment,high,R2 A/B reconciliation (union-defect roster),present,ua,підтверджений
SB-1638,converted,word family,перетворений,змінилася форма чи функція тощо.,r2-reconciliation,P1,pos-alignment,high,R2 A/B reconciliation (union-defect roster),present,definitionUa,"Перетворений на іншу форму, функцію або систему."
SB-1639,couple,word family,пара,Два партнери в романтичних або сексуальних стосунках.,consensus-clean,consensus-clean-candidate,,,R2 Pass A/B consensus clean; awaits fresh acceptance sample,n/a,,
SB-1640,decades,word family,десятиліть,Періоди тривалістю по десять років.,r2-reconciliation,P2,case-alignment,medium,R2 A/B reconciliation (union-defect roster),present,ua,десятиліття
SB-1641,definite,word family,певний,Без жодних сумнівів.,consensus-clean,consensus-clean-candidate,,,R2 Pass A/B consensus clean; awaits fresh acceptance sample,n/a,,
SB-1642,deny,word family,заперечувати,"Стверджувати, що щось неправда.",consensus-clean,consensus-clean-candidate,,,R2 Pass A/B consensus clean; awaits fresh acceptance sample,n/a,,
SB-1644,eliminate,word family,ліквідувати,"Повністю прибрати, позбутися, покінчити.",consensus-clean,consensus-clean-candidate,,,R2 Pass A/B consensus clean; awaits fresh acceptance sample,n/a,,
SB-1645,equipment,word family,обладнання,"Будь-які предмети, які використовуються для спорядження чогось або когось, наприклад речі, необхідні для експедиції чи плавання.",consensus-clean,consensus-clean-candidate,,,R2 Pass A/B consensus clean; awaits fresh acceptance sample,n/a,,
SB-1646,file,word family,файл,"Збірка документів, зібраних і архівованих разом.",consensus-clean,consensus-clean-candidate,,,R2 Pass A/B consensus clean; awaits fresh acceptance sample,n/a,,
SB-1647,finite,word family,кінцевий,"Такий, що має визначену межу, кінець або обмежену кількість.",consensus-clean,consensus-clean-candidate,,,R2 Pass A/B consensus clean; awaits fresh acceptance sample,n/a,,
SB-1648,foundation,word family,основа,"Те, на чому все засновано; те, на чому що-небудь стоїть і чим воно підтримується; нижній і опорний шар надбудови; підбудова.",consensus-clean,consensus-clean-candidate,,,R2 Pass A/B consensus clean; awaits fresh acceptance sample,n/a,,
SB-1649,global,word family,глобальний,Щодо всіх частин світу.,consensus-clean,consensus-clean-candidate,,,R2 Pass A/B consensus clean; awaits fresh acceptance sample,n/a,,
SB-1650,grade,word family,клас,"Виконання тесту чи іншого оцінювання, виражене цифрою, літерою чи іншим символом; оцінка.",r2-reconciliation,P1,ua-definition-consistency,high,R2 A/B reconciliation (union-defect roster),present,both,"ua: оцінка | definitionUa: Результат оцінювання, виражений числом, літерою чи іншим символом."
SB-1651,guarantee,word family,гарантія,"Все, що забезпечує певний результат.",consensus-clean,consensus-clean-candidate,,,R2 Pass A/B consensus clean; awaits fresh acceptance sample,n/a,,
SB-1652,hierarchical,word family,ієрархічний,Що стосується ієрархії.,consensus-clean,consensus-clean-candidate,,,R2 Pass A/B consensus clean; awaits fresh acceptance sample,n/a,,
SB-1653,identical,word family,однакові,"Маючи повну схожість, маючи абсолютно однаковий набір характеристик; нерозрізнений.",r2-reconciliation,P1,number-agreement,high,R2 A/B reconciliation (union-defect roster),present,both,ua: однаковий; ідентичний | definitionUa: Цілком такий самий за всіма істотними ознаками.
SB-1658,media,word family,ЗМІ,Засоби та інститути публікації та трансляції інформації.,consensus-clean,consensus-clean-candidate,,,R2 Pass A/B consensus clean; awaits fresh acceptance sample,n/a,,
SB-1660,paradigm,word family,парадигма,"Зразок, спосіб виконання чогось; особливо модель мислення, система вірувань, концептуальна основа.",consensus-clean,consensus-clean-candidate,,,R2 Pass A/B consensus clean; awaits fresh acceptance sample,n/a,,
SB-1661,phenomenon,word family,явище,"Річ або істота, подія або процес, що сприймаються органами чуття; або факт чи подія цього.",r2-reconciliation,P1,grammar-syntax,high,R2 A/B reconciliation (union-defect roster),present,definitionUa,"Подія, факт або процес, які можна спостерігати чи досліджувати."
SB-1662,priority,word family,пріоритет,Відносна важливість елемента.,consensus-clean,consensus-clean-candidate,,,R2 Pass A/B consensus clean; awaits fresh acceptance sample,n/a,,
SB-1663,prohibited,word family,заборонено,Заборонено; заборонений; недозволено.,r2-reconciliation,P2,pos-alignment,high,R2 A/B reconciliation (union-defect roster),present,both,"ua: заборонений | definitionUa: Не дозволений правилом, законом або владою."
SB-1664,publication,word family,публікація,Акт видання друкованого чи іншого видання.,consensus-clean,consensus-clean-candidate,,,R2 Pass A/B consensus clean; awaits fresh acceptance sample,n/a,,
SB-1665,quotation,word family,цитата,"Фрагмент людського виразу, який повторює хтось інший, наприклад, з літератури чи відомої промови.",r2-reconciliation,P1,calque-russianism,high,R2 A/B reconciliation (union-defect roster),present,definitionUa,Точне відтворення слів іншої людини або уривка з тексту.
SB-1667,somewhat,word family,дещо,В обмеженій мірі або ступені; не повністю.,consensus-clean,consensus-clean-candidate,,,R2 Pass A/B consensus clean; awaits fresh acceptance sample,n/a,,
SB-1668,submitted,word family,подано,"Внести або винести на затвердження, розгляд, відмітку тощо.",part1-floor,P1,pos-morphology,high,Codex seed-20260914 blinded acceptance challenge,absent,,
SB-1669,survive,word family,вижити,"Про людину, продовжувати жити; залишитися живим.",r2-reconciliation,P1,grammar-syntax,high,R2 A/B reconciliation (union-defect roster),present,definitionUa,Залишатися живим після небезпеки; також продовжувати існувати.
SB-1670,thesis,word family,теза,"Розгорнута наукова робота або основне твердження, яке автор обґрунтовує доказами.",consensus-clean,consensus-clean-candidate,,,R2 Pass A/B consensus clean; awaits fresh acceptance sample,n/a,,
SB-1672,ultimately,word family,зрештою,Зрештою; нарешті.,consensus-clean,consensus-clean-candidate,,,R2 Pass A/B consensus clean; awaits fresh acceptance sample,n/a,,
SB-1675,voluntary,word family,добровільний,"Робиться, дається або діє за власним бажанням.",consensus-clean,consensus-clean-candidate,,,R2 Pass A/B consensus clean; awaits fresh acceptance sample,n/a,,
SB-1677,accompanied,word family,у супроводі,Наявність супроводу; бути частиною групи щонайменше з двох.,r2-reconciliation,P1,pos-alignment,high,R2 A/B reconciliation (union-defect roster),present,both,"ua: супроводжуваний; у супроводі | definitionUa: Такий, що прибув або відбувся разом із кимось чи чимось."
SB-1678,ambiguous,word family,неоднозначний,Відкритий для багатьох інтерпретацій.,r2-reconciliation,P2,semantic-fidelity,high,R2 A/B reconciliation (union-defect roster),present,definitionUa,"Такий, що допускає кілька різних тлумачень і не має одного ясного значення."
SB-1680,automatically,word family,автоматично,Автоматичним способом.,r2-reconciliation,P2,pedagogical-definition,high,R2 A/B reconciliation (union-defect roster),present,definitionUa,"Без ручного втручання або свідомого рішення, завдяки заданому процесу."
SB-1683,conformity,word family,відповідність,"Стан відповідності, дотримання набору правил, норми чи стандарту.",consensus-clean,consensus-clean-candidate,,,R2 Pass A/B consensus clean; awaits fresh acceptance sample,n/a,,
SB-1686,currency,word family,валюта,"Гроші чи інші предмети, які використовуються для здійснення операцій.",consensus-clean,consensus-clean-candidate,,,R2 Pass A/B consensus clean; awaits fresh acceptance sample,n/a,,
SB-1688,detected,word family,виявлено,Будучи поміченим.,r2-reconciliation,P2,pos-alignment,high,R2 A/B reconciliation (union-defect roster),present,both,ua: виявлений | definitionUa: Помічений або встановлений унаслідок перевірки чи спостереження.
SB-1690,displacement,word family,переміщення,Акт витіснення або стан витіснення; постановка з місця.,r2-reconciliation,P1,semantic-fidelity,high,R2 A/B reconciliation (union-defect roster),present,definitionUa,Переміщення з попереднього місця або витіснення; також відстань такого переміщення.
SB-1692,eventually,word family,зрештою,"Зрештою; пізніше, особливо після тривалого часу, серія проблем, боротьби, затримок або невдач.",r2-reconciliation,P1,grammar-syntax,high,R2 A/B reconciliation (union-defect roster),present,definitionUa,"Зрештою, особливо після тривалого часу, серії проблем, затримок або невдач."
SB-1695,guidelines,word family,настанови,"Неконкретне правило або принцип, який забезпечує напрямок дій або поведінки.",part1-floor,P1,pos-morphology-mismatch,medium,R1-listed defect; severity normalized to P1 by Codex acceptance review,present,definitionUa,"Загальні правила, принципи або рекомендації, що спрямовують дії чи поведінку."
SB-1697,implicit,word family,неявний,"Пропонується опосередковано, без прямого вираження.",r2-reconciliation,P1,semantic-fidelity,high,R2 A/B reconciliation (union-defect roster),present,definitionUa,Мається на увазі без прямого висловлення.
SB-1699,inevitably,word family,неминуче,"Таким чином, якого неможливо уникнути або запобігти.",consensus-clean,consensus-clean-candidate,,,R2 Pass A/B consensus clean; awaits fresh acceptance sample,n/a,,
SB-1700,infrastructure,word family,інфраструктура,"Об’єкти, послуги та обладнання, необхідні для функціонування спільноти чи суспільства.",consensus-clean,consensus-clean-candidate,,,R2 Pass A/B consensus clean; awaits fresh acceptance sample,n/a,,
SB-1701,minimised,word family,зведений до мінімуму,"Зменшений до найнижчого можливого рівня, кількості або ступеня.",consensus-clean,consensus-clean-candidate,,,R2 Pass A/B consensus clean; awaits fresh acceptance sample,n/a,,
SB-1705,plus,word family,плюс,Позитивна величина.,consensus-clean,consensus-clean-candidate,,,R2 Pass A/B consensus clean; awaits fresh acceptance sample,n/a,,
SB-1707,prospect,word family,перспектива,"Потенційні речі, які можуть статися, часто сприятливі.",part1-floor,P1,pos-morphology-mismatch,medium,R1-listed defect; severity normalized to P1 by Codex acceptance review,present,definitionUa,"Можливість або очікування майбутньої події, часто сприятливої."
SB-1708,random,word family,випадковий,"Виникає без особливої ​​причини; випадковий, непередбачуваний.",consensus-clean,consensus-clean-candidate,,,R2 Pass A/B consensus clean; awaits fresh acceptance sample,n/a,,
SB-1709,reinforced,word family,посилений,Був або містить підкріплення.,r2-reconciliation,P1,tense-alignment,high,R2 A/B reconciliation (union-defect roster),present,definitionUa,"Посилений додатковою опорою, матеріалом або аргументом."
SB-1711,revision,word family,перегляд,"Дія або процес перегляду, редагування та внесення змін.",consensus-clean,consensus-clean-candidate,,,R2 Pass A/B consensus clean; awaits fresh acceptance sample,n/a,,
SB-1712,schedule,word family,графік,"Процедурний план, як правило, але не обов’язково табличного характеру, із зазначенням послідовності операцій і запланованого часу, коли ці операції мають виконуватися.",consensus-clean,consensus-clean-candidate,,,R2 Pass A/B consensus clean; awaits fresh acceptance sample,n/a,,
SB-1713,tension,word family,напруга,"Умова перебування в стані між двома або більше силами, які діють протилежно одна одній.",consensus-clean,consensus-clean-candidate,,,R2 Pass A/B consensus clean; awaits fresh acceptance sample,n/a,,
SB-1714,termination,word family,припинення,Процес припинення або стан припинення.,consensus-clean,consensus-clean-candidate,,,R2 Pass A/B consensus clean; awaits fresh acceptance sample,n/a,,
SB-1715,theme,word family,тема,"Предмет, тепер особливо розмови чи художнього твору; тема.",r2-reconciliation,P2,pedagogical-definition,high,R2 A/B reconciliation (union-defect roster),present,definitionUa,"Головний предмет розмови, дослідження або художнього твору."
SB-1716,uniform,word family,уніформа,"Відмітний одяг, який служить для ідентифікації членів групи, компанії, ув'язнених тощо.",consensus-clean,consensus-clean-candidate,,,R2 Pass A/B consensus clean; awaits fresh acceptance sample,n/a,,
SB-1717,vehicle,word family,транспортний засіб,"Транспортний засіб: місткий пристрій для перенесення або транспортування речовин, предметів, людей або тварин.",consensus-clean,consensus-clean-candidate,,,R2 Pass A/B consensus clean; awaits fresh acceptance sample,n/a,,
SB-1719,virtually,word family,практично,"Майже, але не зовсім.",consensus-clean,consensus-clean-candidate,,,R2 Pass A/B consensus clean; awaits fresh acceptance sample,n/a,,
SB-1721,visual,word family,візуальний,Пов’язані із зором або впливають на нього.,r2-reconciliation,P1,number-agreement,high,R2 A/B reconciliation (union-defect roster),present,definitionUa,"Пов’язаний із зором або тим, що сприймається очима."
SB-1722,accommodation,word family,проживання,"Проживання в житлі чи подібних житлових приміщеннях, які надаються мандрівникам у готелях або на круїзних суднах, або ув’язненим тощо.",consensus-clean,consensus-clean-candidate,,,R2 Pass A/B consensus clean; awaits fresh acceptance sample,n/a,,
SB-1723,analogous,word family,аналогічний,"Наявність аналога, статус аналога; відповідний чомусь іншому; має певну схожість або схожу пропорцію (часто після «до».)",r2-reconciliation,P1,pedagogical-accuracy,high,R2 A/B reconciliation (union-defect roster),present,definitionUa,Подібний до чогось за певними ознаками або відношеннями; англійською вживається з «to».
SB-1724,anticipated,word family,очікуваний,очікується прибуття; заплановано,r2-reconciliation,P1,pos-alignment,high,R2 A/B reconciliation (union-defect roster),present,definitionUa,Очікуваний або передбачений заздалегідь.
SB-1730,concurrent,word family,одночасний,Відбувається одночасно; одночасний.,r2-reconciliation,P2,pedagogical-definition,high,R2 A/B reconciliation (union-defect roster),present,definitionUa,"Такий, що відбувається в той самий час, що й інша подія."
SB-1731,confined,word family,обмежений,Не вільно рухатися.,part1-floor,P1,pos-morphology-mismatch,high,R1-listed defect; severity normalized to P1 by Codex acceptance review,present,definitionUa,Обмежений у русі; не здатний вільно рухатися.
SB-1732,controversy,word family,суперечка,Дебати або обговорення протилежних думок; (загалом) сварка.,consensus-clean,consensus-clean-candidate,,,R2 Pass A/B consensus clean; awaits fresh acceptance sample,n/a,,
SB-1733,conversely,word family,навпаки,З іншої точки зору; з іншого боку.,r2-reconciliation,P1,semantic-fidelity,high,R2 A/B reconciliation (union-defect roster),present,definitionUa,Навпаки; якщо розглянути протилежне співвідношення.
SB-1734,device,word family,пристрій,"Будь-яка частина обладнання, виготовлена ​​для певної мети, особливо механічна чи електрична.",consensus-clean,consensus-clean-candidate,,,R2 Pass A/B consensus clean; awaits fresh acceptance sample,n/a,,
SB-1735,devoted,word family,відданий,Сильна емоційна прив'язаність; дуже любити когось або щось.,part1-floor,P1,pos-morphology-mismatch,high,R1-listed defect; severity normalized to P1 by Codex acceptance review,present,definitionUa,Який має сильну емоційну прив'язаність; відданий; дуже любить когось або щось.
SB-1737,duration,word family,тривалість,Проміжок часу або певний проміжок часу.,r2-reconciliation,P2,pedagogical-definition,high,R2 A/B reconciliation (union-defect roster),present,definitionUa,"Кількість часу, протягом якого щось триває."
SB-1738,erosion,word family,ерозія,"Результат зносу або ерозії, як льодовик на скелі або море на скелі.",r2-reconciliation,P1,semantic-fidelity,high,R2 A/B reconciliation (union-defect roster),present,definitionUa,"Поступове руйнування й перенесення ґрунту або породи водою, вітром, льодом чи іншими чинниками."
SB-1739,ethical,word family,етичний,"Що стосується загальноприйнятих принципів правильного й неправильного, особливо в певній організації чи професії.",consensus-clean,consensus-clean-candidate,,,R2 Pass A/B consensus clean; awaits fresh acceptance sample,n/a,,
SB-1740,format,word family,формат,Макет публікації чи документа.,consensus-clean,consensus-clean-candidate,,,R2 Pass A/B consensus clean; awaits fresh acceptance sample,n/a,,
SB-1744,mediation,word family,посередництво,"Переговори для вирішення розбіжностей, які проводяться неупередженою стороною.",consensus-clean,consensus-clean-candidate,,,R2 Pass A/B consensus clean; awaits fresh acceptance sample,n/a,,
SB-1746,military,word family,військовий,"Стосовно збройних сил, таких як армія, морська піхота, флот і авіація (часто на відміну від цивільних чи поліцейських сил).",consensus-clean,consensus-clean-candidate,,,R2 Pass A/B consensus clean; awaits fresh acceptance sample,n/a,,
SB-1747,norms,word family,норми,"Те, що є нормальним або типовим.",part1-floor,P1,pos-morphology,high,Codex seed-20260914 blinded acceptance challenge,absent,,
SB-1749,portion,word family,частина,Виділена сума.,consensus-clean,consensus-clean-candidate,,,R2 Pass A/B consensus clean; awaits fresh acceptance sample,n/a,,
SB-1750,qualitative,word family,якісний,"Описів або відмінностей, заснованих на певній якості, а не на певній кількості.",r2-reconciliation,P1,grammar-syntax,high,R2 A/B reconciliation (union-defect roster),present,definitionUa,"Заснований на якості, властивостях або описі, а не на числовій кількості."
SB-1752,relaxed,word family,розслаблений,Вільний від напруги або тривоги; невимушено; неквапливий.,r2-reconciliation,P1,grammar-syntax,high,R2 A/B reconciliation (union-defect roster),present,definitionUa,Вільний від напруги або тривоги; спокійний і невимушений.
SB-1753,restraints,word family,обмеження,контроль або обережність; резерв,r2-reconciliation,P1,semantic-fidelity,high,R2 A/B reconciliation (union-defect roster),present,definitionUa,"Засоби або правила, що обмежують свободу дії чи руху; стримувальні заходи."
SB-1754,revolution,word family,революція,"Політичний переворот в уряді чи державі, що характеризується великими змінами.",part1-floor,P2,semantic-scope,medium,Codex seed-20260914 blinded acceptance challenge,absent,,
SB-1755,rigid,word family,жорсткий,"Жорсткий, а не гнучкий.",consensus-clean,consensus-clean-candidate,,,R2 Pass A/B consensus clean; awaits fresh acceptance sample,n/a,,
SB-1757,scenario,word family,сценарій,Схема або модель очікуваної чи передбачуваної послідовності подій.,consensus-clean,consensus-clean-candidate,,,R2 Pass A/B consensus clean; awaits fresh acceptance sample,n/a,,
SB-1758,subordinate,word family,підлеглий,"Поставлений у нижчий клас, ранг або посаду.",consensus-clean,consensus-clean-candidate,,,R2 Pass A/B consensus clean; awaits fresh acceptance sample,n/a,,
SB-1759,supplementary,word family,додатковий,"додатковий; додано, щоб забезпечити те, що потрібно.",r2-reconciliation,P1,pos-alignment,high,R2 A/B reconciliation (union-defect roster),present,definitionUa,"Додатковий; призначений доповнити те, чого бракує."
SB-1760,suspended,word family,призупинено,Змусив на деякий час зупинитися; переривається або затримується.,r2-reconciliation,P1,tense-alignment,high,R2 A/B reconciliation (union-defect roster),present,both,"ua: призупинений | definitionUa: Тимчасово зупинений, відкладений або усунений від виконання обов’язків."
SB-1761,team,word family,команда,"Будь-яка група людей, які займаються однією діяльністю, особливо спортом або роботою.",consensus-clean,consensus-clean-candidate,,,R2 Pass A/B consensus clean; awaits fresh acceptance sample,n/a,,
SB-1762,temporary,word family,тимчасовий,Не постійний; існує лише протягом періоду або періодів часу.,part1-floor,P2,learner-register,medium,Codex seed-20260914 blinded acceptance challenge,absent,,
SB-1768,conceived,word family,задуманий,сформований у свідомості,r2-reconciliation,P2,ui-formatting,high,R2 A/B reconciliation (union-defect roster),present,definitionUa,Сформований або створений у свідомості як ідея чи задум.
SB-1769,convinced,word family,переконаний,"У стані віри, особливо на основі доказів, але не обов'язково.",r2-reconciliation,P1,calque-russianism,high,R2 A/B reconciliation (union-defect roster),present,definitionUa,Твердий у певному переконанні або впевнений у його правдивості.
SB-1770,depression,word family,депресія,"Душевний стан, що викликає серйозне довгострокове зниження задоволення від життя або нездатність уявити собі щасливе майбутнє; будь-який із кількох психічних розладів, головною ознакою якого є цей стан розуму.",part1-floor,P2,semantic-scope,medium,Codex seed-20260914 blinded acceptance challenge,absent,,
SB-1771,encountered,word family,зіткнувся,"Зустріти (когось) або знайти (щось), особливо несподівано.",r2-reconciliation,P2,tense-alignment,medium,R2 A/B reconciliation (union-defect roster),present,both,"ua: зустрінутий; виявлений | definitionUa: Зустрінутий або знайдений, особливо несподівано."
SB-1772,enormous,word family,величезний,"Надзвичайно великий; значно перевищує звичайний розмір, протяжність тощо.",consensus-clean,consensus-clean-candidate,,,R2 Pass A/B consensus clean; awaits fresh acceptance sample,n/a,,
SB-1774,intrinsic,word family,внутрішній,"Вроджений, властивий, невіддільний від самої речі, істотний.",consensus-clean,consensus-clean-candidate,,,R2 Pass A/B consensus clean; awaits fresh acceptance sample,n/a,,
SB-1777,likewise,word family,так само,також; крім того; теж.,r2-reconciliation,P2,ui-formatting,high,R2 A/B reconciliation (union-defect roster),present,definitionUa,Так само; також або подібним чином.
SB-1778,notwithstanding,word family,незважаючи на це,"Тим не менш, все так само.",r2-reconciliation,P2,idiomatic-ukrainian,high,R2 A/B reconciliation (union-defect roster),present,definitionUa,Попри це; проте або все ж.
SB-1783,so-called,word family,т. зв,Так названо; зазвичай називають.,r2-reconciliation,P2,ui-formatting,high,R2 A/B reconciliation (union-defect roster),present,both,"ua: т. зв. | definitionUa: Так званий; відомий під певною назвою, іноді сумнівною."
SB-1784,undergo,word family,пройти,Переживати; пройти через фазу.,part1-floor,P2,semantic-scope,medium,Codex seed-20260914 blinded acceptance challenge,absent,,
