id,bucket,source,disposition,category,headword,pos,ua,definitionUa,rationale,confidence,reviewer_agree
SB-0001,d_clean,clean-pool,clean,,abolish,v.,скасувати,"Припинення закону, системи, установи, звичаю чи практики.",,medium,
SB-0003,d_clean,clean-pool,clean,,absence,n.,відсутність,Стан віддаленості або відстороненості від місця чи спілкування,,medium,
SB-0006,d_clean,clean-pool,clean,,abundance,n.,достаток,Велика кількість; багато.,,medium,
SB-0008,d_clean,clean-pool,clean,,academy,n.,академія,Вищий навчальний заклад; коледж або університет; зазвичай приватна школа.,,medium,
SB-0009,c_known_open,known-open-confirmation,P1,grammar-calque-fragment,accelerate,v.,прискорити,Змусити рухатися швидше; прискорити рух; щоб збільшити швидкість.,"definitionUa ends with dangling purpose-clause fragment 'щоб збільшити швидкість' appended to two finished glosses; grammatically a fragment, not a definition.",high,True
SB-0010,d_clean,clean-pool,clean,,acceptance,n.,прийняття,"Акт приймання; отримання чогось запропонованого з мовчазною згодою, схваленням або задоволенням; особливо, сприятливий прийом; затвердження.",,medium,
SB-0012,d_clean,clean-pool,clean,,accomplishment,n.,досягнення,Щось досягнуте; досягнення.,,medium,
SB-0014,d_clean,new-finding,P2,semantic-pedagogical-error,accordingly,adv.,відповідно,У природній послідовності; отже; так.,'accordingly' primary gloss 'У природній послідовності' (in natural sequence) is a dubious archaic sense; core sense 'отже' present.,low,
SB-0015,d_clean,clean-pool,clean,,accountability,n.,підзвітність,Стан підзвітності; зобов'язання викликати звіт або дати пояснення; зобов'язання нести відповідальність або відповідати за щось.,,medium,
SB-0016,d_clean,clean-pool,clean,,accountable,adj.,підзвітний,"Зобов'язаний, коли його покличуть, відповідати (за свої вчинки); відповідальний.",,medium,
SB-0018,d_clean,clean-pool,clean,,accumulation,n.,накопичення,"Акт накопичення або збору, як у купу.",,medium,
SB-0019,d_clean,clean-pool,clean,,accusation,n.,звинувачення,Акт обвинувачення.,,medium,
SB-0020,d_clean,clean-pool,clean,,accused,n.,обвинувачений,"Особа, яка обвинувачується у вчиненні правопорушення; фігурант кримінальної справи.",,medium,
SB-0022,d_clean,clean-pool,clean,,acquisition,n.,придбання,Акт або процес придбання.,,medium,
SB-0023,d_clean,clean-pool,clean,,acre,n.,акр,"Англійська одиниця площі землі (символ: a. або ac.), яка спочатку позначала денну оранку за ярмо волів, тепер стандартизована як 4840 квадратних ярдів або 4046,86 квадратних метрів.",,medium,
SB-0024,d_clean,new-finding,P2,pos-morphology-mismatch,activation,n.,активація,Робити активними та ефективними; приведення в стан активності.,"noun 'activation' led with an infinitive-verb phrase 'Робити активними та ефективними'; a correct nominal gloss follows, so partial POS inconsistency.",medium,
SB-0025,d_clean,clean-pool,clean,,activist,n.,активіст,"Той, хто є політично активним у ролі громадянина; особливо той, хто бореться за зміни.",,medium,
SB-0026,d_clean,clean-pool,clean,,acute,adj.,гострий,інтенсивний; чутливий; різкий.,,medium,
SB-0027,d_clean,clean-pool,clean,,adaptation,n.,адаптація,"Процес адаптації чогось або пристосування до ситуації; коригування, модифікація.",,medium,
SB-0030,d_clean,clean-pool,clean,,adjustment,n.,коригування,Дія регулювання чогось,,medium,
SB-0033,d_clean,clean-pool,clean,,administrator,n.,адміністратор,"Той, хто веде справи; той, хто скеровує, керує, виконує або розпоряджається, чи то в цивільних, судових, політичних чи церковних справах; менеджер.",,medium,
SB-0035,d_clean,clean-pool,clean,,adolescent,n.,підліток,"Людина, яка перебуває в підлітковому віці; хтось, хто досяг статевої зрілості, але ще не дорослий.",,medium,
SB-0036,d_clean,clean-pool,clean,,adoption,n.,усиновлення,Стан усиновлення; прийняття дитини інших батьків як власної дитини.,,medium,
SB-0039,d_clean,clean-pool,clean,,aesthetic,adj.,естетичний,"Стурбований красою, художнім ефектом або зовнішнім виглядом.",,medium,
SB-0040,d_clean,clean-pool,clean,,affection,n.,прихильність,Почуття любові або сильної прихильності.,,medium,
SB-0041,d_clean,clean-pool,clean,,aftermath,n.,наслідки (переважно негативні),"Те, що відбувається після, те, що слідує, зазвичай має яскраво негативний відтінок у більшості контекстів, натякаючи на попередню катастрофу.",,medium,
SB-0042,d_clean,clean-pool,clean,,aggression,n.,агресія,Ворожа чи деструктивна поведінка чи дії.,,medium,
SB-0043,d_clean,clean-pool,clean,,agricultural,adj.,сільськогосподарський,Сільське господарство або пов'язане з ним.,,medium,
SB-0045,d_clean,clean-pool,clean,,albeit,conj.,хоча,"Сполучник зі значенням «хоча» або «незважаючи на те, що».",,medium,
SB-0047,d_clean,clean-pool,clean,,alien,adj.,чужий,"Не належать до тієї самої країни, землі чи уряду, чи до їхніх громадян чи підданих; іноземні.",,medium,
SB-0048,d_clean,clean-pool,clean,,align,v.,вирівняти,Підлаштовуватися під лінію; діапазон або форму в лінію; привести у відповідність.,,medium,
SB-0053,d_clean,clean-pool,clean,,allegedly,adv.,нібито,За чиїмось твердженням.,,medium,
SB-0054,d_clean,clean-pool,clean,,alliance,n.,альянс,"Союз або зв’язок інтересів між сім’ями, державами, партіями тощо, особливо між сім’ями за шлюбом і державами за договором, угодою чи союзом.",,medium,
SB-0055,d_clean,clean-pool,clean,,allocate,v.,виділити,Відкладати для певної мети.,,medium,
SB-0056,d_clean,clean-pool,clean,,allocation,n.,виділення,"Процес або процедура розподілу речей, особливо грошей або інших ресурсів.",,medium,
SB-0058,c_known_open,known-open-confirmation,P1,pos-morphology-mismatch,ally,n.,союзник,"Людина, яка співпрацює або допомагає іншому; асоційований; друг.","For noun 'ally', gloss includes adjective/participle 'асоційований' as a synonym; POS mismatch.",medium,genuine-defect-milder-severity
SB-0059,d_clean,clean-pool,clean,,aluminium,n.,алюміній,"Легкий сріблястий метал, що добувається з бокситів, і хімічний елемент (символ Al) з атомним номером 13.",,medium,
SB-0060,d_clean,clean-pool,clean,,amateur,"adj., n.",любитель,"Людина, прив’язана до певної діяльності, навчання, науки чи мистецтва (наприклад, музики чи живопису), особливо та, яка розвиває будь-які дослідження, інтереси, смаки чи прихильності, не займаючись цим професійно.",,medium,
SB-0061,d_clean,clean-pool,clean,,ambassador,n.,посол,"Дипломат найвищого рангу, посланий до іноземного двору, щоб представляти там свого суверена або країну. (Іноді його називають резиденцією посла)",,medium,
SB-0063,d_clean,clean-pool,clean,,amendment,n.,поправка,Доповнення та/або зміни до Конституції.,,medium,
SB-0065,d_clean,clean-pool,clean,,analogy,n.,аналогія,"Відношення подібності або еквівалентності між двома ситуаціями, людьми чи об’єктами, особливо коли використовується як основа для пояснення чи екстраполяції.",,medium,
SB-0066,d_clean,clean-pool,clean,,anchor,n.,якір,"Інструмент, який використовується для причалювання судна до дна моря чи річки, щоб протистояти руху.",,medium,
SB-0067,d_clean,new-finding,P1,grammar-calque-fragment,angel,n.,ангел,"Безтілесний і святий або напівбожественний посланець божества чи іншої божественної сутності, традиційно зображується як молода крилата фігура в розвіваються шатах.",definitionUa 'в розвіваються шатах' is ungrammatical: finite verb 'розвіваються' where an attributive participle ('розвіяних/розвіюваних') is required.,high,
SB-0069,d_clean,clean-pool,clean,,apparatus,n.,апарат,"Сукупність засобів, за допомогою яких створюється конкретне виробництво або виконується завдання.",,medium,
SB-0070,d_clean,new-finding,P2,semantic-pedagogical-error,appealing,adj.,привабливий,Наявність апеляції; привабливий.,"'appealing' (attractive) led with 'Наявність апеляції' (presence of a legal appeal), a wrong-sense calque; correct 'привабливий' follows.",medium,
SB-0071,d_clean,clean-pool,clean,,appetite,n.,апетит,Бажання з'їсти їжу або випити напої.,,medium,
SB-0072,d_clean,clean-pool,clean,,applaud,v.,аплодувати,Виражати схвалення (чогось) плеском у долоні.,,medium,
SB-0073,d_clean,clean-pool,clean,,applicable,adj.,застосовний,"Підходить для застосування, актуальна.",,medium,
SB-0075,d_clean,clean-pool,clean,,appreciation,n.,вдячність,"Справедлива оцінка якості, цінності, ваги тощо; визнання досконалості; вдячність і пошана.",,medium,
SB-0076,d_clean,clean-pool,clean,,arbitrary,adj.,довільний,"На основі особистого розсуду чи судження; не ґрунтуючись на будь-якій об’єктивній відмінності, можливо, навіть зробленій навмання.",,medium,
SB-0077,d_clean,clean-pool,clean,,architectural,adj.,архітектурний,Що стосується архітектури.,,medium,
SB-0078,d_clean,clean-pool,clean,,archive,n.,архів,"Місце для зберігання раннього, а часто й історичного матеріалу. Архів зазвичай містить документи (листи, записи, газети тощо) або інші типи носіїв, які зберігаються для історичного інтересу.",,medium,
SB-0081,d_clean,clean-pool,clean,,arm,v.,озброювати,Для забезпечення бронею або (особливо пізніше) зброєю.,,medium,
SB-0083,d_clean,clean-pool,clean,,articulate,v.,артикулювати,Говорити чітко; виголошувати.,,medium,
SB-0084,d_clean,clean-pool,clean,,ash,n.,попіл,Суцільні залишки пожежі.,,medium,
SB-0086,d_clean,clean-pool,clean,,aspire,v.,прагнути,Мати сильне бажання або амбіції досягти чогось.,,medium,
SB-0087,d_clean,clean-pool,clean,,assassination,n.,вбивство,"Вбивство людини, особливо з політичних мотивів або заради особистої вигоди.",,medium,
SB-0088,d_clean,clean-pool,clean,,assault,"n., v.",напад,"Нападати, фізично чи фігурально; атакувати.",,medium,
SB-0089,d_clean,clean-pool,clean,,assemble,v.,зібрати,Збирати разом.,,medium,
SB-0091,d_clean,clean-pool,clean,,assert,v.,стверджувати,Заявляти з упевненістю або просто і рішуче; стверджувати позитивно.,,medium,
SB-0092,d_clean,clean-pool,clean,,assertion,n.,твердження,Акт ствердження; позитивна декларація або авермент.,,medium,
SB-0093,d_clean,clean-pool,clean,,assurance,n.,запевнення,"Акт запевнення; заява, яка має викликати повну довіру; щось, створене для того, щоб надати комусь впевненості.",,medium,
SB-0094,d_clean,clean-pool,clean,,asylum,n.,притулок,Місце безпеки або притулок.,,medium,
SB-0095,d_clean,clean-pool,clean,,atrocity,n.,злодіяння,Надзвичайно жорстокий вчинок; жахливий акт несправедливості.,,medium,
SB-0096,d_clean,clean-pool,clean,,attain,v.,досягти,Отримати (об'єкт або бажаний результат).,,medium,
SB-0097,d_clean,clean-pool,clean,,attendance,n.,присутність,Акт відвідування; стан присутності; наявність.,,medium,
SB-0098,d_clean,clean-pool,clean,,attorney,n.,адвокат,"юрист; той, хто консультує або представляє інших у юридичних питаннях як професія.",,medium,
SB-0099,d_clean,clean-pool,clean,,attribute,"v., n.",атрибут,Пов'язувати право власності чи авторство на (щось) з кимось.,,medium,
SB-0101,d_clean,clean-pool,clean,,authentic,adj.,справжній,"Того ж походження, що заявлено; справжній.",,medium,
SB-0104,d_clean,clean-pool,clean,,autonomy,n.,автономія,Право або умова самоврядування; свобода діяти або функціонувати незалежно.,,medium,
SB-0107,d_clean,clean-pool,clean,,backdrop,n.,фон,Обстановка або фон розіграної вистави.,,medium,
SB-0110,d_clean,clean-pool,clean,,bail,n.,застава,"Забезпечення, як правило, грошова сума, яку обмінюють на звільнення заарештованої особи як гарантію явки цієї особи на суд.",,medium,
SB-0112,d_clean,clean-pool,clean,,banner,n.,банер,"Будь-який великий знак, особливо з м’якого матеріалу або тканини.",,medium,
SB-0113,d_clean,clean-pool,clean,,bare,adj.,голий,"Голий, непокритий.",,medium,
SB-0114,d_clean,clean-pool,clean,,barrel,n.,бочка,"Кругла (циліндрична) посудина, така як бочка, більша за довжину, ніж завширшки, і опукла в середині, зроблена з держаків, зв’язаних обручами, і має плоскі кінці (голови).",,medium,
SB-0115,d_clean,clean-pool,clean,,bass1,n.,бас (низький звук; басовий інструмент),Низький за висотою звук або музичний інструмент чи голос із низьким регістром.,,medium,
SB-0117,d_clean,clean-pool,clean,,battlefield,n.,поле бою,"Область, де ведеться наземна битва, яка не обов’язково може бути полем.",,medium,
SB-0118,d_clean,clean-pool,clean,,bay,n.,затока,"Тіло води (особливо море), яке міститься увігнутою береговою лінією.",,medium,
SB-0120,d_clean,clean-pool,clean,,beast,n.,звір,"Тварина, особливо велика або небезпечна наземна хребетна.",,medium,
SB-0122,d_clean,clean-pool,clean,,beloved,adj.,коханий,"Дуже любив, ніжно любив.",,medium,
SB-0123,d_clean,clean-pool,clean,,bench,n.,лава,"Довге сидіння зі спинкою або без неї, наприклад, у парках і школах.",,medium,
SB-0126,d_clean,clean-pool,clean,,beneficiary,n.,бенефіціар,"Той, хто користується або отримує перевагу.",,medium,
SB-0127,d_clean,clean-pool,clean,,betray,v.,зраджувати,"Порушити довіру або виявити приховану інформацію, почуття чи справжній характер.",,medium,
SB-0129,d_clean,clean-pool,clean,,biography,n.,біографія,"Історія життя людини, особливо опублікованої.",,medium,
SB-0132,d_clean,clean-pool,clean,,blade,n.,лезо,"Частина ножа, меча, бритви чи іншого інструменту (як правило, з гострим краєм), яким вона ріже.",,medium,
SB-0134,d_clean,clean-pool,clean,,bleed,v.,кровоточити,Пролити кров через ушкоджену кровоносну судину.,,medium,
SB-0136,d_clean,clean-pool,clean,,bless,v.,благословляти,Викликати божественну прихильність.,,medium,
SB-0138,d_clean,clean-pool,clean,,boast,v.,хвалитися,Вихвалятися; голосно говорити на хвалу собі.,,medium,
SB-0139,d_clean,clean-pool,clean,,bonus,n.,бонус,"Щось додаткове, що добре; додаткова перевага.",,medium,
SB-0140,d_clean,clean-pool,clean,,boom,n.,бум,"Низький резонансний звук, наприклад вибух.",,medium,
SB-0142,c_known_open,known-open-confirmation,P1,semantic-pedagogical-error,boundary,n.,межа,Лінія розмежування або розташування між двома областями.,'розташування' (location/arrangement) is wrong for boundary; boundary is a line of division ('поділу/межа').,high,True
SB-0143,d_clean,clean-pool,clean,,bow1,"v., n.",нахилятися; уклін,Нахиляти голову або верхню частину тіла на знак поваги; також сам такий уклін.,,medium,
SB-0146,d_clean,clean-pool,clean,,breakthrough,n.,прорив,"Будь-який серйозний прогрес; наприклад, велика інновація чи відкриття, яке долає значну перешкоду.",,medium,
SB-0152,d_clean,clean-pool,clean,,buddy,n.,приятель,Друг або випадковий знайомий.,,medium,
SB-0153,d_clean,clean-pool,clean,,buffer,n.,буфер,"Частина пам’яті, виділена для тимчасового зберігання даних, часто перед їх надсиланням на зовнішній пристрій або під час отримання із зовнішнього пристрою.",,medium,
SB-0156,d_clean,clean-pool,clean,,bureaucracy,n.,бюрократія,Уряд через бюро або їхніх адміністраторів чи службовців.,,medium,
SB-0158,d_clean,clean-pool,clean,,burst,v.,лопнути,Зламати від внутрішнього тиску.,,medium,
SB-0160,d_clean,clean-pool,clean,,calculation,n.,розрахунок,Акт або процес обчислення.,,medium,
SB-0161,d_clean,clean-pool,clean,,canvas,n.,полотно,"Тип грубої тканини, витканої з конопель, використовується для виготовлення вітрил і наметів або як поверхня для картин.",,medium,
SB-0162,d_clean,clean-pool,clean,,capability,n.,здатність,Сила або здатність генерувати результат.,,medium,
SB-0163,d_clean,clean-pool,clean,,capitalism,n.,капіталізм,"Економічна система, заснована на приватній власності на засоби виробництва та їх експлуатації з метою отримання прибутку.",,medium,
SB-0165,d_clean,clean-pool,clean,,cargo,n.,вантаж,"Вантаж, що перевозиться кораблем, літаком або автомобілем.",,medium,
SB-0168,d_clean,clean-pool,clean,,casino,n.,казино,Громадська будівля або зал для азартних ігор.,,medium,
SB-0170,d_clean,clean-pool,clean,,catalogue,n.,каталог,"Повний (як правило, алфавітний або хронологічний) список елементів.",,medium,
SB-0172,d_clean,clean-pool,clean,,cattle,n.,худоба,"Домашня тварина виду Bos taurus (корови, бики, бички, воли тощо) та інші копитні ссавці роду Bos.",,medium,
SB-0173,d_clean,clean-pool,clean,,caution,n.,обережність,"Розсудливість, коли ви стикаєтеся з небезпекою або очікуєте зіткнутися з небезпекою; обережність, щоб уникнути ризику чи шкоди.",,medium,
SB-0176,d_clean,clean-pool,clean,,cemetery,n.,кладовище,"Місце, де ховають померлих; цвинтар або меморіальний парк.",,medium,
SB-0178,d_clean,clean-pool,clean,,chaos,n.,хаос,Будь-який стан розладу; плутана або аморфна суміш або конгломерат.,,medium,
SB-0179,d_clean,clean-pool,clean,,characterize,v.,характеризувати,Бути типовим для.,,medium,
SB-0180,d_clean,clean-pool,clean,,charm,n.,чарівність,"Здатність переконувати, радувати або викликати захоплення.",,medium,
SB-0181,d_clean,clean-pool,clean,,charter,n.,статут,"Документ, виданий певною владою, що створює державну чи приватну установу та визначає її цілі та привілеї.",,medium,
SB-0182,d_clean,clean-pool,clean,,chronic,adj.,хронічний,"Про проблему, яка триває протягом тривалого періоду часу.",,medium,
SB-0183,d_clean,clean-pool,clean,,chunk,n.,шматок,Велика або значна частина чогось.,,medium,
SB-0185,d_clean,clean-pool,clean,,circulation,n.,обіг,Акт переходу з місця на місце або від людини до людини; вільна дифузія; спосіб передавання.,,medium,
SB-0186,d_clean,clean-pool,clean,,citizenship,n.,громадянство,Стан громадянства; статус громадянина.,,medium,
SB-0187,d_clean,clean-pool,clean,,civic,adj.,громадянський,"Про або щодо громадянина, або про добросовісне громадянство та його права та обов'язки.",,medium,
SB-0188,d_clean,clean-pool,clean,,civilian,"n., adj.",цивільний,"Людина, яка займається цивільним життям, особливо та, яка не є активним членом збройних сил.",,medium,
SB-0190,d_clean,clean-pool,clean,,clash,n.,зіткнення,"опозиція; протиріччя; наприклад, між різними або суперечливими інтересами, поглядами, цілями тощо.",,medium,
SB-0191,c_known_open,known-open-confirmation,P1,grammar-calque-fragment,classification,n.,класифікація,"Акт формування в клас або класи; розподіл на групи, як класи, порядки, родини тощо, відповідно до деяких спільних відносин або атрибутів.",'формування в клас' is a malformed calque; Ukrainian would be 'формування класів'/'розподіл на класи'.,high,True
SB-0192,d_clean,clean-pool,clean,,cling,v.,чіплятися,"Тримати дуже міцно, щоб не впасти.",,medium,
SB-0196,d_clean,clean-pool,clean,,coalition,n.,коаліція,"Тимчасова група або спілка організацій, яка зазвичай створюється для певної переваги.",,medium,
SB-0198,d_clean,clean-pool,clean,,cocktail,n.,коктейль,Змішаний алкогольний напій.,,medium,
SB-0199,d_clean,clean-pool,clean,,cognitive,adj.,когнітивний,"Відноситься до тієї частини розумових функцій, яка має справу з логікою, на відміну від афективної, яка має справу з емоціями.",,medium,
SB-0200,d_clean,clean-pool,clean,,coincide,v.,збігатися,Відбутися одночасно.,,medium,
SB-0201,d_clean,clean-pool,clean,,collaborate,v.,співпрацювати,Працювати разом з іншими для досягнення спільної мети.,,medium,
SB-0204,d_clean,clean-pool,clean,,collision,n.,зіткнення,"Будь-яка подія, під час якої два або більше тіл діють один на одного за відносно короткий час. При зіткненні фізичний контакт двох тіл не є необхідним.",,medium,
SB-0205,d_clean,clean-pool,clean,,colonial,adj.,колоніальний,З колонії або відноситься до неї.,,medium,
SB-0206,d_clean,clean-pool,clean,,columnist,n.,колумніст,"Регулярний автор колонки, наприклад, у журналі чи газеті.",,medium,
SB-0210,d_clean,clean-pool,clean,,commentator,n.,коментатор,"Особа, яка надає миттєвий опис публічної події, зокрема спортивної, для аудиторії ЗМІ.",,medium,
SB-0211,d_clean,clean-pool,clean,,commerce,n.,комерція,Обмін або купівля-продаж товарів; особливо великомасштабний обмін товарами між різними місцями чи спільнотами; розширена торгівля або рух.,,medium,
SB-0212,d_clean,clean-pool,clean,,commissioner,n.,комісар,"Посадовець, відповідальний за урядове відомство, особливо поліцію.",,medium,
SB-0215,d_clean,clean-pool,clean,,companion,n.,компаньйон,"Друг, знайомий або партнер; хтось, з ким проводять час або супроводжують",,medium,
SB-0217,d_clean,clean-pool,clean,,compassion,n.,співчуття,"Глибоке усвідомлення страждань інших людей настільки, що вони мотивовані полегшити такі стани.",,medium,
SB-0218,d_clean,clean-pool,clean,,compel,v.,змушувати,"Змушувати, обмежувати або примушувати.",,medium,
SB-0222,d_clean,clean-pool,clean,,competence,n.,компетентність,"Якість або стан компетентності, тобто здатності або придатності для виконання загальної ролі.",,medium,
SB-0223,d_clean,clean-pool,clean,,competent,adj.,компетентний,"Наявність достатніх навичок, знань, здібностей або кваліфікації.",,medium,
SB-0232,d_clean,clean-pool,clean,,compute,v.,обчислювати,"Рахувати, обчислювати.",,medium,
SB-0233,d_clean,clean-pool,clean,,conceal,v.,приховувати,"Приховати щось від очей або від загального відома, намагатися зберегти щось у таємниці.",,medium,
SB-0238,d_clean,clean-pool,clean,,condemn,v.,засуджувати,Різко критикувати або засуджувати; розкритикувати.,,medium,
SB-0239,d_clean,clean-pool,clean,,confer,v.,надавати,Надати у власність; дарувати.,,medium,
SB-0241,d_clean,clean-pool,clean,,configuration,n.,конфігурація,"Взаємне розташування набору речей; те, як речі розташовані або зібрані;",,medium,
SB-0242,d_clean,clean-pool,clean,,confine,v.,обмежити,Обмежити (когось або щось) певною сферою чи областю; зберігати в певних межах.,,medium,
SB-0243,d_clean,clean-pool,clean,,confirmation,n.,підтвердження,"Перевірка того, що щось правдиве або трапилося.",,medium,
SB-0245,d_clean,clean-pool,clean,,confrontation,n.,конфронтація,"Акт протистояння або виклику іншому, особливо віч-на-віч.",,medium,
SB-0248,d_clean,clean-pool,clean,,congressional,adj.,конгресовий,З конгресу або стосовно нього.,,medium,
SB-0250,d_clean,clean-pool,clean,,conscience,n.,совість,"Етичне або моральне почуття правильного і неправильного, головним чином, оскільки воно впливає на власну поведінку людини та формує її ставлення до її минулих дій.",,medium,
SB-0251,d_clean,clean-pool,clean,,consciousness,n.,свідомість,Стан свідомості або усвідомлення; обізнаність.,,medium,
SB-0252,d_clean,clean-pool,clean,,consecutive,adj.,послідовний,"Слідом, по черзі, без перерви.",,medium,
SB-0253,d_clean,clean-pool,clean,,consensus,n.,консенсус,"Загальна згода між членами певної групи чи спільноти, кожен член якої має певну свободу дій у прийнятті рішень і подальших діях.",,medium,
SB-0257,d_clean,clean-pool,clean,,consolidate,v.,консолідувати,Об'єднати в єдине ціле; щоб об’єднатися або приєднатися.,,medium,
SB-0258,d_clean,clean-pool,clean,,constituency,n.,виборчий округ,"Округ, представлений однією або декількома обраними посадовими особами.",,medium,
SB-0259,d_clean,clean-pool,clean,,constitute,v.,становити,Складати щось як його частини; утворювати або офіційно встановлювати.,,medium,
SB-0260,d_clean,clean-pool,clean,,constitution,n.,конституція,"Формальна чи неофіційна система основних принципів і законів, яка регулює діяльність уряду чи інших установ.",,medium,
SB-0261,d_clean,clean-pool,clean,,constitutional,adj.,конституційний,"Що стосується юридичної чи політичної конституції («основний закон нації чи установи; формальна чи неофіційна система первинних принципів і законів, які регулюють діяльність уряду чи іншої установи»).",,medium,
SB-0262,d_clean,clean-pool,clean,,constraint,n.,обмеження,"Те, що стримує; обмеження.",,medium,
SB-0265,d_clean,clean-pool,clean,,contempt,n.,презирство,"Стан або акт презирства; відчуття або ставлення до когось чи чогось як до нижчого, низького або нікчемного; презирство, зневага.",,medium,
SB-0267,d_clean,clean-pool,clean,,contender,n.,претендент,"Хтось, хто змагається з одним або декількома людьми.",,medium,
SB-0268,d_clean,clean-pool,clean,,content2,adj.,задоволений,"Задоволений тим, що маєш або що відбувається, без потреби вимагати більшого.",,medium,
SB-0270,d_clean,clean-pool,clean,,continually,adv.,постійно,У регулярній або повторюваній послідовності; дуже часто.,,medium,
SB-0271,d_clean,clean-pool,clean,,contractor,n.,підрядник,"Особа або компанія, яка будує або вдосконалює будівлі чи споруди.",,medium,
SB-0275,d_clean,clean-pool,clean,,conversion,n.,перетворення,Акт перетворення чогось або когось.,,medium,
SB-0276,d_clean,clean-pool,clean,,convict,v.,засуджувати,Визнати винним в результаті судового розгляду або (неофіційного) в моральному сенсі.,,medium,
SB-0278,d_clean,clean-pool,clean,,cooperate,v.,співпрацювати,"Працювати або діяти разом, особливо для спільної мети чи користі.",,medium,
SB-0280,d_clean,clean-pool,clean,,coordinate,v.,координувати,Синхронізувати (діяльність).,,medium,
SB-0281,d_clean,clean-pool,clean,,coordination,n.,координація,"Акт координації, який змушує різних людей або речі працювати разом для досягнення мети чи ефекту.",,medium,
SB-0282,d_clean,clean-pool,clean,,coordinator,n.,координатор,"Той, хто або те, що координує.",,medium,
SB-0284,d_clean,clean-pool,clean,,copper,n.,мідь,"Червоно-коричневий метал, символ Cu та атомний номер 29.",,medium,
SB-0285,d_clean,clean-pool,clean,,copyright,n.,авторське право,"Право за законом бути суб’єктом, який визначає, хто може публікувати, копіювати та поширювати твір, музику, малюнок чи інший авторський твір.",,medium,
SB-0287,d_clean,clean-pool,clean,,correlate,v.,співвідносити,"Порівнювати речі і приводити їх у відношення, що мають відповідні характеристики.",,medium,
SB-0288,d_clean,clean-pool,clean,,correlation,n.,кореляція,"Один із кількох показників лінійного статистичного зв’язку між двома випадковими змінними, що вказує на силу та напрямок зв’язку.",,medium,
SB-0289,d_clean,clean-pool,clean,,correspond,v.,відповідати,"Бути еквівалентним або подібним за характером, кількістю, якістю, походженням, структурою, функцією тощо.",,medium,
SB-0290,d_clean,clean-pool,clean,,correspondence,n.,листування,"Взаємний обмін люб'язністю, особливо розмова між людьми за допомогою листів.",,medium,
SB-0291,d_clean,clean-pool,clean,,correspondent,n.,кореспондент,"Хтось, хто спілкується з іншою особою або публікацією, письмово.",,medium,
SB-0294,d_clean,clean-pool,clean,,corruption,n.,корупція,"Неетична адміністративна або виконавча практика (в уряді чи бізнесі), включаючи хабарництво (пропозиція або отримання хабара), конфлікт інтересів, кумівство, розкрадання тощо.",,medium,
SB-0295,c_known_open,known-open-confirmation,P1,grammar-calque-fragment,costly,adj.,дорогий,Від високої вартості; дорогий.,'Від високої вартості' is a malformed prepositional fragment used as a definition head for an adjective.,high,True
SB-0297,d_clean,clean-pool,clean,,counselling,n.,консультування,Професійна допомога людині в осмисленні та розв’язанні особистих або психологічних труднощів.,,medium,
SB-0299,d_clean,clean-pool,clean,,counter (argue against),v.,заперечувати; протиставляти аргумент,Відповідати на твердження протилежним аргументом або доказом.,,medium,
SB-0302,d_clean,clean-pool,clean,,coup,n.,переворот,Державний переворот.,,medium,
SB-0303,d_clean,clean-pool,clean,,courtesy,n.,ввічливість,Ввічлива поведінка.,,medium,
SB-0305,d_clean,clean-pool,clean,,crawl,v.,повзати,Повзати; повільно рухатися на руках і колінах або волочачи тіло по землі.,,medium,
SB-0306,c_known_open,known-open-confirmation,P1,pos-morphology-mismatch,creator,n.,творець,"Щось або хтось, який щось створює або робить.","Relative-pronoun agreement error 'Щось або хтось, який' (should be 'що'); morphology/agreement defect.",medium,genuine-defect-milder-severity
SB-0310,d_clean,clean-pool,clean,,critique,n.,критика,"Есе, в якому критикується, рецензується інший твір тощо.",,medium,
SB-0311,d_clean,clean-pool,clean,,crown,n.,корона,"Королівський, імператорський або княжий головний убір; діадема.",,medium,
SB-0312,d_clean,clean-pool,clean,,crude,adj.,сирий,"У природному, необробленому стані.",,medium,
SB-0313,d_clean,clean-pool,clean,,crush,v.,розчавити,"Натиснути між двома твердими предметами; стискати так, щоб змінити природну форму чи цілісність, або згуртовувати в масу.",,medium,
SB-0314,d_clean,clean-pool,clean,,crystal,n.,кристал,"Тверда речовина, що складається з масиву атомів або молекул, що мають дальній порядок і розташовані у вигляді періодичної тривимірної структури.",,medium,
SB-0318,d_clean,clean-pool,clean,,custody,n.,опіка,"Законне право піклуватися про щось або про когось, особливо про дітей.",,medium,
SB-0320,d_clean,clean-pool,clean,,cynical,adj.,цинічний,"Скептично ставиться до чесності, щирості або мотивів інших.",,medium,
SB-0323,d_clean,clean-pool,clean,,dawn,n.,світанок,Період ранкових сутінків безпосередньо перед сходом сонця.,,medium,
SB-0325,d_clean,clean-pool,clean,,debut,n.,дебют,"Перший виступ виконавця перед публікою у спорті, мистецтві чи іншій сфері.",,medium,
SB-0326,d_clean,clean-pool,clean,,decision-making,n.,прийняття рішень,Процес аналізу можливостей і вибору одного рішення.,,medium,
SB-0328,d_clean,clean-pool,clean,,declaration,n.,декларація,"Емфатичний або формальний акт висловлювання, розповіді або ствердження чогось, усним або письмовим; рішуче твердження чи проголошення.",,medium,
SB-0335,d_clean,clean-pool,clean,,defensive,adj.,оборонний,"Що стосується захисту, на відміну від нападу.",,medium,
SB-0337,d_clean,clean-pool,clean,,deficit,n.,дефіцит,"Ситуація, коли або сума, за якої витрати перевищують (наприклад, державні) доходи.",,medium,
SB-0338,d_clean,clean-pool,clean,,defy,v.,кинути виклик,Відмовлятися підкорятися.,,medium,
SB-0339,d_clean,clean-pool,clean,,delegate,n.,делегат,"Особа, уповноважена діяти як представник іншої особи; депутат.",,medium,
SB-0341,d_clean,clean-pool,clean,,delicate,adj.,делікатний,Легко пошкоджується або потребує обережного поводження.,,medium,
SB-0342,d_clean,clean-pool,clean,,demon,n.,демон,Злий надприродний дух.,,medium,
SB-0344,d_clean,clean-pool,clean,,denounce,v.,засуджувати,Публічно та рішуче засуджувати когось або щось.,,medium,
SB-0345,d_clean,clean-pool,clean,,dense,adj.,щільний,Має відносно високу щільність.,,medium,
SB-0346,d_clean,clean-pool,clean,,density,n.,щільність,"Міра маси речовини, що міститься в одиниці об’єму.",,medium,
SB-0347,d_clean,clean-pool,clean,,dependence,n.,залежність,"Стан залежності, покладання на іншого.",,medium,
SB-0348,d_clean,clean-pool,clean,,depict,v.,зображувати,"Відобразити щось, використовуючи слова, звуки, зображення чи інші засоби.",,medium,
SB-0352,d_clean,clean-pool,clean,,deprive,v.,позбавляти,"Вживається з «від», щоб забрати щось у (когось) і тримати подалі; відмовляти комусь у чомусь.",,medium,
SB-0353,d_clean,clean-pool,clean,,deputy,n.,заступник,"Той, кого призначають на заміну інших і мають право діяти за них від їхнього імені або від їхнього імені; заступник на посаді.",,medium,
SB-0358,d_clean,clean-pool,clean,,desktop,n.,робочий стіл,"Основний графічний інтерфейс користувача операційної системи, зазвичай відображає значки, вікна та фонові шпалери.",,medium,
SB-0359,d_clean,clean-pool,clean,,destructive,adj.,руйнівний,Заподіяння руйнування; завдає шкоди.,,medium,
SB-0360,d_clean,clean-pool,clean,,detain,v.,затримувати,"Перешкоджати комусь продовжити, стримуючи їх або висуваючи претензії на їх увагу.",,medium,
SB-0361,d_clean,clean-pool,clean,,detection,n.,виявлення,"Дія або процес виявлення, розкриття або з'ясування, відкриття чогось нового, прихованого або замаскованого.",,medium,
SB-0362,d_clean,clean-pool,clean,,detention,n.,затримання,Тимчасове тримання під вартою або арешт.,,medium,
SB-0363,c_known_open,known-open-confirmation,P1,grammar-calque-fragment,deteriorate,v.,погіршуватися,Гірше рости; мати погіршення якості; вироджуватися.,'Гірше рости' ('to grow worse') is a malformed/calqued gloss for deteriorate; should be 'погіршуватися'.,high,True
SB-0365,d_clean,clean-pool,clean,,devil,n.,диявол,Головний диявол; Сатана.,,medium,
SB-0366,d_clean,clean-pool,clean,,devise,v.,придумати,Використовувати свій інтелект для планування або проектування (щось).,,medium,
SB-0367,d_clean,clean-pool,clean,,diagnose,v.,діагностувати,"Визначити, яка хвороба викликає ознаки та симптоми хворої людини; знайти діагноз.",,medium,
SB-0368,d_clean,clean-pool,clean,,diagnosis,n.,діагноз,Процес або випадок ідентифікації природи та причини медичного стану чи хвороби.,,medium,
SB-0370,d_clean,clean-pool,clean,,dictator,n.,диктатор,"Тоталітарний лідер країни, нації чи уряду.",,medium,
SB-0371,c_known_open,known-open-confirmation,P1,grammar-calque-fragment,differentiate,v.,диференціювати,Показувати або бути різницею чи відмінністю між речами.,'бути різницею' is a calque of 'to be the difference'; malformed Ukrainian construction.,high,True
SB-0373,d_clean,clean-pool,clean,,dilemma,n.,дилема,"Обставина, за якої необхідно зробити вибір між двома чи більше альтернативами, які здаються однаково небажаними.",,medium,
SB-0375,d_clean,clean-pool,clean,,diminish,v.,зменшувати,Зробити меншим.,,medium,
SB-0376,d_clean,clean-pool,clean,,dip,v.,занурювати; опускатися,Опустити в рідину.,,medium,
SB-0377,d_clean,clean-pool,clean,,diplomat,n.,дипломат,"Особа, наприклад посол, яка офіційно акредитована представляти уряд у його відносинах з іншими урядами чи міжнародними організаціями",,medium,
SB-0379,d_clean,clean-pool,clean,,directory,n.,каталог,Структурований список імен і характеристик файлів на пристрої зберігання.,,medium,
SB-0381,d_clean,clean-pool,clean,,discard,v.,відкинути,"Викинути, відкинути.",,medium,
SB-0383,d_clean,clean-pool,clean,,disclose,v.,розкрити,Довести до відома інших; зробити відомим; заявляти відкрито; розкрити (щось).,,medium,
SB-0385,d_clean,clean-pool,clean,,discourse,n.,дискурс,"Вираження словами, усним або письмовим.",,medium,
SB-0386,d_clean,clean-pool,clean,,discretion,n.,розсуд,Здатність робити мудрий вибір або приймати рішення.,,medium,
SB-0387,d_clean,clean-pool,clean,,discrimination,n.,дискримінація,"Диференційоване ставлення до окремої особи чи групи в невигідну для них сторону; ставлення або увага на основі класу чи категорії, а не індивідуальних заслуг; упередженість; упередження; фанатизм.",,medium,
SB-0388,d_clean,clean-pool,clean,,dismissal,n.,звільнення,Позбавлення посади; факт або процес звільнення з роботи або позбавлення звання.,,medium,
SB-0393,d_clean,clean-pool,clean,,disrupt,v.,порушувати,Ввести в замішання або безлад.,,medium,
SB-0394,d_clean,clean-pool,clean,,disruption,n.,порушення,Переривання регулярного потоку або послідовності чогось.,,medium,
SB-0400,d_clean,clean-pool,clean,,disturbing,adj.,тривожний,Спричинення дистресу або занепокоєння; засмучення або тривога.,,medium,
SB-0402,d_clean,clean-pool,clean,,divine,adj.,божественний,Від бога або стосовно нього.,,medium,
SB-0403,d_clean,clean-pool,clean,,doctrine,n.,доктрина,"Сукупність вчень ідеології, найчастіше релігії, або ідеологічного чи релігійного лідера, організації, групи чи тексту.",,medium,
SB-0406,d_clean,clean-pool,clean,,dominance,n.,панування,Стан домінування; першорядної важливості; зверхність.,,medium,
SB-0407,d_clean,clean-pool,clean,,donor,n.,донор,"Той, хто робить пожертву.",,medium,
SB-0408,d_clean,clean-pool,clean,,dose,n.,доза,"Відміряна порція ліків, прийнята в будь-який час.",,medium,
SB-0413,d_clean,clean-pool,clean,,dual,adj.,подвійний,Характеризується наявністю двох (зазвичай еквівалентних) компонентів.,,medium,
SB-0419,d_clean,clean-pool,clean,,earnings,n.,заробіток,"Заробітна плата, зароблені гроші, дохід.",,medium,
SB-0422,d_clean,clean-pool,clean,,ecological,adj.,екологічний,"Пов’язаний з екологією, взаємозв’язками організмів і навколишнього середовища.",,medium,
SB-0426,d_clean,clean-pool,clean,,ego,n.,его,"Я, особливо з почуттям власної значущості.",,medium,
SB-0428,d_clean,clean-pool,clean,,electoral,adj.,виборчий,Щодо виборів або щодо них.,,medium,
SB-0429,d_clean,clean-pool,clean,,elevate,v.,підняти,Підняти (щось) на вищу посаду.,,medium,
SB-0430,d_clean,clean-pool,clean,,eligible,adj.,придатний,Дозвіл і відповідність необхідним умовам для участі в чомусь або бути обраним для чогось,,medium,
SB-0431,d_clean,clean-pool,clean,,elite,n.,еліта,"Особлива група або соціальний клас людей, які мають вищий соціальний чи економічний статус і відповідну владу, переваги чи привілеї в суспільстві; член такої групи.",,medium,
SB-0433,d_clean,clean-pool,clean,,embarrassment,n.,збентеження,"Стан дискомфорту, що виникає через сором'язливість або свідомість порушення соціального правила; приниження.",,medium,
SB-0434,d_clean,clean-pool,clean,,embassy,n.,посольство,"Організація або група офіційних осіб, які постійно представляють суверенну державу в другій суверенній державі або щодо міжнародної організації, такої як ООН.",,medium,
SB-0435,d_clean,clean-pool,clean,,embed,v.,вбудовувати,Для інкапсуляції в інший документ або файл даних.,,medium,
SB-0436,d_clean,clean-pool,clean,,embody,v.,втілювати,Представляти у фізичній або конкретній формі; втілювати чи персоніфікувати.,,medium,
SB-0437,d_clean,clean-pool,clean,,emergence,n.,поява,"Акт підйому з рідини, виходу з огортання чи приховування, або підняття в поле зору; зовнішній вигляд.",,medium,
SB-0438,d_clean,clean-pool,clean,,empirical,adj.,емпіричний,"Стосовно або засноване на досвіді, на відміну від теорії.",,medium,
SB-0441,d_clean,clean-pool,clean,,encompass,v.,охоплювати,"Включити в його сферу дії; обвести або обійти так, щоб оточити; підкладати; містити.",,medium,
SB-0442,d_clean,clean-pool,clean,,encouragement,n.,заохочення,"Слова чи дії, які підвищують чиюсь впевненість",,medium,
SB-0444,d_clean,clean-pool,clean,,endeavour,n.,зусилля,Серйозна або наполеглива спроба досягти певної мети.,,medium,
SB-0445,d_clean,clean-pool,clean,,endless,adj.,нескінченний,Не маючи кінця.,,medium,
SB-0446,d_clean,clean-pool,clean,,endorse,v.,схвалити,"Виражати підтримку чи схвалення, особливо офіційно чи публічно; надати індосамент.",,medium,
SB-0453,d_clean,clean-pool,clean,,enquire,v.,запитувати,"Просити інформацію або ставити запитання, щоб щось з’ясувати.",,medium,
SB-0455,d_clean,clean-pool,clean,,enrol,v.,зарахувати,"Офіційно записати або записатися на курс, програму чи до установи.",,medium,
SB-0457,d_clean,clean-pool,clean,,enterprise,n.,підприємство,"Компанія, бізнес, організація чи інша цілеспрямована діяльність.",,medium,
SB-0458,d_clean,clean-pool,clean,,enthusiast,n.,ентузіаст,"Людина, сповнена або керована ентузіазмом.",,medium,
SB-0460,d_clean,clean-pool,clean,,entity,n.,сутність,"Те, що існує як окрема одиниця, часто використовується для організацій, які не мають фізичної форми.",,medium,
SB-0461,d_clean,clean-pool,clean,,epidemic,n.,епідемія,"Широко поширене захворювання, яке вражає багато людей у ​​популяції.",,medium,
SB-0464,d_clean,clean-pool,clean,,erect,v.,звести,Збирати шляхом з’єднання матеріалів або частин.,,medium,
SB-0466,d_clean,clean-pool,clean,,essence,n.,суть,Внутрішня природа речі або ідеї.,,medium,
SB-0467,c_known_open,known-open-confirmation,P1,grammar-calque-fragment,establishment,n.,заклад,"Те, що встановлено; як форма правління, постійна організація, бізнес або сила, або місце, де людина постійно проживає.","Run-on, malformed establishment list ('...постійна організація, бізнес або сила...'); 'сила' is an off gloss and the list is grammatically awkward.",medium,True
SB-0468,d_clean,clean-pool,clean,,eternal,adj.,вічний,Триває назавжди; нескінченний.,,medium,
SB-0470,d_clean,clean-pool,clean,,evoke,v.,викликати,"Викликати прояв чогось (емоції, картини тощо) в чиємусь розумі чи уяві.",,medium,
SB-0471,d_clean,clean-pool,clean,,evolutionary,adj.,еволюційний,Відносно біологічної теорії еволюції або до неї.,,medium,
SB-0472,d_clean,clean-pool,clean,,exaggerate,v.,перебільшувати,"Перебільшувати, описувати більше, ніж факт.",,medium,
SB-0474,d_clean,new-finding,P2,grammar-calque-fragment,exceptional,adj.,винятковий,Формування винятку; не звичайний; незвичайний; рідкісні.,'exceptional' led with awkward calque 'Формування винятку' (formation of an exception) and ends with number-disagreeing plural adj 'рідкісні' (should be sing. 'рідкісний'); core sense 'незвичайний' present.,medium,
SB-0475,d_clean,clean-pool,clean,,excess,"n., adj.",надлишок,"Стан перевищення або виходу за межі; стан поза достатністю, необхідністю або обов'язком; більше, ніж те, що є звичайним або належним.",,medium,
SB-0478,d_clean,clean-pool,clean,,exclusively,adv.,виключно,на виключення будь-чого або будь-кого іншого; виключно або цілком,,medium,
SB-0479,d_clean,clean-pool,clean,,execute,v.,виконувати,Здійснювати; ввести в дію.,,medium,
SB-0480,d_clean,clean-pool,clean,,execution,n.,виконання,"Дія, спосіб або стиль виконання (дій, маневрів, вистав).",,medium,
SB-0482,d_clean,clean-pool,clean,,exile,n.,вигнання,Стан вигнання з дому чи країни.,,medium,
SB-0485,d_clean,clean-pool,clean,,experimental,adj.,експериментальний,Відносно або засноване на експерименті.,,medium,
SB-0489,d_clean,clean-pool,clean,,exploitation,n.,експлуатація,Неправомірне використання чого-небудь в корисливих цілях.,,medium,
SB-0492,d_clean,clean-pool,clean,,extremist,n.,екстреміст,"Людина, яка дотримується крайніх поглядів, особливо той, хто відстоює такі погляди; радикал або фанатик.",,medium,
SB-0493,d_clean,new-finding,P2,grammar-calque-fragment,facilitate,v.,сприяти,Зробити легко або легше.,'facilitate' glossed 'Зробити легко' uses adverb 'легко' where 'зробити легким/полегшити' is required; 'або легше' is fine.,low,
SB-0494,d_clean,clean-pool,clean,,faction,n.,фракція,"Група людей, особливо всередині політичної організації, яка висловлює спільні переконання або думку, відмінну від людей, які не є частиною групи.",,medium,
SB-0498,c_known_open,known-open-confirmation,P1,pos-morphology-mismatch,fatal,adj.,фатальний,Заподіяння смерті або руйнування.,Adjective 'fatal' defined with a noun head 'Заподіяння' ('the causing'); should be adjectival (смертельний/згубний).,high,True
SB-0499,d_clean,clean-pool,clean,,fate,n.,доля,"Передбачувана причина, сила, принцип або божественна воля, яка визначає події.",,medium,
SB-0500,d_clean,clean-pool,clean,,favourable,adj.,сприятливий,"Вираження або вказівка ​​на прихильність чи доброзичливість; схвалюючи, заохочуючи.",,medium,
SB-0501,d_clean,clean-pool,clean,,feat,n.,подвиг; визначне досягнення,Відносно рідкісне або важке досягнення.,,medium,
SB-0503,d_clean,clean-pool,clean,,fibre,n.,клітковина,Харчові волокна.,,medium,
SB-0508,d_clean,clean-pool,clean,,firearm,n.,вогнепальна зброя,"Особиста зброя, яка використовує вибуховий порох для приведення в дію снаряда, який часто виготовляється зі свинцю.",,medium,
SB-0511,d_clean,clean-pool,clean,,flaw,n.,недолік,"Дефект, помилка або недосконалість, особливо прихована.",,medium,
SB-0512,d_clean,clean-pool,clean,,flawed,adj.,дефектний,Наявність недоліку або недосконалості.,,medium,
SB-0513,d_clean,clean-pool,clean,,flee,v.,тікати,Втікати; втекти.,,medium,
SB-0514,d_clean,clean-pool,clean,,fleet,n.,флот,Група суден або транспортних засобів.,,medium,
SB-0515,d_clean,clean-pool,clean,,flesh,n.,плоть,"М’які тканини тіла, особливо м’язи та жир.",,medium,
SB-0516,d_clean,clean-pool,clean,,flexibility,n.,гнучкість,"Якість бути гнучким, фізично чи метафорично.",,medium,
SB-0518,d_clean,clean-pool,clean,,fluid,n.,рідина,Рідина (на відміну від твердого або газоподібного).,,medium,
SB-0519,d_clean,clean-pool,clean,,footage,n.,кадри,"Кількість плівки або стрічки, яка була використана для запису чогось.",,medium,
SB-0520,d_clean,clean-pool,clean,,foreigner,n.,іноземець,Людина з чужої країни.,,medium,
SB-0522,d_clean,clean-pool,clean,,formula,n.,формула,План або метод вирішення проблеми або досягнення результату.,,medium,
SB-0523,d_clean,clean-pool,clean,,formulate,v.,формулювати,Викласти в ясній і певній формі твердження або вираз.,,medium,
SB-0524,d_clean,clean-pool,clean,,forth,adv.,вперед,"Назовні, уперед або від певного місця; переважно у сталих виразах.",,medium,
SB-0527,d_clean,clean-pool,clean,,fragile,adj.,крихкий,"Легко ламається, не міцний; з ніжного матеріалу.",,medium,
SB-0528,d_clean,clean-pool,clean,,franchise,n.,франшиза; право на здійснення діяльності,"Дозвіл, наданий компанією на продаж або розповсюдження своїх товарів чи послуг на певній території.",,medium,
SB-0533,d_clean,clean-pool,clean,,functional,adj.,функціональний,"Корисний; служіння меті, виконання функції.",,medium,
SB-0534,d_clean,clean-pool,clean,,fundraising,n.,збір коштів,Процес збору грошей шляхом запитів пожертвувань від приватних осіб і компаній.,,medium,
SB-0535,d_clean,clean-pool,clean,,funeral,n.,похорон,"Церемонія вшанування та пам’яті померлої людини, яка часто відрізняється від панахиди присутністю тіла померлого.",,medium,
SB-0537,d_clean,clean-pool,clean,,gambling,n.,азартні ігри,"Діяльність, що характеризується балансом між виграшем і програшем, що регулюється сумішшю навичок і випадковості, як правило, із ставкою на результат.",,medium,
SB-0539,d_clean,clean-pool,clean,,gaze,"n., v.",погляд,Дивитися пильно або серйозно.,,medium,
SB-0542,d_clean,clean-pool,clean,,genocide,n.,геноцид,"Систематичне та умисне знищення групи людей; як правило, вбиваючи значну кількість з них на основі їхньої етнічної приналежності, релігії чи національності.",,medium,
SB-0543,d_clean,clean-pool,clean,,glance,"n., v.",погляд,"Звернути (очі чи погляд) на щось, часто ненадовго.",,medium,
SB-0545,d_clean,clean-pool,clean,,glorious,adj.,славний,"Демонстрація атрибутів, якостей або вчинків, які гідні чи отримують славу.",,medium,
SB-0546,d_clean,clean-pool,clean,,glory,n.,слава,"Честь, захоплення чи відзнака, надані особі чи речі за спільною згодою; висока репутація; відомість.",,medium,
SB-0547,d_clean,clean-pool,clean,,governance,n.,управління,"Процес, або сила, управління; уряд або адміністрація.",,medium,
SB-0550,d_clean,clean-pool,clean,,grave (for dead person),n.,могила,"Місце в землі, де поховано померлу людину.",,medium,
SB-0551,d_clean,clean-pool,clean,,grave (serious),adj.,серйозний; тяжкий,"Надзвичайно серйозний, небезпечний або такий, що викликає значне занепокоєння.",,medium,
SB-0553,d_clean,clean-pool,clean,,grid,n.,сітка,"Система доставки електроенергії, що складається з різних підстанцій, трансформаторів і генераторів, з'єднаних дротом.",,medium,
SB-0556,d_clean,clean-pool,clean,,grind,v.,молоти,Розрізати на дрібніші шматки шляхом подрібнення бічними рухами.,,medium,
SB-0559,d_clean,clean-pool,clean,,guerrilla,n.,партизан,"Солдат у невеликій незалежній групі, який бореться проти уряду чи регулярних сил шляхом раптових набігів.",,medium,
SB-0560,d_clean,clean-pool,clean,,guidance,n.,керівництво,Порада або консультація з якоїсь теми.,,medium,
SB-0561,d_clean,clean-pool,clean,,guilt,n.,вина,Відповідальність за протиправні дії.,,medium,
SB-0562,d_clean,clean-pool,clean,,gut,n.,кишка,"Травний тракт, особливо кишечник.",,medium,
SB-0564,d_clean,clean-pool,clean,,halfway,adv.,на півдорозі,Половина шляху між двома точками.,,medium,
SB-0566,d_clean,clean-pool,clean,,handful,n.,жменя,"Кількість, яку рука може схопити або вмістити.",,medium,
SB-0567,d_clean,clean-pool,clean,,handling,n.,поводження,"Торкатися, контролювати, керувати, використовувати, піклуватися тощо рукою або руками або як руками.",,medium,
SB-0568,d_clean,clean-pool,clean,,handy,adj.,зручний,"Простий у використанні, корисний.",,medium,
SB-0571,c_known_open,known-open-confirmation,P1,semantic-pedagogical-error,harmony,n.,гармонія,Договір чи згода.,'Договір' (a contract) is wrong for harmony; harmony = 'співзвуччя/злагода'.,high,True
SB-0573,d_clean,clean-pool,clean,,harvest,"n., v.",урожай,Принести врожай; жати; підбирати.,,medium,
SB-0574,d_clean,clean-pool,clean,,hatred,n.,ненависть,Сильна відраза; сильна неприязнь.,,medium,
SB-0575,d_clean,clean-pool,clean,,haunt,v.,переслідувати,Населяти або часто відвідувати (найчастіше використовується стосовно привидів).,,medium,
SB-0578,d_clean,clean-pool,clean,,heritage,n.,спадщина,"традиція; практика або набір цінностей, які передаються від попередніх поколінь через сім’ї або через інституційну пам’ять.",,medium,
SB-0579,d_clean,clean-pool,clean,,hierarchy,n.,ієрархія,"Соціальна, релігійна, економічна чи політична система або організація, в якій люди або групи людей перевищують інших на основі їхнього статусу, авторитету чи інших рис.",,medium,
SB-0580,d_clean,clean-pool,clean,,high-profile,adj.,гучний,Важливий або добре розрекламований.,,medium,
SB-0581,d_clean,clean-pool,clean,,hint,"n., v.",підказка,Мати на увазі без прямого твердження; щоб надати підказку.,,medium,
SB-0582,d_clean,clean-pool,clean,,homeland,n.,батьківщина,"Країна, яку людина вважає домом.",,medium,
SB-0585,d_clean,clean-pool,clean,,horizon,n.,горизонт,"Видима горизонтальна лінія (у всіх напрямках), де небо, здається, зустрічається з землею на відстані.",,medium,
SB-0586,d_clean,clean-pool,clean,,horn,n.,ріг,"Твердий наріст кератину, який виступає з верхньої частини голови певних тварин, як правило, парний.",,medium,
SB-0587,d_clean,clean-pool,clean,,hostage,n.,заручник,"Особа, захоплена з метою примусити іншу сторону діяти (або утримуватися від дій) певним чином через загрозу заподіяння шкоди заручнику.",,medium,
SB-0588,d_clean,clean-pool,clean,,hostile,adj.,ворожий,Не доброзичливий; відповідний ворогові; показ розташування ворога; прояв злої волі та зловмисності або бажання перешкодити та завдати шкоди.,,medium,
SB-0589,d_clean,clean-pool,clean,,hostility,n.,ворожість,Стан ворожості.,,medium,
SB-0590,d_clean,clean-pool,clean,,humanitarian,adj.,гуманітарний,Що стосується добробуту людей.,,medium,
SB-0591,d_clean,clean-pool,clean,,humanity,n.,людство,Людство; люди як група.,,medium,
SB-0592,d_clean,clean-pool,clean,,humble,adj.,скромний,"Мати низьку думку про себе; не гордий, зарозумілий або самовпевнений; скромний.",,medium,
SB-0593,d_clean,clean-pool,clean,,hydrogen,n.,водень,"Найлегший хімічний елемент (символ H), з атомним номером 1 і атомною вагою 1,008.",,medium,
SB-0595,d_clean,clean-pool,clean,,ideological,adj.,ідеологічний,Що стосується однієї чи кількох ідеологій.,,medium,
SB-0596,d_clean,clean-pool,clean,,ideology,n.,ідеологія,"Доктрина, філософія, сукупність переконань або принципів, що належать окремій особі чи групі.",,medium,
SB-0598,d_clean,clean-pool,clean,,ignorance,n.,незнання,Стан необізнаності або неосвіченості; брак знань або інформації.,,medium,
SB-0599,d_clean,clean-pool,clean,,imagery,n.,зображення,"Риторичне оформлення в письмовій чи усній формі; яскраві описи, що представляють або навіюють образи чуттєвих об'єктів; фігури в дискурсі.",,medium,
SB-0600,d_clean,clean-pool,clean,,immense,adj.,величезний,"Величезний, гігантський, дуже великий.",,medium,
SB-0602,d_clean,clean-pool,clean,,implementation,n.,впровадження,"Процес переходу ідеї від концепції до реальності. У бізнесі, інженерії та інших сферах реалізація відноситься до процесу будівництва, а не до процесу проектування.",,medium,
SB-0605,d_clean,clean-pool,clean,,inability,n.,неспроможність,Відсутність вміння щось робити; недієздатність.,,medium,
SB-0610,d_clean,clean-pool,clean,,inclusion,n.,включення,"Акт включення, тобто додавання або анексування (чогось) до групи, набору або сукупності.",,medium,
SB-0611,d_clean,clean-pool,clean,,incur,v.,понести,"Накликати на себе або піддаватися, особливо чомусь незручному, шкідливому чи обтяжливому; стати відповідальним або підлягати.",,medium,
SB-0614,d_clean,clean-pool,clean,,indigenous,adj.,корінний,"Народився або походить з країни чи регіону, особливо до вторгнення.",,medium,
SB-0619,d_clean,clean-pool,clean,,infant,n.,немовля,"Дуже молода людська істота, від народження до віку від шести місяців до двох років після народження, яка потребує майже постійного догляду та уваги.",,medium,
SB-0620,d_clean,clean-pool,clean,,infect,v.,заразити,"Привести (тіло або його частину) в контакт з речовиною, що викликає хворобу (збудником), щоб збудник почав діяти на організм;",,medium,
SB-0622,d_clean,clean-pool,clean,,influential,adj.,впливовий,Володіння чи здійснення впливу.,,medium,
SB-0623,d_clean,clean-pool,clean,,inherent,adj.,властивий,"Природно, як частина або наслідок чогось.",,medium,
SB-0626,d_clean,clean-pool,clean,,inject,v.,вводити,"Робити ін’єкцію (комусь або чомусь), особливо ліків або наркотиків.",,medium,
SB-0628,d_clean,clean-pool,clean,,injustice,n.,несправедливість,Порушення прав іншої людини чи людей.,,medium,
SB-0629,d_clean,clean-pool,clean,,inmate,n.,в'язень,"Особа, яка перебуває в установі, наприклад, в’язниці (як засуджений) або лікарні (як пацієнт).",,medium,
SB-0630,d_clean,clean-pool,clean,,insertion,n.,вставка,Акт вставки або щось вставлене.,,medium,
SB-0631,d_clean,clean-pool,clean,,insider,n.,інсайдер,"Особа, яка володіє спеціальними знаннями про внутрішню роботу групи, організації чи установи.",,medium,
SB-0632,d_clean,clean-pool,clean,,inspect,v.,оглядати,Вивчати критично або уважно; особливо для пошуку проблем або визначення стану; придивлятися.,,medium,
SB-0633,d_clean,clean-pool,clean,,inspection,n.,огляд,"Акт вивчення чогось, часто уважно.",,medium,
SB-0634,d_clean,clean-pool,clean,,inspiration,n.,натхнення,"Акт або процес піднесення чи стимулювання впливу на інтелект, емоції чи творчість.",,medium,
SB-0635,d_clean,clean-pool,clean,,instinct,n.,інстинкт,Природний або вроджений імпульс або поведінка.,,medium,
SB-0636,d_clean,clean-pool,clean,,institutional,adj.,інституційний,"З, відноситься до, характерний або організований за принципами установи.",,medium,
SB-0639,d_clean,clean-pool,clean,,insufficient,adj.,недостатній,"Недостатньо; типу або виду, якого недостатньо, який не задовольняє вимоги чи потреби.",,medium,
SB-0642,d_clean,clean-pool,clean,,intake,n.,споживання,Прийнята кількість.,,medium,
SB-0644,d_clean,clean-pool,clean,,integrated,adj.,інтегрований,"складений і скоординований, щоб утворити ціле",,medium,
SB-0647,c_known_open,known-open-confirmation,P1,semantic-pedagogical-error,intellectual,n.,інтелектуал,"Розумна, вчена людина, особливо та, яка говорить про вчені питання.",Defining trait 'говорить про вчені питання' (merely talks about learned matters) misrepresents 'intellectual'.,medium,True
SB-0648,d_clean,clean-pool,clean,,intensify,v.,посилити,Стати інтенсивним або більш інтенсивним; діяти зі зростаючою силою чи енергією.,,medium,
SB-0649,d_clean,clean-pool,clean,,intensity,n.,інтенсивність,Якість інтенсивності.,,medium,
SB-0650,d_clean,clean-pool,clean,,intensive,adj.,інтенсивний,Виконується з інтенсивністю або значною мірою; ретельний.,,medium,
SB-0651,d_clean,clean-pool,clean,,intent,n.,намір,Щось призначене.,,medium,
SB-0652,d_clean,clean-pool,clean,,interactive,adj.,інтерактивний,Пропозиція або залучення взаємодії з користувачем.,,medium,
SB-0653,d_clean,clean-pool,clean,,interface,n.,інтерфейс,Точка взаємозв'язку між системами або підсистемами.,,medium,
SB-0654,d_clean,clean-pool,clean,,interfere,v.,заважати,"Вплутуватися або втягуватись, завдаючи занепокоєння.",,medium,
SB-0656,d_clean,clean-pool,clean,,interim,adj.,тимчасовий,Тимчасовий.,,medium,
SB-0658,d_clean,clean-pool,clean,,intermediate,adj.,проміжний,Знаходження між двома крайнощами або в середині діапазону.,,medium,
SB-0659,d_clean,new-finding,P2,other,intervene,v.,втручатися,"Втягнутися в ситуацію, щоб змінити або запобігти дії. [з в]",definitionUa carries a stray editorial artifact '[з в]' leaked into learner-facing text.,medium,
SB-0662,d_clean,clean-pool,clean,,intriguing,adj.,інтригуючий,Викликання бажання знати більше; таємничий.,,medium,
SB-0664,d_clean,clean-pool,clean,,invisible,adj.,невидимий,Неможливо побачити; з поля зору; не видно.,,medium,
SB-0668,d_clean,clean-pool,clean,,ironically,adv.,іронічно,В іронічній манері; певною мірою демонструючи іронію.,,medium,
SB-0671,d_clean,clean-pool,clean,,isolation,n.,ізоляція,"Стан ізольованості, відчуженості або відокремленості; стан віддаленості від інших людей.",,medium,
SB-0672,d_clean,clean-pool,clean,,judicial,adj.,судовий,Що стосується відправлення правосуддя.,,medium,
SB-0674,d_clean,clean-pool,clean,,jurisdiction,n.,юрисдикція,"Влада, право чи повноваження тлумачити та застосовувати закон.",,medium,
SB-0676,d_clean,clean-pool,clean,,justification,n.,виправдання,"Причина, пояснення або виправдання, які, на думку когось, надають переконливу, морально прийнятну підтримку для поведінки, віри чи події.",,medium,
SB-0678,d_clean,clean-pool,clean,,kidney,n.,нирка,"Орган в організмі, який фільтрує кров, утворюючи сечу.",,medium,
SB-0681,d_clean,clean-pool,clean,,landlord,n.,орендодавець,"Особа, яка здає в оренду нерухоме майно; орендодавець.",,medium,
SB-0685,d_clean,clean-pool,clean,,laser,n.,лазер,"Пристрій, який створює монохроматичний когерентний пучок світла.",,medium,
SB-0687,d_clean,clean-pool,clean,,lawn,n.,газон,"Земля (зазвичай перед або навколо будинку), вкрита травою, ретельно підкошена.",,medium,
SB-0688,d_clean,clean-pool,clean,,lawsuit,n.,позов,"У цивільному праві — справа, у якій двоє або більше людей не погоджуються, і одна або більше сторін передають справу до суду для вирішення.",,medium,
SB-0689,d_clean,clean-pool,clean,,layout,n.,макет,Структуроване розташування елементів у певних межах.,,medium,
SB-0692,d_clean,clean-pool,clean,,legacy,n.,спадок,Щось успадковане від попередника чи минулого.,,medium,
SB-0693,d_clean,clean-pool,clean,,legendary,adj.,легендарний,"Маючи неймовірну велич; чудовий до такої міри, щоб викликати історії.",,medium,
SB-0694,d_clean,clean-pool,clean,,legislation,n.,законодавство,"Закон, прийнятий законодавчим або іншим керівним органом.",,medium,
SB-0695,d_clean,clean-pool,clean,,legislative,adj.,законодавчий,Створення закону або законів або наявність повноважень приймати закони; правотворчість.,,medium,
SB-0697,d_clean,clean-pool,clean,,legitimate,adj.,законний,Відповідно до закону або встановлених правових форм і вимог.,,medium,
SB-0700,d_clean,clean-pool,clean,,lesser,adj.,менший,"З двох (або, рідше, більше двох) речей: меншої за розміром (менше), за цінністю, за важливістю тощо.",,medium,
SB-0704,d_clean,clean-pool,clean,,liberation,n.,звільнення,Акт звільнення або стан звільнення.,,medium,
SB-0709,d_clean,clean-pool,clean,,limb,n.,кінцівка,"Основний відросток людини або тварини, який використовується для пересування (наприклад, рука, нога або крило).",,medium,
SB-0710,d_clean,clean-pool,clean,,linear,adj.,лінійний,Має форму лінії; прямі або приблизно прямі; за прямим курсом.,,medium,
SB-0711,d_clean,clean-pool,clean,,line-up,n.,склад учасників; програма,"Склад людей або виконавців, які беруть участь у події, команді чи програмі.",,medium,
SB-0713,d_clean,clean-pool,clean,,listing,n.,список,Запис у списку або каталозі.,,medium,
SB-0714,d_clean,clean-pool,clean,,literacy,n.,грамотність,Уміння читати і писати.,,medium,
SB-0715,d_clean,clean-pool,clean,,liver,n.,печінка,"Великий орган в організмі, який зберігає та метаболізує поживні речовини, знищує токсини та виробляє жовч. Він відповідає за тисячі біохімічних реакцій.",,medium,
SB-0718,d_clean,clean-pool,clean,,logic,n.,логіка,"Метод людського мислення, який передбачає лінійне, поетапне мислення про те, як можна вирішити проблему. Логіка є основою багатьох принципів, включаючи науковий метод.",,medium,
SB-0719,d_clean,clean-pool,clean,,long-standing,adj.,давній,Існуючи тривалий час; тривалого існування.,,medium,
SB-0720,d_clean,clean-pool,clean,,long-time,adj.,давній,"Такий, що існує, триває або виконує певну роль протягом тривалого часу.",,medium,
SB-0723,d_clean,clean-pool,clean,,loyalty,n.,вірність,"Вірність або відданість якійсь людині, справі чи нації.",,medium,
SB-0724,c_known_open,known-open-confirmation,P1,grammar-calque-fragment,machinery,n.,машини,"Машини, що складають виробничий апарат на заводі тощо, разом.",Malformed word order: trailing 'разом' dangles at the end of the definition.,high,True
SB-0726,d_clean,clean-pool,clean,,magistrate,n.,суддя,"Судовий службовець з обмеженими повноваженнями для адміністрування та забезпечення виконання закону. Магістратський суд може мати юрисдикцію в цивільних або кримінальних справах, або в обох.",,medium,
SB-0728,d_clean,clean-pool,clean,,magnitude,n.,величина,"Абсолютний або відносний розмір, ступінь або важливість чогось.",,medium,
SB-0729,d_clean,clean-pool,clean,,mainland,n.,материк,"Континент; основна земля, на відміну від островів або півострова.",,medium,
SB-0730,d_clean,clean-pool,clean,,mainstream,"n., adj.",мейнстрим; загальноприйнятий напрям,"Те, що загальне; норма.",,medium,
SB-0732,d_clean,clean-pool,clean,,mandate,n.,мандат; офіційні повноваження,Офіційна або авторитетна команда; наказ чи розпорядження; комісія; судовий припис; дозвіл.,,medium,
SB-0733,d_clean,clean-pool,clean,,mandatory,adj.,обов'язковий,обов'язковий; вимагається або наказується владою.,,medium,
SB-0736,d_clean,clean-pool,clean,,manipulation,n.,маніпуляція,Практика маніпулювання або стан маніпулювання.,,medium,
SB-0737,d_clean,clean-pool,clean,,manuscript,n.,рукопис,"Книга, твір або будь-який інший документ, написаний від руки (або машинописний), не відтворений механічно.",,medium,
SB-0740,d_clean,clean-pool,clean,,marine,adj.,морський,Приналежність або характеристика моря; існуючі або знайдені в морі; утворені або вироблені морем.,,medium,
SB-0741,d_clean,clean-pool,clean,,marketplace,n.,ринок,Світ комерції та торгівлі.,,medium,
SB-0742,d_clean,clean-pool,clean,,mask,n.,маска,"Покриття, або часткове покриття, для обличчя, яке використовується для маскування або захисту.",,medium,
SB-0743,d_clean,clean-pool,clean,,massacre,n.,різанина,"Вбивство значної кількості (зазвичай обмежене людьми), де спротив чинити незначний або взагалі відсутній, із застосуванням невибіркового насильства, без необхідності та/або всупереч цивілізованим нормам.",,medium,
SB-0746,d_clean,clean-pool,clean,,maximize,v.,максимізувати,Зробити якомога більшим.,,medium,
SB-0747,d_clean,clean-pool,clean,,meaningful,adj.,значущий,"Має значення, значний.",,medium,
SB-0748,d_clean,clean-pool,clean,,meantime,n.,тим часом,"Час, витрачений на очікування іншої події; час між ними.",,medium,
SB-0749,c_known_open,known-open-confirmation,P1,pos-morphology-mismatch,medieval,adj.,середньовічний,"Середньовіччя або пов’язане з ним, період приблизно з 500 до 1500 року нашої ери.",Adjective 'medieval' defined starting with the noun 'Середньовіччя'; POS mismatch.,medium,True
SB-0751,d_clean,clean-pool,clean,,melody,n.,мелодія,"Послідовність нот, що складає музичну фразу.",,medium,
SB-0752,d_clean,clean-pool,clean,,memo,n.,записка,Коротка записка; меморандум.,,medium,
SB-0753,d_clean,clean-pool,clean,,memoir,n.,мемуари,"автобіографія; книга, що описує особистий досвід автора.",,medium,
SB-0754,d_clean,clean-pool,clean,,memorial,n.,меморіал,"Щось, наприклад пам'ятник, яким хтось або щось згадується.",,medium,
SB-0755,d_clean,clean-pool,clean,,mentor,n.,ментор,Мудрий і надійний порадник або вчитель.,,medium,
SB-0756,d_clean,clean-pool,clean,,merchant,n.,купець,"Людина, яка торгує товарами з метою отримання прибутку.",,medium,
SB-0757,d_clean,clean-pool,clean,,mercy,n.,милосердя,"Прощення або співчуття, особливо до тих, кому пощастило менше.",,medium,
SB-0760,d_clean,clean-pool,clean,,merge,v.,злити,Поєднати в ціле.,,medium,
SB-0761,d_clean,clean-pool,clean,,merger,n.,злиття,"Юридичне об’єднання двох або більше корпорацій в одну юридичну особу, активи та зобов’язання, як правило, бере на себе сторона-покупець.",,medium,
SB-0762,d_clean,clean-pool,clean,,merit,n.,заслуга,"Щось, що заслуговує або гідне позитивного визнання чи винагороди.",,medium,
SB-0763,d_clean,clean-pool,clean,,methodology,n.,методологія,"Набір методів, практик, процедур і правил, які використовують ті, хто працює в певній сфері.",,medium,
SB-0764,d_clean,clean-pool,clean,,midst,n.,посеред,Місце в середині чого-небудь; може використовуватися в буквальному або метафоричному значенні.,,medium,
SB-0765,d_clean,clean-pool,clean,,migration,n.,міграція,Випадок переїзду на деякий час жити в інше місце.,,medium,
SB-0768,d_clean,clean-pool,clean,,mill,n.,млин,"Пристрій для подрібнення таких речовин, як зерно, насіння тощо (деякі малі та прості, а інші великі та складні).",,medium,
SB-0769,d_clean,clean-pool,clean,,minimal,adj.,мінімальний,"Найменша можлива сума, кількість або ступінь.",,medium,
SB-0770,d_clean,clean-pool,clean,,minimize,v.,мінімізувати,Зробити (щось) менше або якомога менше; скорочуватися; зменшити.,,medium,
SB-0771,d_clean,clean-pool,clean,,mining,n.,видобуток,Діяльність із вилучення цінних ресурсів (часто мінералів) із землі.,,medium,
SB-0774,d_clean,clean-pool,clean,,miracle,n.,чудо,"Подія, яка здається незрозумілою за законами природи і тому вважається надприродною за походженням.",,medium,
SB-0775,d_clean,clean-pool,clean,,misery,n.,страждання,Велике нещастя; сильний біль тіла або розуму; убогість; дистрес; горе.,,medium,
SB-0776,d_clean,clean-pool,clean,,misleading,adj.,оманливий,"Оманливий або схильний вводити в оману чи створювати хибне враження, навіть якщо технічно відповідає дійсності.",,medium,
SB-0779,d_clean,clean-pool,clean,,mobility,n.,мобільність,Здатність до пересування; здатність до руху.,,medium,
SB-0782,d_clean,clean-pool,clean,,modification,n.,модифікація,Результат модифікації чогось; нову або змінену форму.,,medium,
SB-0784,d_clean,clean-pool,clean,,monk,n.,чернець,"Чоловічий член чернечого ордену, який присвятив своє життя релігійному служінню.",,medium,
SB-0787,d_clean,clean-pool,clean,,motive,n.,мотив,"Стимул діяти певним чином; причина або емоція, яка спонукає щось зробити; все, що спонукає до вибору дії.",,medium,
SB-0788,d_clean,clean-pool,clean,,motorist,n.,автомобіліст,"Той, хто керує транспортним засобом.",,medium,
SB-0789,d_clean,clean-pool,clean,,municipal,adj.,муніципальний,"Муніципалітет або пов’язаний з муніципалітетом (місто чи корпорація, яка має право керувати місцевим урядом).",,medium,
SB-0790,d_clean,clean-pool,clean,,mutual,adj.,взаємний,"Маючи однакові відносини, один до одного.",,medium,
SB-0791,d_clean,clean-pool,clean,,namely,adv.,а саме,Зокрема; тобто.,,medium,
SB-0792,d_clean,clean-pool,clean,,nationwide,adj.,загальнонаціональний,Поширюється на всю націю.,,medium,
SB-0794,d_clean,clean-pool,clean,,neglect,"v., n.",нехтувати,Не дбати про щось або не звертати уваги.,,medium,
SB-0795,d_clean,clean-pool,clean,,neighbouring,adj.,сусідній,Розташований поруч або поблизу іншого місця чи території.,,medium,
SB-0796,d_clean,clean-pool,clean,,nest,n.,гніздо,"Споруда, побудована птахом як місце для висиджування яєць і вирощування молодняку.",,medium,
SB-0797,c_known_open,known-open-confirmation,P1,pos-morphology-mismatch,net,adj.,чистий,Залишок після витрат або відрахувань.,Adjective 'net' defined with noun head 'Залишок' (remainder); POS mismatch.,high,True
SB-0799,d_clean,clean-pool,clean,,niche,n.,ніша,"Будь-яка позиція можливостей, для якої вона добре підходить, наприклад певний ринок у бізнесі.",,medium,
SB-0800,d_clean,clean-pool,clean,,noble,adj.,благородний,"Наявність почесних якостей; мати моральну висоту та свободу від будь-чого дрібного, підлого чи сумнівного в поведінці та характері.",,medium,
SB-0801,d_clean,clean-pool,clean,,nod,v.,кивати,"Нахилити голову вгору-вниз, щоб показати згоду.",,medium,
SB-0802,d_clean,clean-pool,clean,,nominate,v.,номінувати,"Назвати когось кандидатом на певну роль або посаду, включно з посадою.",,medium,
SB-0806,d_clean,clean-pool,clean,,non-profit,adj.,неприбутковий,"Організація або діяльність, основною метою якої не є отримання прибутку.",,medium,
SB-0807,d_clean,clean-pool,clean,,nonsense,n.,нісенітниця,"Те, що є дурним, нелогічним і позбавленим будь-якого сенсу, причини чи цінності; те, що не має сенсу.",,medium,
SB-0808,d_clean,clean-pool,clean,,noon,n.,полудень,"Час доби, коли здається, що Сонце досягає найвищої точки на небі; сонячний полудень.",,medium,
SB-0810,d_clean,clean-pool,clean,,notably,adv.,особливо,Як яскравий приклад; помітним чином.,,medium,
SB-0811,d_clean,clean-pool,clean,,notify,v.,повідомляти,Повідомити (когось) (про якусь подію).,,medium,
SB-0812,d_clean,clean-pool,clean,,notorious,adj.,горезвісний,Про особу чи організацію: загально чи широко відома чимось негативним; сумно відомий.,,medium,
SB-0821,d_clean,clean-pool,clean,,odds,n.,шанси,"Відношення ймовірності події до ймовірності того, що вона не відбудеться.",,medium,
SB-0822,d_clean,clean-pool,clean,,offering,n.,пропозиція,"Акт, за допомогою якого щось пропонується.",,medium,
SB-0823,d_clean,clean-pool,clean,,offspring,n.,потомство,дочка чи син людини; дитина людини.,,medium,
SB-0825,d_clean,clean-pool,clean,,opt,v.,обирати; робити вибір,Вибирати; вибрати.,,medium,
SB-0827,d_clean,clean-pool,clean,,optimism,n.,оптимізм,"схильність очікувати найкращого або, принаймні, сприятливого результату",,medium,
SB-0833,d_clean,clean-pool,clean,,outing,n.,виїзд,Прогулянка або екскурсія.,,medium,
SB-0837,d_clean,clean-pool,clean,,outsider,n.,сторонній,"Той, хто не є частиною спільноти чи організації.",,medium,
SB-0839,d_clean,clean-pool,clean,,overly,adv.,надмірно,У надмірній мірі.,,medium,
SB-0840,c_known_open,known-open-confirmation,P1,semantic-pedagogical-error,oversee,v.,наглядати,"Контролювати, направляти, переглядати або керувати діями особи чи групи.",Includes off-sense verbs 'переглядати/направляти' for oversee; oversee = наглядати/контролювати.,medium,True
SB-0842,d_clean,clean-pool,clean,,overwhelm,v.,переповнювати,Емоційно долати.,,medium,
SB-0845,d_clean,clean-pool,clean,,parameter,n.,параметр,"Значення, яке залишається постійним під час експерименту, рівняння, розрахунку чи подібного, але змінюється в інших версіях експерименту, рівняння, розрахунку тощо.",,medium,
SB-0846,d_clean,clean-pool,clean,,parental,adj.,батьківський,Що стосується одного з батьків.,,medium,
SB-0847,d_clean,clean-pool,clean,,parish,n.,парафія,"Адміністративна частина єпархії, яка має власну церкву.",,medium,
SB-0848,d_clean,clean-pool,clean,,parliamentary,adj.,парламентський,"З, пов’язані з парламентом або ухвалені ним.",,medium,
SB-0852,d_clean,clean-pool,clean,,passive,adj.,пасивний,Піддаватися дії без реакції.,,medium,
SB-0853,d_clean,clean-pool,clean,,pastor,n.,пастор,Хтось із духовною владою над групою людей.,,medium,
SB-0854,d_clean,clean-pool,clean,,patch,n.,латка,"Шматок тканини або іншого відповідного матеріалу, пришитий або іншим чином закріплений на одязі, щоб відремонтувати або зміцнити його, особливо на старому одязі, щоб закрити дірку.",,medium,
SB-0856,d_clean,clean-pool,clean,,pathway,n.,шлях,Пішохідна доріжка або інший шлях чи доріжка.,,medium,
SB-0859,d_clean,clean-pool,clean,,peak,n.,пік,"Найвище значення, досягнуте певною величиною за період часу.",,medium,
SB-0860,d_clean,clean-pool,clean,,peasant,n.,селянин,"Член нижчого соціального класу, який працює на землі, складається з дрібних фермерів і орендарів, пайовиків, батраків та інших робітників на землі, де вони утворюють основну робочу силу в сільському господарстві та садівни...",,medium,
SB-0864,d_clean,clean-pool,clean,,personnel,n.,персонал,"Група людей в організації, як-от співробітники та офісний персонал, військовослужбовці тощо.",,medium,
SB-0865,d_clean,clean-pool,clean,,petition,n.,петиція,"Офіційний письмовий запит, зроблений окремою особою чи групою людей до суверенної чи політичної влади, який часто містить багато підписів, із проханням про якусь благодать, право, милосердя або виправлення якоїсь кривди чи...",,medium,
SB-0868,d_clean,clean-pool,clean,,physician,n.,лікар,"Лікар, який отримав підготовку в медицині.",,medium,
SB-0870,d_clean,clean-pool,clean,,pipeline,n.,трубопровід,"Трубопровід із труб, який використовується для транспортування води, газу чи нафти тощо.",,medium,
SB-0871,d_clean,clean-pool,clean,,pirate,n.,пірат,"Злочинець, який грабує на морі; зазвичай нападають на торговельні судна, хоча часто грабують портові міста.",,medium,
SB-0872,d_clean,clean-pool,clean,,pit,n.,яма,Яма в землі.,,medium,
SB-0873,d_clean,clean-pool,clean,,plea,n.,прохання,"Звернення, прохання, настійна молитва чи благання.",,medium,
SB-0877,d_clean,clean-pool,clean,,plunge,v.,зануритися,"Пірнати, стрибати або кидатися (у воду або якусь рідину); занурюватися.",,medium,
SB-0878,d_clean,clean-pool,clean,,pole,n.,стовп,"Первісно — палиця; тепер конкретно, довгий і тонкий шматок металу або (особливо) дерева, що використовується для різних будівельних або опорних цілей.",,medium,
SB-0879,d_clean,clean-pool,clean,,poll,n.,опитування,"Опитування людей, зазвичай зі статистичним аналізом для оцінки ширшої громадської думки.",,medium,
SB-0880,d_clean,clean-pool,clean,,pond,n.,ставок,"Внутрішня водойма зі стоячою водою, природна чи створена людиною, менша за озеро.",,medium,
SB-0882,d_clean,clean-pool,clean,,portfolio,n.,портфоліо,"Група інвестицій та інших активів, якими володіє інвестор.",,medium,
SB-0883,d_clean,clean-pool,clean,,portray,v.,зображувати,"Грати роль; для зображення персонажа, людини, ситуації чи події.",,medium,
SB-0885,d_clean,clean-pool,clean,,post-war,adj.,післявоєнний,Відноситься до періоду часу відразу після закінчення війни; де є припинення конфлікту.,,medium,
SB-0886,d_clean,clean-pool,clean,,practitioner,n.,практик,"Людина, яка займається професією чи мистецтвом, особливо правом чи медициною.",,medium,
SB-0887,d_clean,clean-pool,clean,,preach,v.,проповідувати,Проголошувати публічним дискурсом; виголошувати в проповіді чи офіційній релігійній промові.,,medium,
SB-0888,d_clean,clean-pool,clean,,precedent,n.,прецедент,"Дія в минулому, яку можна використати як приклад, щоб допомогти визначити результат подібних випадків у майбутньому.",,medium,
SB-0890,d_clean,clean-pool,clean,,predator,n.,хижак,"Будь-яка тварина чи інший організм, який полює та вбиває інші нерослинні організми (їхню здобич), головним чином для їжі.",,medium,
SB-0892,d_clean,clean-pool,clean,,predominantly,adv.,переважно,Переважним чином. Найчастіше або часто з великим відривом.,,medium,
SB-0894,d_clean,clean-pool,clean,,prejudice,n.,упередження,"Негативне судження чи думка, сформовані заздалегідь або без знання фактів.",,medium,
SB-0895,d_clean,clean-pool,clean,,preliminary,adj.,попередній,"При підготовці до основної справи; початковий, вступний, підготовчий.",,medium,
SB-0896,d_clean,clean-pool,clean,,premier,n.,прем'єр,Глава уряду в парламенті та лідер кабінету.,,medium,
SB-0899,d_clean,clean-pool,clean,,prescribe,v.,призначати,Замовити (лікарський засіб або медичний пристрій) для використання конкретним пацієнтом (за ліцензією).,,medium,
SB-0900,d_clean,clean-pool,clean,,prescription,n.,рецепт,"Письмове розпорядження від уповноваженого практикуючого лікаря про надання ліків або інше лікування, наприклад (офтальмологічне) спеціальні лінзи, необхідні для пари окулярів.",,medium,
SB-0903,d_clean,clean-pool,clean,,preside,v.,головувати,Діяти як президент або голова.,,medium,
SB-0904,d_clean,clean-pool,clean,,presidency,n.,президентство,Посада або роль президента.,,medium,
SB-0905,d_clean,clean-pool,clean,,presidential,adj.,президентський,Що стосується президента чи президентства.,,medium,
SB-0906,d_clean,clean-pool,clean,,prestigious,adj.,престижний,Високого престижу.,,medium,
SB-0907,d_clean,clean-pool,clean,,presumably,adv.,мабуть,Здатний бути розумно припущеним.,,medium,
SB-0910,d_clean,clean-pool,clean,,prevalence,n.,поширеність,Якість або умова переважання; широке розширення або поширення.,,medium,
SB-0911,d_clean,clean-pool,clean,,prevention,n.,профілактика,"Будь-які заходи, спрямовані на обмеження ризиків для здоров’я (такі як інформаційні кампанії, вакцинація, рання діагностика тощо).",,medium,
SB-0912,d_clean,clean-pool,clean,,prey,n.,здобич,"Жива істота, зазвичай тварина, яку їсть інша жива істота.",,medium,
SB-0914,d_clean,clean-pool,clean,,privatization,n.,приватизація,Передача компанії або організації з державної власності та контролю в приватну.,,medium,
SB-0915,d_clean,clean-pool,clean,,privilege,n.,привілей,"Конкретна користь, перевага або послуга; право чи імунітет, яким користуються одні, але не інші; прерогатива, пільговий режим.",,medium,
SB-0917,d_clean,clean-pool,clean,,problematic,adj.,проблематичний,Постановка проблеми; мати або страждати від проблеми(-й):,,medium,
SB-0919,d_clean,clean-pool,clean,,proceeds,n.,доходи,Дохід; валовий дохід.,,medium,
SB-0920,d_clean,clean-pool,clean,,processing,n.,обробка,"Дія пошуку, зберігання, класифікації, обробки, передачі тощо даних, особливо за допомогою комп’ютерних технологій.",,medium,
SB-0921,d_clean,clean-pool,clean,,processor,n.,процесор,"Пристрій, який обробляє, змінює щось (комп’ютерний процесор, кухонний комбайн тощо).",,medium,
SB-0924,d_clean,clean-pool,clean,,productivity,n.,продуктивність,"Стан продуктивності, плідності або ефективності.",,medium,
SB-0925,d_clean,clean-pool,clean,,profitable,adj.,прибутковий,Отримання прибутку.,,medium,
SB-0928,d_clean,clean-pool,clean,,prominent,adj.,видатний,"Ймовірно, приверне увагу своїм розміром або розташуванням; помітний.",,medium,
SB-0930,d_clean,clean-pool,clean,,propaganda,n.,пропаганда,"Агітація, реклама, публічна комунікація, спрямована на вплив на аудиторію та просування порядку денного.",,medium,
SB-0936,d_clean,clean-pool,clean,,prosperity,n.,процвітання,Умова процвітання: наявність удачі та багатства.,,medium,
SB-0937,d_clean,clean-pool,clean,,protective,adj.,захисний,Служить або призначений для захисту.,,medium,
SB-0938,d_clean,clean-pool,clean,,protocol,n.,протокол,"Набір формальних правил, що описують, як передавати або обмінюватися даними, особливо через мережу.",,medium,
SB-0939,d_clean,clean-pool,clean,,province,n.,провінція,"Адміністративний підрозділ деяких країн, зокрема Канади та Китаю.",,medium,
SB-0943,d_clean,clean-pool,clean,,psychiatric,adj.,психіатричний,Психіатрія або пов'язана з нею.,,medium,
SB-0944,d_clean,clean-pool,clean,,pulse,n.,пульс,"Зазвичай регулярне серцебиття відчувається, коли артерії поблизу шкіри (наприклад, на шиї чи зап’ясті) стиснуті, спричинене серцем, що прокачує через них кров.",,medium,
SB-0949,d_clean,clean-pool,clean,,quota,n.,квота,"Зазначене число або відсоток, який може служити, наприклад, максимумом, мінімумом або ціллю.",,medium,
SB-0952,d_clean,clean-pool,clean,,rage,n.,лють,Сильний неконтрольований гнів.,,medium,
SB-0955,d_clean,clean-pool,clean,,ranking,n.,рейтинг,Відносне розміщення в списку.,,medium,
SB-0956,d_clean,clean-pool,clean,,rape,"n., v.",зґвалтування,Примушувати (когось) до статевого акту чи інших сексуальних дій без його згоди.,,medium,
SB-0957,d_clean,clean-pool,clean,,ratio,n.,співвідношення,"Число, що представляє порівняння між двома названими речами.",,medium,
SB-0959,d_clean,clean-pool,clean,,ray,n.,промінь,Промінь світла або випромінювання.,,medium,
SB-0963,d_clean,clean-pool,clean,,rear,"adj., n.",задній,"Задня або крайня задня частина; те, що позаду, або останнє за порядком.",,medium,
SB-0965,d_clean,clean-pool,clean,,reassure,v.,заспокоювати,Запевнити заново; відновити довіру до; звільнитися від страху чи невпевненості в собі.,,medium,
SB-0966,d_clean,clean-pool,clean,,rebel,n.,повстанець,"Людина, яка чинить опір встановленій владі, часто насильницький.",,medium,
SB-0967,d_clean,clean-pool,clean,,rebellion,n.,повстання,Збройний опір встановленому уряду чи правителю.,,medium,
SB-0968,d_clean,clean-pool,clean,,recipient,n.,одержувач,"Той, хто отримує.",,medium,
SB-0969,d_clean,clean-pool,clean,,reconstruction,n.,реконструкція,"Дія реконструкції чогось, не обов’язково до попереднього стану.",,medium,
SB-0970,d_clean,clean-pool,clean,,recount1,v.,докладно розповідати; переказувати,Докладно розповідати про подію або послідовність подій.,,medium,
SB-0971,d_clean,clean-pool,clean,,referendum,n.,референдум,Пряме всенародне голосування щодо запропонованого закону чи конституційної поправки.,,medium,
SB-0972,d_clean,clean-pool,clean,,reflection,n.,відображення,Акт відображення або стан відображення.,,medium,
SB-0974,d_clean,clean-pool,clean,,refuge,n.,притулок,"Місце, що забезпечує безпеку, захист або притулок.",,medium,
SB-0975,d_clean,clean-pool,clean,,refusal,n.,відмова,Акт відмови.,,medium,
SB-0977,d_clean,clean-pool,clean,,regardless,adv.,незалежно,Не звертаючи уваги на; ігнорування.,,medium,
SB-0979,d_clean,clean-pool,clean,,regulator,n.,регулятор,"Пристрій, який контролює або обмежує щось.",,medium,
SB-0980,d_clean,clean-pool,clean,,regulatory,adj.,регулятивний,Регулювання чи відношення до нього.,,medium,
SB-0981,d_clean,clean-pool,clean,,rehabilitation,n.,реабілітація,Процес реабілітації когось або чогось.,,medium,
SB-0983,d_clean,clean-pool,clean,,rejection,n.,відмова,Акт відхилення.,,medium,
SB-0984,d_clean,clean-pool,clean,,relevance,n.,релевантність,Властивість або стан релевантності чи доречності.,,medium,
SB-0987,d_clean,clean-pool,clean,,remainder,n.,залишок,"Частина або частини, що залишилися після того, як деякі були видалені або вже виникли.",,medium,
SB-0990,d_clean,clean-pool,clean,,reminder,n.,нагадування,"Хтось або щось, що нагадує.",,medium,
SB-0993,d_clean,clean-pool,clean,,renew,v.,відновити,Знову робити (щось) нове; для відновлення свіжості або початкового стану.,,medium,
SB-0995,d_clean,clean-pool,clean,,rental,n.,оренда,Плата за оренду чогось.,,medium,
SB-0996,d_clean,clean-pool,clean,,replacement,n.,заміна,"Особа або предмет, що займає місце іншого; замінник.",,medium,
SB-0999,d_clean,clean-pool,clean,,reproduce,v.,відтворювати,Для створення або розмноження потомства або організмів статевим або нестатевим шляхом.,,medium,
SB-1000,d_clean,clean-pool,clean,,reproduction,n.,відтворення,Акт біологічного відтворення нових особин.,,medium,
SB-1001,d_clean,clean-pool,clean,,republic,n.,республіка,"Держава, де суверенітет належить народу або його представникам, а не монарху чи імператору; країна без монархії.",,medium,
SB-1003,d_clean,clean-pool,clean,,reside,v.,проживати,Проживати постійно або на тривалий час; мати постійне місце проживання на час; залишатися надовго.,,medium,
SB-1006,d_clean,clean-pool,clean,,residue,n.,залишок,"Те, що зберігається або залишається після видалення або усунення інших елементів.",,medium,
SB-1009,d_clean,clean-pool,clean,,respective,adj.,відповідний,"Що стосується конкретних осіб або речей, кожен до кожного; особливий; власні.",,medium,
SB-1010,d_clean,clean-pool,clean,,respectively,adv.,відповідно,"У відносний спосіб; часто використовується під час порівняння списків масивів, де цей термін означає, що елементи в списках відповідають один одному в тому порядку, в якому вони вказані.",,medium,
SB-1015,c_known_open,known-open-confirmation,P1,semantic-pedagogical-error,retrieve,v.,отримати,Отримати чи дістати щось назад; повернути собі.,learner-facing ua 'отримати' is too generic and omits the essential back/recover direction that definitionUa supplies; ua conflicts with definitionUa.,high,True
SB-1016,d_clean,clean-pool,clean,,revelation,n.,одкровення,Акт виявлення або розголошення.,,medium,
SB-1018,d_clean,clean-pool,clean,,reverse,v.,змінювати на протилежне; рухатися назад,"Змінювати напрям, порядок або результат на протилежний; також рухатися назад.",,medium,
SB-1020,d_clean,clean-pool,clean,,revive,v.,оживити,"(фігуративно) Змусити (щось) вийти зі стану занепаду, занедбаності, забуття чи невідомості; знову зробити (щось) активним або жвавим; реанімувати, оживляти.",,medium,
SB-1022,d_clean,clean-pool,clean,,rhetoric,n.,риторика,"Мистецтво використання мови, особливо публічних виступів, як засобу переконання.",,medium,
SB-1024,d_clean,clean-pool,clean,,riot,n.,бунт,"Бурхливе порушення громадського порядку великою групою людей, що часто супроводжується насильством або пошкодженням майна.",,medium,
SB-1025,d_clean,clean-pool,clean,,rip,v.,рвати; розривати,"Розділяти або відокремлювати частини (особливо чогось тендітного, наприклад, паперу чи тканини), розрізаючи чи розриваючи; гвалтом відірвати або вирвати.",,medium,
SB-1026,d_clean,clean-pool,clean,,ritual,n.,ритуал,"обряд; повторюваний набір дій, особливо в релігійному контексті.",,medium,
SB-1031,d_clean,clean-pool,clean,,rotation,n.,обертання,Акт повороту навколо центру або осі.,,medium,
SB-1033,d_clean,clean-pool,clean,,rumour,n.,чутка,"Неперевірена інформація, яка поширюється між людьми.",,medium,
SB-1037,d_clean,clean-pool,clean,,saint,n.,святий,"Померла особа, яку церква чи інша релігійна група офіційно визнала особливо святою чи благочестивою; один видатний для благочестя та чесноти.",,medium,
SB-1041,d_clean,clean-pool,clean,,scattered,adj.,розкиданий,"Розпорошені, розбиті на роз'єднані одиниці.",,medium,
SB-1042,d_clean,clean-pool,clean,,sceptical,adj.,скептичний,Схильний сумніватися в правдивості або обґрунтованості твердження.,,medium,
SB-1045,d_clean,clean-pool,clean,,scrutiny,n.,перевірка,Інтенсивне вивчення когось або чогось.,,medium,
SB-1047,d_clean,clean-pool,clean,,secular,adj.,світський,"Не особливо релігійний; світський або цивільний, на відміну від духовного.",,medium,
SB-1048,d_clean,clean-pool,clean,,seemingly,adv.,здавалося б,Як з'являється; мабуть.,,medium,
SB-1049,d_clean,clean-pool,clean,,segment,n.,сегмент,"Одна з частин, на яку природно поділяється або ділиться будь-яке тіло; розділена або відрізана частина; розділ; порція.",,medium,
SB-1051,d_clean,clean-pool,clean,,seldom,adv.,рідко,"Нечасто, рідко.",,medium,
SB-1057,d_clean,clean-pool,clean,,separation,n.,розділення,Акт роз'єднання двох або більше речей або умова роз'єднання.,,medium,
SB-1058,d_clean,clean-pool,clean,,serial,adj.,серійний,Маючи відношення до або розташовані в ряд.,,medium,
SB-1060,d_clean,clean-pool,clean,,set-up,n.,установка,"Спосіб організації або комплект обладнання, підготовлений для певної мети.",,medium,
SB-1062,d_clean,clean-pool,clean,,shareholder,n.,акціонер,"Той, хто володіє акціями корпорації.",,medium,
SB-1063,d_clean,clean-pool,clean,,shatter,v.,розбити,Сильно розбивати що-небудь на частини.,,medium,
SB-1065,d_clean,clean-pool,clean,,sheer,adj.,чистий,прямо; повний; чистий.,,medium,
SB-1066,d_clean,clean-pool,clean,,shipping,n.,доставка,Перевезення вантажів.,,medium,
SB-1068,d_clean,clean-pool,clean,,shrink,v.,скорочуватися,Стати меншим; контрактувати.,,medium,
SB-1069,d_clean,clean-pool,clean,,shrug,v.,знизати плечима,"Підняти (плечі), щоб висловити невпевненість, відсутність занепокоєння, (раніше) страх тощо.",,medium,
SB-1072,d_clean,clean-pool,clean,,simulation,n.,моделювання,"Щось, що імітує систему чи середовище, щоб передбачити реальну поведінку.",,medium,
SB-1073,d_clean,clean-pool,clean,,simultaneously,adv.,одночасно,Відбувається одночасно.,,medium,
SB-1074,d_clean,clean-pool,clean,,sin,n.,гріх,Порушення божественної волі або релігійного закону.,,medium,
SB-1075,d_clean,clean-pool,clean,,situated,adj.,розташований,Знаходиться в конкретному місці.,,medium,
SB-1076,d_clean,clean-pool,clean,,sketch,n.,ескіз,"Швидко виконаний малюнок від руки, який не передбачається як закінчена робота, часто складається з безлічі ліній, що накладаються один на одного.",,medium,
SB-1078,d_clean,clean-pool,clean,,slam,v.,грюкнути,"Закрити з раптовою силою, щоб створити удар і шум.",,medium,
SB-1081,d_clean,new-finding,P2,other,slavery,n.,рабство,"Інститут або соціальна практика володіння людьми як власністю, особливо для використання в якості примусової праці.",definitionUa uses the mild russianism/calque 'в якості примусової праці' (в качестве -> в якості); idiomatic Ukrainian prefers 'як примусову працю'/'у ролі'. Corroborated by the CP2 mechanical calque detector.,low,
SB-1082,d_clean,clean-pool,clean,,slot,n.,слот,"Вузька западина, перфорація або отвір; особливо, один для прийому шматка, що підходить або ковзає в нього.",,medium,
SB-1083,d_clean,clean-pool,clean,,smash,v.,розбити,Сильно ламати (щось крихке).,,medium,
SB-1085,d_clean,clean-pool,clean,,soak,v.,замочити,Насичуватися рідиною шляхом занурення в неї.,,medium,
SB-1086,d_clean,clean-pool,clean,,soar,v.,парити,"Літати високо без зусиль, як птах.",,medium,
SB-1087,d_clean,clean-pool,clean,,socialist,adj.,соціалістичний,"Відносно, підтримка чи пропаганда соціалізму.",,medium,
SB-1089,d_clean,clean-pool,clean,,solely,adv.,виключно,поодинці; виключно.,,medium,
SB-1091,d_clean,clean-pool,clean,,solidarity,n.,солідарність,"Узи єдності чи згоди між індивідами, об’єднаними навколо спільної мети або проти спільного ворога, як-от принцип об’єднання, який визначає робітничий рух; взаємопідтримка всередині групи.",,medium,
SB-1092,d_clean,clean-pool,clean,,solo,"adj., n.",соло,"Робота або виконання, виконане однією особою.",,medium,
SB-1094,d_clean,clean-pool,clean,,sovereignty,n.,суверенітет,"Нації чи іншого державного устрою: стан здатний контролювати ресурси, самостійно приймати закони та іншим чином керувати собою без примусу чи згоди інших держав.",,medium,
SB-1095,d_clean,clean-pool,clean,,spam,n.,спам,Небажані масові електронні повідомлення.,,medium,
SB-1096,d_clean,clean-pool,clean,,span,"v., n.",охоплювати; тривати,Протягнути через відстань між або впоперек.,,medium,
SB-1099,d_clean,clean-pool,clean,,specialized,adj.,спеціалізований,Має високу кваліфікацію в конкретній галузі або спеціально адаптована до неї.,,medium,
SB-1100,d_clean,clean-pool,clean,,specification,n.,специфікація,"Чіткий набір вимог, яким має задовольняти матеріал, продукт або послуга.",,medium,
SB-1101,d_clean,clean-pool,clean,,specimen,n.,зразок,"Окремий екземпляр, який представляє клас; приклад.",,medium,
SB-1102,d_clean,clean-pool,clean,,spectacle,n.,видовище,"Захоплююча або надзвичайна сцена, виставка, вистава тощо.",,medium,
SB-1108,d_clean,clean-pool,clean,,spotlight,n.,центр уваги; прожектор,Центр уваги; головна або найважливіша частина.,,medium,
SB-1111,d_clean,clean-pool,clean,,squad,n.,загін,"Група людей, організована для якоїсь спільної мети, зазвичай із десяти членів.",,medium,
SB-1112,d_clean,clean-pool,clean,,squeeze,v.,стискати,Чинити тиск одночасно з двох або більше сторін.,,medium,
SB-1114,d_clean,clean-pool,clean,,stability,n.,стабільність,"Умова стабільності або рівноваги, а отже, стійкості до змін.",,medium,
SB-1115,d_clean,clean-pool,clean,,stabilize,v.,стабілізувати,Зробити стабільним.,,medium,
SB-1118,d_clean,clean-pool,clean,,stark,adj.,разючий; суворий,"Простий на вигляд; безплідний, безлюдний.",,medium,
SB-1119,d_clean,clean-pool,clean,,statistical,adj.,статистичний,Статистики або пов’язані зі статистикою.,,medium,
SB-1120,d_clean,clean-pool,clean,,steer,v.,керувати,"Керувати курсом судна, транспортного засобу, літального апарату тощо (за допомогою такого пристрою, як стерно, весло або штурвал).",,medium,
SB-1122,d_clean,clean-pool,clean,,stereotype,n.,стереотип,"Загальноприйняте, шаблонне та часто надто спрощене або перебільшене уявлення, думка чи образ (особи чи групи людей).",,medium,
SB-1123,d_clean,clean-pool,clean,,stimulus,n.,стимул,"Зовнішнє явище, яке впливає на систему, викликаючи або змінюючи внутрішнє явище; наприклад, поштовх або стимул, який спонукає людину вжити заходів або змінити поведінку.",,medium,
SB-1124,d_clean,clean-pool,clean,,stir,v.,ворушити,"Порушувати взаємне розташування частинок (рідини чи подібного), пропускаючи через них предмет.",,medium,
SB-1125,d_clean,clean-pool,clean,,storage,n.,зберігання,Акт зберігання товару; стан зберігання.,,medium,
SB-1129,d_clean,clean-pool,clean,,strategic,adj.,стратегічний,Відносно стратегії.,,medium,
SB-1131,d_clean,clean-pool,clean,,strip (long narrow piece),n.,смужка (довгий вузький шматок),"Довгий і вузький шматок матеріалу, землі або іншої поверхні.",,medium,
SB-1133,d_clean,clean-pool,clean,,strive,v.,прагнути,Намагатися досягти результату; докладати напружених зусиль; намагатися щиро й наполегливо.,,medium,
SB-1135,d_clean,clean-pool,clean,,stumble,v.,спотикатися,Спіткнутися або впасти; незграбно ходити.,,medium,
SB-1136,d_clean,clean-pool,clean,,stun,v.,оглушити,"Виводити з ладу; особливо, викликаючи дезорієнтацію або втрату свідомості.",,medium,
SB-1137,d_clean,clean-pool,clean,,submission,n.,подання,Акт подання або надання напр. завершена робота.,,medium,
SB-1139,d_clean,clean-pool,clean,,subscription,n.,підписка,"Доступ до ресурсу на певний період часу, як правило, платний.",,medium,
SB-1140,d_clean,clean-pool,clean,,subsidy,n.,субсидія,"Фінансова підтримка або допомога, наприклад грант.",,medium,
SB-1141,d_clean,clean-pool,clean,,substantial,adj.,істотний,"Великі за розміром, кількістю або вартістю; достатній; значний.",,medium,
SB-1144,d_clean,clean-pool,clean,,substitution,n.,заміна,Акт заміщення або стан заміщення.,,medium,
SB-1149,d_clean,clean-pool,clean,,successor,n.,наступник,"Особа або річ, яка безпосередньо слідує за іншою у займанні посади чи титулу.",,medium,
SB-1150,d_clean,clean-pool,clean,,suck,v.,смоктати,"Використовувати рот і губи для втягування (рідини, особливо молока з грудей).",,medium,
SB-1151,d_clean,clean-pool,clean,,sue,v.,судитися,"Подати судовий позов проти когось, як правило, некримінальний (цивільний) позов.",,medium,
SB-1152,d_clean,clean-pool,clean,,suicide,n.,самогубство,Акт навмисного самогубства.,,medium,
SB-1155,d_clean,clean-pool,clean,,superb,adj.,чудовий,Першокласний; найвищої якості; виключно добре.,,medium,
SB-1156,d_clean,clean-pool,clean,,superior,adj.,вищий,"Вищий за рангом, статусом або якістю.",,medium,
SB-1158,d_clean,clean-pool,clean,,supervision,n.,нагляд,Акт або випадок нагляду.,,medium,
SB-1162,d_clean,clean-pool,clean,,supposedly,adv.,нібито,Як питання припущення; у переконаннях або згідно з твердженнями деяких людей.,,medium,
SB-1163,d_clean,clean-pool,clean,,suppress,v.,придушити,"Покінчити, особливо силою, розчавити, знищити; забороняти, підкоряти.",,medium,
SB-1166,d_clean,clean-pool,clean,,surgical,adj.,хірургічний,"Відносно, використовується під час хірургічного втручання або є результатом операції.",,medium,
SB-1168,d_clean,clean-pool,clean,,surrender,v.,здатися,"Віддатися у владу іншого, особливо в полоні; подати або поступитися.",,medium,
SB-1171,d_clean,clean-pool,clean,,suspicion,n.,підозра,"Дія підозрювати щось або когось, особливо в чомусь недобре.",,medium,
SB-1172,d_clean,clean-pool,clean,,suspicious,adj.,підозрілий,Недовірливий або схильний підозрювати.,,medium,
SB-1175,d_clean,clean-pool,clean,,sword,n.,меч,"Довга клинкова зброя з руків’ям і, як правило, навершям і поперечною гардою (разом утворюючи ефес), яка призначена для рубання, удару, рубання та/або рубання.",,medium,
SB-1176,d_clean,clean-pool,clean,,symbolic,adj.,символічний,Непряме представлення або посилання на іншу річ.,,medium,
SB-1177,d_clean,clean-pool,clean,,syndrome,n.,синдром,"Розпізнаваний зразок ознак, симптомів та/або поведінки, особливо хвороби, медичного чи психологічного стану.",,medium,
SB-1178,d_clean,clean-pool,clean,,synthesis,n.,синтез,Утворення чогось складного або зв'язного шляхом поєднання більш простих речей.,,medium,
SB-1181,d_clean,clean-pool,clean,,tactic,n.,тактика,"Маневр або дія, спрямована на досягнення якоїсь мети.",,medium,
SB-1183,d_clean,clean-pool,clean,,taxpayer,n.,платник податків,"Особа, яка підлягає оподаткуванню, зобов’язана або сплачує податок.",,medium,
SB-1184,d_clean,clean-pool,clean,,tempt,v.,спокусити,"Спровокувати когось на неправоту, особливо обіцяючи винагороду; заманювати.",,medium,
SB-1185,d_clean,clean-pool,clean,,tenant,n.,орендар,"Той, хто має право оренди (найму).",,medium,
SB-1186,d_clean,clean-pool,clean,,tender,adj.,ніжний,Чутливий або болючий на дотик.,,medium,
SB-1189,d_clean,clean-pool,clean,,terminate,v.,припинити,"Закінчити щось, особливо коли воно залишилося в незавершеному стані.",,medium,
SB-1190,d_clean,clean-pool,clean,,terrain,n.,місцевість; рельєф,Ділянка землі або її особливості.,,medium,
SB-1191,d_clean,clean-pool,clean,,terrific,adj.,чудовий,"Надзвичайно добре; відмінно, дивовижно.",,medium,
SB-1192,d_clean,clean-pool,clean,,testify,v.,свідчити,Робити заяву або давати свідчення під присягою.,,medium,
SB-1194,d_clean,clean-pool,clean,,texture,n.,текстура,"Відчуття або форма поверхні або речовини; гладкість, шорсткість, м'якість і т. ін.",,medium,
SB-1200,d_clean,clean-pool,clean,,thereby,adv.,тим самим,За ним; цим; таким чином або як наслідок цього.,,medium,
SB-1202,d_clean,clean-pool,clean,,thought-provoking,adj.,що спонукає до роздумів,"Цікавий у такий спосіб, що ставить під сумнів чиїсь переконання, погляди чи точку зору.",,medium,
SB-1203,d_clean,clean-pool,clean,,thread,n.,нитка,"Шнур, утворений шляхом прядіння або скручування разом текстильних волокон або ниток в одне або кілька безперервних ниток, зазвичай використовується в рукоділлі.",,medium,
SB-1207,d_clean,clean-pool,clean,,tide,n.,приплив,"Добове коливання рівня моря, викликане гравітаційним впливом Місяця і Сонця.",,medium,
SB-1208,d_clean,clean-pool,clean,,tighten,v.,затягувати,Зробити щільніше.,,medium,
SB-1209,d_clean,clean-pool,clean,,timber,n.,деревина,Дерева в лісі розглядаються як джерело деревини.,,medium,
SB-1211,c_known_open,known-open-confirmation,P1,semantic-pedagogical-error,tobacco,n.,тютюн,"Листя Nicotiana tabacum та деяких інших видів культивують і збирають для виготовлення сигарет, сигар, нюхального тютюну, для куріння в трубках або для жування.","'Листя ... культивують' says leaves (not plants) are cultivated; plants are cultivated, leaves harvested.",high,True
SB-1212,d_clean,clean-pool,clean,,tolerance,n.,толерантність,"Здатність або практика толерантності; прийняття або терпляче ставлення до переконань, думок або практики інших; відсутність фанатизму.",,medium,
SB-1217,d_clean,clean-pool,clean,,toss,v.,кинути,Кидати з початковим напрямком вгору.,,medium,
SB-1219,d_clean,clean-pool,clean,,toxic,adj.,токсичний,Сильно негативний або шкідливий.,,medium,
SB-1221,d_clean,clean-pool,clean,,trademark,n.,товарний знак,"Слово, символ або фраза, які використовуються для ідентифікації продукту певної компанії та відрізняють його від продуктів інших компаній.",,medium,
SB-1223,d_clean,clean-pool,clean,,trailer,n.,трейлер,"Безмоторний колісний транспортний засіб (не караван або кемпер), який буксирується позаду іншого та використовується для перевезення обладнання тощо, яке не можна перевозити на передньому транспортному засобі.",,medium,
SB-1224,d_clean,clean-pool,clean,,transaction,n.,транзакція,"Обмін або торгівля ідеями, грошима, товарами тощо.",,medium,
SB-1225,d_clean,clean-pool,clean,,transcript,n.,стенограма,"Щось, що було транскрибовано; письмо або твір, що складається з тих самих слів, що й оригінал; письмова копія.",,medium,
SB-1227,d_clean,clean-pool,clean,,transit,n.,транзит,"Перевезення людей або товарів з одного місця в інше, особливо в системі громадського транспорту; транспортні засоби, що використовуються для таких перевезень.",,medium,
SB-1228,d_clean,clean-pool,clean,,transmission,n.,передача,"Акт передачі, напр. даних (сигналів) або електроенергії.",,medium,
SB-1229,d_clean,clean-pool,clean,,transparency,n.,прозорість,відкритість; доступність для перевірки.,,medium,
SB-1232,d_clean,clean-pool,clean,,treaty,n.,договір,"Формальна обов'язкова угода, укладена суб'єктами міжнародного права, а саме державами та міжнародними організаціями; конвенція, пакт.",,medium,
SB-1234,d_clean,clean-pool,clean,,tribal,adj.,племінний,Що стосується племен.,,medium,
SB-1235,d_clean,clean-pool,clean,,tribunal,n.,трибунал,"Збори, до складу яких входять один або більше суддів для ведення судових справ; суд.",,medium,
SB-1236,d_clean,clean-pool,clean,,tribute,n.,данина,"Визнання вдячності, поваги чи захоплення; супутній подарунок.",,medium,
SB-1238,d_clean,clean-pool,clean,,trio,n.,тріо,Група з трьох людей або речей.,,medium,
SB-1239,d_clean,clean-pool,clean,,triumph,n.,тріумф,"Переконливий успіх після зусиль, конфлікту або зіткнення з перешкодами; перемога; завоювання.",,medium,
SB-1240,d_clean,clean-pool,clean,,trophy,n.,трофей,"Предмет, як правило, у формі статуетки, кубка або щита, який вручається за успіх у змаганнях або для відзначення особливого досягнення.",,medium,
SB-1241,d_clean,clean-pool,clean,,troubled,adj.,стурбований,"Тривожний, стурбований, змучений турботами.",,medium,
SB-1242,d_clean,clean-pool,clean,,trustee,n.,довірена особа,"Особа, якій юридично передано майно в довірчу власність, що використовується або на користь певних осіб (бенефіціарів), або для суспільних потреб; той, кому довірено майно на користь іншого.",,medium,
SB-1244,d_clean,clean-pool,clean,,turnout,n.,явка,"Кількість або частка людей, які відвідують або беруть участь у події (особливо у виборах) або присутні на місці проведення.",,medium,
SB-1245,d_clean,clean-pool,clean,,turnover,n.,оборот,"Сума грошей, прийнята як продажі, здійснені за певний період.",,medium,
SB-1246,d_clean,clean-pool,clean,,twist,"v., n.",крутити,"Повертати кінці чого-небудь, зазвичай нитки, мотузки тощо, у протилежних напрямках, часто із застосуванням сили.",,medium,
SB-1247,d_clean,clean-pool,clean,,undergraduate,n.,студент,"Студент університету, який ще не отримав наукового ступеня.",,medium,
SB-1249,d_clean,clean-pool,clean,,undermine,v.,підривати,"Послаблювати або діяти проти; перешкоджати, саботувати.",,medium,
SB-1250,d_clean,clean-pool,clean,,undoubtedly,adv.,безсумнівно,Без сумніву; однозначно.,,medium,
SB-1252,d_clean,clean-pool,clean,,unprecedented,adj.,безпрецедентний,"Ніколи раніше не бачив, не робив і не відчував; без прецеденту.",,medium,
SB-1253,d_clean,clean-pool,clean,,unveil,v.,розкрити,Зняти вуаль з; розкривати; виявити щось приховане.,,medium,
SB-1254,d_clean,clean-pool,clean,,upcoming,adj.,майбутній,Відбудеться або з'явиться у відносно близькому майбутньому.,,medium,
SB-1255,d_clean,clean-pool,clean,,upgrade,"v., n.",оновлення,"Поліпшення, як правило, застосовується до технології, як правило, шляхом повної заміни одного або кількох компонентів.",,medium,
SB-1258,d_clean,clean-pool,clean,,utilize,v.,використовувати,Практично використовувати щось для певної мети.,,medium,
SB-1260,d_clean,clean-pool,clean,,vacuum,n.,вакуум,"Область простору, яка не містить матерії.",,medium,
SB-1263,d_clean,clean-pool,clean,,vanish,v.,зникати,Стати невидимим або непомітно зникнути з поля зору.,,medium,
SB-1266,d_clean,clean-pool,clean,,vein,n.,вена,"Кровоносна судина, яка транспортує кров з капілярів назад до серця.",,medium,
SB-1270,d_clean,clean-pool,clean,,verify,v.,перевірити,Щоб підтвердити або перевірити правдивість або точність чогось.,,medium,
SB-1273,d_clean,clean-pool,clean,,vessel,n.,судно,"Судно для пересування по воді, повітрі або в космосі.",,medium,
SB-1274,d_clean,clean-pool,clean,,veteran,n.,ветеран,"Людина, яка служила в збройних силах, особливо старий солдат, який бачив довгу службу.",,medium,
SB-1275,d_clean,clean-pool,clean,,viable,adj.,життєздатний,"Можна зробити, можливо, практично, здійсненно.",,medium,
SB-1277,d_clean,clean-pool,clean,,vice,n.,порок,Погана або аморальна поведінка.,,medium,
SB-1280,d_clean,clean-pool,clean,,violate,v.,порушувати,Порушувати або нехтувати (правилом або конвенцією).,,medium,
SB-1282,d_clean,clean-pool,clean,,virtue,n.,чеснота,Відповідність моральним принципам; відповідність поведінки чи думки вимогам моралі; хороша моральна поведінка.,,medium,
SB-1288,d_clean,clean-pool,clean,,warehouse,n.,склад,"Місце для зберігання великої кількості продуктів. У логістиці це місце, куди продукти надходять від виробника до роздрібного продавця.",,medium,
SB-1289,d_clean,clean-pool,clean,,warfare,n.,війна,Ведення війни або збройного конфлікту проти ворога.,,medium,
SB-1291,d_clean,clean-pool,clean,,warrior,n.,воїн,"Людина, яка активно бере участь у битві, конфлікті чи війні; солдат чи комбатант.",,medium,
SB-1292,d_clean,clean-pool,clean,,weaken,v.,ослабити,Зробити слабшим або менш сильним.,,medium,
SB-1293,d_clean,clean-pool,clean,,weave,v.,плести,Сформувати щось шляхом пропускання відрізків або ниток матеріалу один під одним.,,medium,
SB-1302,d_clean,clean-pool,clean,,widen,v.,розширити,Зробити широким або ширшим.,,medium,
SB-1303,d_clean,clean-pool,clean,,widow,n.,вдова,"Особа, яка втратила чоловіка і не одружилася повторно:",,medium,
SB-1304,d_clean,clean-pool,clean,,width,n.,ширина,Вимірювання розміру чого-небудь з боку в бік.,,medium,
SB-1310,d_clean,clean-pool,clean,,worship,"n., v.",поклоніння,Шанувати (божество тощо) з найвищою пошаною та шануванням; виконувати релігійні вправи на честь.,,medium,
SB-1311,d_clean,clean-pool,clean,,worthwhile,adj.,вартий,"Хороший і достатньо важливий, щоб витратити на нього час, зусилля чи гроші.",,medium,
SB-1312,d_clean,clean-pool,clean,,worthy,adj.,гідний,"Мати цінність, заслуги або цінність.",,medium,
SB-1316,d_clean,clean-pool,clean,,analysis,word family,аналіз,"Розкладання на компоненти з метою вивчення (складна річ, концепція, теорія тощо).",,medium,
SB-1322,d_clean,clean-pool,clean,,available,word family,доступний; наявний,Легко доступний.,,medium,
SB-1324,d_clean,clean-pool,clean,,concept,word family,поняття; концепція,Абстрактна і загальна ідея; абстракція.,,medium,
SB-1325,d_clean,clean-pool,clean,,consistent,word family,послідовний; узгоджений; сталий,"Регулярного, надійного характеру.",,medium,
SB-1327,d_clean,clean-pool,clean,,contract,word family,договір; укладати контракт; скорочуватися,"Угода між двома чи більше сторонами про виконання певної роботи або замовлення, часто тимчасова або на фіксований термін і зазвичай регулюється письмовою угодою.",,medium,
SB-1329,d_clean,clean-pool,clean,,data,word family,дані,"Матеріал, записаний і відомий або прийнятий як факти та використаний як основа для міркувань, обговорень або обчислень, представлений у формі чисел і зазвичай структурований (наприклад, статистика).",,medium,
SB-1330,d_clean,clean-pool,clean,,definition,word family,визначення,"Виклад значення слова, групи слів, знака чи символу; особливо словникове визначення.",,medium,
SB-1332,d_clean,clean-pool,clean,,distribution,word family,розподіл; поширення,Акт розповсюдження або стан розповсюдження.,,medium,
SB-1333,d_clean,clean-pool,clean,,economic,word family,економічний,Що стосується економіки.,,medium,
SB-1335,d_clean,clean-pool,clean,,established,word family,встановлений; усталений,"Існуючи протягом тривалого часу, тому визнаний і загальновизнаний.",,medium,
SB-1337,d_clean,clean-pool,clean,,evidence,word family,докази; свідчення,"Факти або спостереження, представлені на підтримку твердження.",,medium,
SB-1338,d_clean,clean-pool,clean,,export,word family,експорт; експортувати,Акт вивезення.,,medium,
SB-1339,d_clean,clean-pool,clean,,factors,word family,чинники; фактори,"Один із елементів, обставин або впливів, які сприяють досягненню результату.",,medium,
SB-1340,d_clean,clean-pool,clean,,financial,word family,фінансовий,Пов'язані з фінансами.,,medium,
SB-1341,d_clean,clean-pool,clean,,function,word family,функція; функціонувати,Що щось робить або для чого використовується.,,medium,
SB-1342,d_clean,clean-pool,clean,,identified,word family,визначений; ідентифікований,"Розпізнаний або визначений як конкретна особа, річ чи явище.",,medium,
SB-1345,d_clean,clean-pool,clean,,individual,word family,окремий; індивідуальний; особа,"Людина, яку вважають самотньою, а не приналежною до групи людей.",,medium,
SB-1346,d_clean,clean-pool,clean,,interpretation,word family,тлумачення; інтерпретація,Акт тлумачення або пояснення чогось незрозумілого; переклад; версія.,,medium,
SB-1348,d_clean,clean-pool,clean,,issues,word family,питання; проблеми,"Важливі питання або проблеми, які потребують обговорення чи розв’язання.",,medium,
SB-1349,d_clean,clean-pool,clean,,labour,word family,праця; робоча сила,"Зусилля, витрачені на певне завдання; трудитися, працювати.",,medium,
SB-1350,d_clean,clean-pool,clean,,legal,word family,правовий; юридичний,Що стосується права або юристів.,,medium,
SB-1352,d_clean,clean-pool,clean,,method,word family,метод,"Процес, за допомогою якого виконується завдання; спосіб виконання чогось (з наступним додаванням, до або для мети процесу).",,medium,
SB-1353,d_clean,clean-pool,clean,,occur,word family,відбуватися; траплятися,Відбутися або мати місце.,,medium,
SB-1354,d_clean,clean-pool,clean,,percent,word family,відсоток,"На кожну сотню (використовується з попереднім числівником для утворення іменника, що виражає пропорцію).",,medium,
SB-1356,d_clean,clean-pool,clean,,policy,word family,політика; стратегічний курс,"Принцип поведінки, який суб’єкт (уряд, організація тощо) застосовує або прагне дотримуватися, особливо якщо формально виражено авторитетним органом.",,medium,
SB-1357,d_clean,clean-pool,clean,,principle,word family,принцип,Фундаментальне припущення або керівне переконання.,,medium,
SB-1358,d_clean,clean-pool,clean,,procedure,word family,процедура,Конкретний спосіб виконання завдання.,,medium,
SB-1359,d_clean,clean-pool,clean,,process,word family,процес; обробляти,"Низка подій, що призводять до результату або продукту.",,medium,
SB-1361,d_clean,clean-pool,clean,,research,word family,дослідження; досліджувати,"Старанне розслідування або перевірка з метою пошуку або перегляду фактів, принципів, теорій, застосувань тощо (які наразі доступні або знайомі).",,medium,
SB-1363,d_clean,clean-pool,clean,,role,word family,роль,Очікувана поведінка індивіда в суспільстві.,,medium,
SB-1366,d_clean,clean-pool,clean,,significant,word family,значний; суттєвий,Має помітний або великий ефект.,,medium,
SB-1368,d_clean,clean-pool,clean,,source,word family,джерело,"Особа, місце або предмет, звідки щось (інформація, товари тощо) надходить або отримується.",,medium,
SB-1369,d_clean,clean-pool,clean,,specific,word family,конкретний; специфічний,Явний або певний.,,medium,
SB-1370,d_clean,clean-pool,clean,,structure,word family,структура; структурувати,"Згуртоване ціле, що складається з окремих частин.",,medium,
SB-1371,d_clean,clean-pool,clean,,theory,word family,теорія,"Послідовне твердження або набір ідей, які пояснюють спостережувані факти чи явища та правильно передбачають нові факти чи явища, які раніше не спостерігалися, або які встановлюють закони та принципи чогось відомого чи спос...",,medium,
SB-1373,d_clean,clean-pool,clean,,achieve,word family,досягти,Успішно виконувати; виконати.,,medium,
SB-1374,d_clean,clean-pool,clean,,administration,word family,адміністрування,Акт адміністрування; управління громадськими справами; надані послуги або взяті на себе обов'язки у веденні справ; ведення будь-якої посади чи роботи; напрямок.,,medium,
SB-1375,d_clean,clean-pool,clean,,affect,word family,впливати,Впливати або змінювати.,,medium,
SB-1377,d_clean,clean-pool,clean,,aspects,word family,аспекти,"Будь-яка конкретна особливість, частина або елемент чогось.",,medium,
SB-1379,d_clean,clean-pool,clean,,categories,word family,категорії,"Групи, до яких об’єднують речі з подібними властивостями.",,medium,
SB-1380,d_clean,clean-pool,clean,,chapter,word family,розділ,"Один із основних розділів, на який поділяється опублікований твір, особливо книга.",,medium,
SB-1381,d_clean,clean-pool,clean,,commission,word family,комісія,"Комісія, яку стягує агент або брокер за здійснення операції.",,medium,
SB-1382,d_clean,clean-pool,clean,,community,word family,громада,"Група, що має спільні характеристики, такі як одна мова, закон, релігія чи традиція.",,medium,
SB-1384,d_clean,clean-pool,clean,,computer,word family,комп'ютер,"Програмований електронний пристрій, який виконує математичні обчислення та логічні операції, особливо той, який може дуже швидко обробляти, зберігати та отримувати великі обсяги даних;",,medium,
SB-1385,d_clean,clean-pool,clean,,conclusion,word family,висновок,"Кінець, завершення, закриття або остання частина чогось.",,medium,
SB-1386,d_clean,clean-pool,clean,,conduct,word family,поведінка,Поведінка; манера поводитися.,,medium,
SB-1388,d_clean,clean-pool,clean,,construction,word family,будівництво,Процес конструювання.,,medium,
SB-1391,d_clean,clean-pool,clean,,cultural,word family,культурний,Що стосується культури.,,medium,
SB-1392,d_clean,clean-pool,clean,,design,word family,дизайн,"План (з більшою чи меншою кількістю деталей) структури та функцій артефакту, будівлі чи системи.",,medium,
SB-1394,d_clean,clean-pool,clean,,evaluation,word family,оцінка,"Оцінка, як-от щорічна перевірка продуктивності персоналу, яка використовується як основа для підвищення зарплати чи премії, або короткий опис конкретної ситуації.",,medium,
SB-1397,d_clean,clean-pool,clean,,focus,word family,фокус,Концентрація уваги.,,medium,
SB-1398,d_clean,clean-pool,clean,,impact,word family,вплив,Значний або сильний вплив чи ефект.,,medium,
SB-1399,d_clean,clean-pool,clean,,injury,word family,травма,Пошкодження тіла живої істоти.,,medium,
SB-1400,d_clean,clean-pool,clean,,institute,word family,інститут,"Організація, заснована для просування справи",,medium,
SB-1401,d_clean,clean-pool,clean,,investment,word family,інвестиції,Розміщення капіталу в очікуванні отримання доходу чи прибутку від його використання чи підвищення вартості.,,medium,
SB-1403,d_clean,clean-pool,clean,,journal,word family,журнал,Періодичне видання з академічними чи професійними статтями; також особистий щоденник.,,medium,
SB-1405,d_clean,clean-pool,clean,,obtained,word family,отримано,"Отриманий, здобутий або набутий певним способом.",,medium,
SB-1410,d_clean,clean-pool,clean,,previous,word family,попередній,"попередній; що відбувається перед чимось іншим, у часі чи порядку.",,medium,
SB-1411,d_clean,clean-pool,clean,,primary,word family,первинний,Перший або найраніший у групі чи серії.,,medium,
SB-1414,d_clean,clean-pool,clean,,region,word family,область,"Будь-яка значна і зв'язана частина простору або поверхні; зокрема, ділянка землі чи моря значної, але невизначеної протяжності; країна; район;",,medium,
SB-1415,d_clean,clean-pool,clean,,regulations,word family,нормативні акти,"Закон або адміністративне правило, видане організацією, яке використовується для керівництва чи приписування поведінки членів цієї організації.",,medium,
SB-1418,d_clean,clean-pool,clean,,resources,word family,ресурси,"Щось, що використовується для досягнення мети, напр. сировини або персоналу.",,medium,
SB-1422,d_clean,clean-pool,clean,,select,word family,вибрати,"Вибрати один або кілька елементів набору, особливо набору опцій.",,medium,
SB-1424,d_clean,clean-pool,clean,,strategies,word family,стратегії,"План дій, спрямований на досягнення конкретної мети.",,medium,
SB-1430,d_clean,clean-pool,clean,,circumstances,word family,обставини,"Умови та факти, які впливають на ситуацію або подію.",,medium,
SB-1431,d_clean,clean-pool,clean,,comments,word family,коментарі,Усне або письмове зауваження.,,medium,
SB-1432,d_clean,clean-pool,clean,,components,word family,компоненти,"Менша самодостатня частина більшої сутності. Часто стосується виготовленого об’єкта, який є частиною більшого пристрою.",,medium,
SB-1434,d_clean,clean-pool,clean,,constant,word family,постійний,Незмінний у часі чи просторі; постійний.,,medium,
SB-1436,d_clean,clean-pool,clean,,contribution,word family,внесок,"Щось дане або запропоноване, що додає до більшого цілого.",,medium,
SB-1438,d_clean,clean-pool,clean,,core,word family,ядро,У загальному вживанні суттєва частина речі в оточенні інших істотних речей.,,medium,
SB-1439,d_clean,clean-pool,clean,,corporate,word family,корпоративний,Що стосується корпорації.,,medium,
SB-1442,d_clean,clean-pool,clean,,demonstrate,word family,продемонструвати,"Показувати, демонструвати або представляти; довести або зробити очевидним",,medium,
SB-1443,d_clean,clean-pool,clean,,document,word family,документ,"Оригінал або офіційний документ, який використовується як основа, доказ або підтримка будь-чого іншого, включаючи будь-який письмовий документ, книгу чи інший документ, що передає інформацію, що має відношення до такого до...",,medium,
SB-1445,d_clean,clean-pool,clean,,emphasis,word family,наголос,"Особлива вага чи сила, що надається чомусь, що вважається важливим.",,medium,
SB-1450,d_clean,clean-pool,clean,,illustrated,word family,ілюстрований,Містить ілюстрації.,,medium,
SB-1451,d_clean,clean-pool,clean,,immigration,word family,імміграція,"Акт імміграції; переїзд або в'їзд до країни, у якій людина не народилася, з метою постійного проживання.",,medium,
SB-1452,d_clean,clean-pool,clean,,implies,word family,передбачає,Пропонується без прямого вказівки; причетні або натякані.,,medium,
SB-1455,d_clean,clean-pool,clean,,interaction,word family,взаємодія,Розмова або обмін між людьми.,,medium,
SB-1456,d_clean,clean-pool,clean,,layer,word family,шар,"Одна товщина якогось матеріалу, що покриває поверхню.",,medium,
SB-1457,d_clean,clean-pool,clean,,link,word family,посилання,"Зв’язок між місцями, людьми, подіями, речами чи ідеями.",,medium,
SB-1458,d_clean,clean-pool,clean,,location,word family,розташування,Конкретна точка або місце у фізичному просторі.,,medium,
SB-1459,d_clean,clean-pool,clean,,maximum,word family,максимум,Найвища межа.,,medium,
SB-1461,d_clean,clean-pool,clean,,negative,word family,негативний,Не позитивний або нейтральний; поганий; небажаний; несприятливий.,,medium,
SB-1462,d_clean,clean-pool,clean,,outcomes,word family,результати,"Те, що виробляється або відбувається в результаті події чи процесу.",,medium,
SB-1463,d_clean,clean-pool,clean,,partnership,word family,партнерство,Об’єднання двох або більше осіб для ведення бізнесу.,,medium,
SB-1464,c_known_open,known-open-confirmation,P1,semantic-pedagogical-error,philosophy,word family,філософія,"Академічна дисципліна, яка шукає істину через міркування, а не через емпіризм, часто намагаючись надати пояснення щодо загальних понять, таких як існування та раціональність.",Falsely frames philosophy as seeking truth 'а не через емпіризм' (opposed to empiricism); empiricism is itself a philosophical stance.,medium,True
SB-1465,d_clean,clean-pool,clean,,physical,word family,фізичний,"Відноситься до світу, як його розуміють почуттями, а не розумом; матеріальний, конкретний; справжній. Має відношення до матеріального світу.",,medium,
SB-1466,d_clean,clean-pool,clean,,proportion,word family,пропорція,"Кількість чогось, що є частиною цілої суми або числа.",,medium,
SB-1468,d_clean,clean-pool,clean,,reaction,word family,реакція,Дія або твердження у відповідь на стимул або іншу подію.,,medium,
SB-1469,d_clean,clean-pool,clean,,registered,word family,зареєстрований,Внесення свого імені до офіційного списку або внесення до реєстру.,,medium,
SB-1472,d_clean,clean-pool,clean,,scheme,word family,схема,Систематичний план майбутніх дій.,,medium,
SB-1473,d_clean,clean-pool,clean,,sequence,word family,послідовність,Набір речей поруч один з одним у встановленому порядку; серія.,,medium,
SB-1476,d_clean,clean-pool,clean,,specified,word family,зазначено,Ретельно пояснено.,,medium,
SB-1477,d_clean,clean-pool,clean,,sufficient,word family,достатній,"Достатнього типу або виду, який задовольняє вимоги чи потреби.",,medium,
SB-1478,d_clean,clean-pool,clean,,task,word family,завдання,"Частина роботи, яка виконується як частина обов’язків.",,medium,
SB-1479,d_clean,clean-pool,clean,,technical,word family,технічний,Технології або пов’язані з ними.,,medium,
SB-1480,d_clean,clean-pool,clean,,techniques,word family,техніки,"Спосіб досягнення чогось або здійснення чогось, особливо такий, що вимагає певних навичок або знань.",,medium,
SB-1481,d_clean,clean-pool,clean,,technology,word family,технології,"Будь-які корисні навички чи механізми, які люди розробили чи винайшли (зокрема, у донаукові епохи).",,medium,
SB-1482,d_clean,clean-pool,clean,,volume,word family,обсяг,"Тривимірна міра простору, яка складається з довжини, ширини та висоти. Він вимірюється в одиницях кубічних сантиметрів у метричних, кубічних дюймах або кубічних футах в англійській мові.",,medium,
SB-1484,d_clean,clean-pool,clean,,adequate,word family,адекватний,Дорівнює або виконує певну вимогу.,,medium,
SB-1485,d_clean,clean-pool,clean,,annual,word family,річний,Відбувається раз на рік.,,medium,
SB-1487,d_clean,clean-pool,clean,,approximated,word family,наближений,Розраховується наближено,,medium,
SB-1491,d_clean,clean-pool,clean,,code,word family,код,"Інструкція до комп'ютера, написана мовою програмування; вхідні дані транслятора, інтерпретатора або браузера, а саме: вихідний код, машинний код, байт-код.",,medium,
SB-1493,d_clean,clean-pool,clean,,communication,word family,спілкування,Концепція або стан обміну даними чи інформацією між об’єктами.,,medium,
SB-1494,d_clean,clean-pool,clean,,concentration,word family,концентрація,"Дія, процес або здатність концентрації; процес зосередження або стан зосередженості.",,medium,
SB-1495,d_clean,clean-pool,clean,,conference,word family,конференції,"Офіційний захід, на якому науковці презентують результати своїх досліджень у промовах, семінарах, плакатах або іншими засобами.",,medium,
SB-1496,d_clean,clean-pool,clean,,contrast,word family,контраст,"Різниця між двома об’єктами, людьми чи поняттями.",,medium,
SB-1497,d_clean,clean-pool,clean,,cycle,word family,цикл,"Процес, який повертається до свого початку, а потім повторюється в тій же послідовності.",,medium,
SB-1498,d_clean,clean-pool,clean,,debate,word family,дебати,"Аргумент або дискусія, як правило, в упорядкованій або офіційній обстановці, часто за участю більше двох осіб, яка зазвичай закінчується голосуванням або іншим рішенням.",,medium,
SB-1500,d_clean,clean-pool,clean,,dimensions,word family,розміри,Вимірювані характеристики розміру; також окремі аспекти складного питання.,,medium,
SB-1502,d_clean,clean-pool,clean,,emerged,word family,виник,Прийти в поле зору.,,medium,
SB-1503,d_clean,clean-pool,clean,,error,word family,помилка,"помилка; випадкова неправильна дія або неправдива заява, зроблена не навмисно.",,medium,
SB-1507,d_clean,clean-pool,clean,,hence,word family,отже,"В результаті; отже, з цієї причини.",,medium,
SB-1508,d_clean,clean-pool,clean,,hypothesis,word family,гіпотеза,"Попереднє припущення, що пояснює спостереження, явище чи наукову проблему, яке можна перевірити шляхом подальших спостережень, досліджень або експериментів.",,medium,
SB-1509,d_clean,clean-pool,clean,,implications,word family,наслідки,Можливий або непрямий ефект або результат рішення чи дії.,,medium,
SB-1510,d_clean,clean-pool,clean,,imposed,word family,нав'язаний,викладено авторитетно як обов'язкові,,medium,
SB-1511,d_clean,clean-pool,clean,,internal,word family,внутрішній,З або розташована всередині.,,medium,
SB-1513,d_clean,clean-pool,clean,,job,word family,робота,завдання.,,medium,
SB-1515,d_clean,clean-pool,clean,,mechanism,word family,механізм,"Будь-який механічний засіб для перетворення або керування рухом, або передачі чи керування потужністю.",,medium,
SB-1516,d_clean,clean-pool,clean,,obvious,word family,очевидний,"Легко відкрити, побачити або зрозуміти; зрозумілий сам за себе.",,medium,
SB-1518,d_clean,clean-pool,clean,,option,word family,варіант,"Один із набору варіантів, які можна зробити.",,medium,
SB-1520,d_clean,clean-pool,clean,,overall,word family,в цілому,Загалом; з урахуванням усього.,,medium,
SB-1521,d_clean,clean-pool,clean,,parallel,word family,паралельний,У всіх точках однаково віддалені один від одного.,,medium,
SB-1522,d_clean,clean-pool,clean,,parameters,word family,параметри,"Значення, яке залишається постійним під час експерименту, рівняння, розрахунку чи подібного, але змінюється в інших версіях експерименту, рівняння, розрахунку тощо.",,medium,
SB-1523,d_clean,clean-pool,clean,,phase,word family,фаза,"Визначна частина послідовності або циклу, що відбувається з часом.",,medium,
SB-1524,d_clean,clean-pool,clean,,predicted,word family,передбачив,відомо заздалегідь,,medium,
SB-1525,d_clean,clean-pool,clean,,prior,word family,попередній,"Прихід раніше за порядком або часом; раніше, колишній, попередній.",,medium,
SB-1527,d_clean,clean-pool,clean,,project,word family,проект,"Запланована спроба, як правило, з конкретною метою, яка виконується в кілька кроків або етапів.",,medium,
SB-1530,d_clean,clean-pool,clean,,retained,word family,зберігається,"продовжується у вашому зберіганні, використанні чи пам’яті",,medium,
SB-1532,d_clean,clean-pool,clean,,statistics,word family,статистика,"Систематичний збір даних вимірювань або спостережень, часто пов’язаних із демографічною інформацією, такою як підрахунок населення, доходи, підрахунок населення в різному віці тощо.",,medium,
SB-1533,d_clean,clean-pool,clean,,status,word family,статус,"Стан, положення або становище людини відносно інших.",,medium,
SB-1534,d_clean,clean-pool,clean,,stress,word family,стрес,"Емоційний тиск, який відчуває людина чи інша тварина.",,medium,
SB-1536,d_clean,clean-pool,clean,,sum,word family,сума,"Величина, отримана додаванням або агрегацією.",,medium,
SB-1539,d_clean,clean-pool,clean,,academic,word family,академічний,"Належність до академії чи іншого вищого навчального закладу, наукового товариства чи організації.",,medium,
SB-1540,d_clean,clean-pool,clean,,alter,word family,змінювати,Щоб змінити форму або структуру.,,medium,
SB-1542,d_clean,clean-pool,clean,,capacity,word family,місткість,"Здатність утримувати, приймати або поглинати.",,medium,
SB-1544,d_clean,clean-pool,clean,,clause,word family,пункт,"Група слів, яка містить підмет і дієслово; це може бути частиною речення або може становити все речення, залежно від синтаксису в кожному випадку.",,medium,
SB-1545,d_clean,clean-pool,clean,,compounds,word family,сполуки,"Все, що зроблено шляхом поєднання кількох речей.",,medium,
SB-1546,d_clean,clean-pool,clean,,conflict,word family,конфлікт,"Зіткнення або розбіжності, часто насильницькі, між двома чи більше протиборчими групами чи особами.",,medium,
SB-1547,d_clean,clean-pool,clean,,contact,word family,контакт,Встановлення зв'язку (з).,,medium,
SB-1552,d_clean,clean-pool,clean,,entities,word family,сутності,"Те, що існує як окрема одиниця, часто використовується для організацій, які не мають фізичної форми.",,medium,
SB-1554,d_clean,clean-pool,clean,,evolution,word family,еволюція,Процес розвитку.,,medium,
SB-1555,d_clean,clean-pool,clean,,expansion,word family,розширення,"Дія, процес або випадок розширення.",,medium,
SB-1557,d_clean,clean-pool,clean,,external,word family,зовнішній,Поза чим-небудь; на зовнішній вигляд.,,medium,
SB-1558,d_clean,clean-pool,clean,,fundamental,word family,фундаментальний,Основний; надзвичайно важливо.,,medium,
SB-1559,d_clean,clean-pool,clean,,generated,word family,створений,Приводити в життя; породжувати.,,medium,
SB-1560,d_clean,clean-pool,clean,,generation,word family,покоління,"Група людей, які народилися в певний період років і члени якої можуть мати культурні стосунки один з одним.",,medium,
SB-1561,d_clean,clean-pool,clean,,image,word family,зображення,Візуальне чи інше зображення зовнішньої форми чогось у мистецтві.,,medium,
SB-1562,d_clean,clean-pool,clean,,licence,word family,ліцензія,"Офіційний дозвіл на певну діяльність, володіння або використання чогось.",,medium,
SB-1563,d_clean,clean-pool,clean,,medical,word family,медичний,Про медичну практику або пов’язану з нею.,,medium,
SB-1564,d_clean,clean-pool,clean,,mental,word family,психічний,Що стосується розуму чи конкретно повної емоційної та інтелектуальної реакції індивіда на зовнішню реальність.,,medium,
SB-1565,d_clean,clean-pool,clean,,modified,word family,змінений,змінений; змінено,,medium,
SB-1566,d_clean,clean-pool,clean,,monitoring,word family,моніторинг,"Здійснення спостереження за навколишнім середовищем чи людьми або безперервне чи регулярне спостереження за ними з метою виявлення сигналів, рухів або змін стану чи якості.",,medium,
SB-1568,d_clean,clean-pool,clean,,notion,word family,поняття,"Ментальне сприйняття всього, що можна знати, думати або уявляти; ідея, концепція.",,medium,
SB-1570,d_clean,clean-pool,clean,,perspective,word family,перспектива,"Вибір єдиного ракурсу або точки зору, з якої можна відчути, класифікувати, виміряти або кодифікувати досвід.",,medium,
SB-1573,d_clean,clean-pool,clean,,psychology,word family,психологія,Вивчення людського розуму.,,medium,
SB-1575,d_clean,clean-pool,clean,,rejected,word family,відхилено,Відхилений або не прийнятий після розгляду.,,medium,
SB-1576,d_clean,clean-pool,clean,,revenue,word family,дохід,"Загальний дохід, отриманий із певного джерела.",,medium,
SB-1579,d_clean,clean-pool,clean,,target,word family,мета,Ціль або завдання.,,medium,
SB-1580,d_clean,clean-pool,clean,,transition,word family,перехід,"Процес зміни однієї форми, стану, стилю чи місця в інше.",,medium,
SB-1582,d_clean,clean-pool,clean,,version,word family,версія,Певна форма або варіація чогось.,,medium,
SB-1585,d_clean,clean-pool,clean,,abstract,word family,анотація,Скорочення або підсумок більшої публікації.,,medium,
SB-1590,d_clean,clean-pool,clean,,attached,word family,додається,Підключений; приєднався.,,medium,
SB-1591,d_clean,clean-pool,clean,,author,word family,автор,"Автор або творець твору, особливо літературного твору; або один із творців спільного твору.",,medium,
SB-1593,d_clean,clean-pool,clean,,brief,word family,короткий,Короткочасний; відбувається швидко.,,medium,
SB-1594,d_clean,clean-pool,clean,,capable,word family,здатний,"Умілий та ефективний; наявність здібностей, необхідних для конкретного завдання; наявність бажання щось зробити; дозволяти або бути сприйнятливим до чогось.",,medium,
SB-1597,d_clean,clean-pool,clean,,diversity,word family,різноманітність,Якість різноманітності або відмінності; відмінність чи несхожість.,,medium,
SB-1598,d_clean,clean-pool,clean,,edition,word family,видання,"Повна кількість примірників твору, надрукованого та виданого за один раз.",,medium,
SB-1599,d_clean,clean-pool,clean,,enhanced,word family,посилений,"У версії або формі, яка була вдосконалена або краща за іншу стандартну форму.",,medium,
SB-1601,d_clean,clean-pool,clean,,exceed,word family,перевищувати,Виходити за (якусь межу); перевершити; бути довшим ніж.,,medium,
SB-1602,d_clean,clean-pool,clean,,expert,word family,експерт,Людина з широкими знаннями або здібностями в певній темі.,,medium,
SB-1603,d_clean,clean-pool,clean,,federal,word family,федеральний,"Відноситься до рівня національного уряду у федеративній країні, на відміну від рівня штату, провінції, округу, міста чи селища.",,medium,
SB-1606,d_clean,clean-pool,clean,,gender,word family,стать,"Ідентифікація як чоловіка, жінки чи чогось іншого та асоціація з (соціальною) роллю або набором поведінкових і культурних рис, одягу тощо; категорія, до якої за цією ознакою належить особа.",,medium,
SB-1608,d_clean,clean-pool,clean,,incentive,word family,стимул,"Щось, що мотивує, збуджує або заохочує.",,medium,
SB-1610,d_clean,clean-pool,clean,,index,word family,індекс,Алфавітний список предметів і їх розташування.,,medium,
SB-1613,d_clean,clean-pool,clean,,input,word family,введення,"Дані, що вводяться в процес, мають намір формувати чи впливати на результат цього процесу.",,medium,
SB-1614,d_clean,clean-pool,clean,,instructions,word family,інструкції,"Вказівки, які пояснюють, що або як потрібно зробити.",,medium,
SB-1615,d_clean,clean-pool,clean,,intelligence,word family,інтелект,"Здатність розуму, особливо розуміти принципи, істини, факти чи значення, здобувати знання та застосовувати їх на практиці; здатність осягати і вчитися;",,medium,
SB-1617,d_clean,clean-pool,clean,,lecture,word family,лекція,"Розмовний урок або експозиція, як правило, для групи.",,medium,
SB-1618,d_clean,clean-pool,clean,,minimum,word family,мінімум,Найменша сума.,,medium,
SB-1619,d_clean,clean-pool,clean,,motivation,word family,мотивація,Стимул або причина щось робити.,,medium,
SB-1622,d_clean,clean-pool,clean,,overseas,word family,за кордоном,"За кордон, особливо за море.",,medium,
SB-1623,d_clean,clean-pool,clean,,preceding,word family,попередній,"Відбувається до або перед чимось іншим, у часі, місці, ранзі чи послідовності.",,medium,
SB-1627,d_clean,clean-pool,clean,,subsidiary,word family,дочірнє підприємство,"Компанія, що належить материнській компанії або холдинговій компанії, також називається дочірньою компанією або дочірньою компанією.",,medium,
SB-1628,d_clean,clean-pool,clean,,tapes,word family,стрічки,Гнучкий матеріал в рулоні з липкою поверхнею з одного або обох боків; липка стрічка.,,medium,
SB-1630,d_clean,clean-pool,clean,,adults,word family,дорослі,"Особа, яка досягла повноліття.",,medium,
SB-1633,d_clean,clean-pool,clean,,chemical,word family,хімічний,З хімії або пов'язаної з нею.,,medium,
SB-1635,c_known_open,known-open-confirmation,P1,pos-morphology-mismatch,comprehensive,word family,комплексний,Широко або повністю покриває; включаючи велику частку чогось.,Adjective 'comprehensive' defined with finite verb 'покриває' (3sg 'covers'); should be adjectival.,high,genuine-defect-milder-severity
SB-1637,d_clean,clean-pool,clean,,confirmed,word family,підтверджено,Перевірено або ратифіковано.,,medium,
SB-1638,d_clean,clean-pool,clean,,converted,word family,перетворений,змінилася форма чи функція тощо.,,medium,
SB-1639,d_clean,clean-pool,clean,,couple,word family,пара,Два партнери в романтичних або сексуальних стосунках.,,medium,
SB-1640,d_clean,clean-pool,clean,,decades,word family,десятиліть,Періоди тривалістю по десять років.,,medium,
SB-1641,d_clean,clean-pool,clean,,definite,word family,певний,Без жодних сумнівів.,,medium,
SB-1642,d_clean,clean-pool,clean,,deny,word family,заперечувати,"Стверджувати, що щось неправда.",,medium,
SB-1644,d_clean,clean-pool,clean,,eliminate,word family,ліквідувати,"Повністю прибрати, позбутися, покінчити.",,medium,
SB-1645,d_clean,clean-pool,clean,,equipment,word family,обладнання,"Будь-які предмети, які використовуються для спорядження чогось або когось, наприклад речі, необхідні для експедиції чи плавання.",,medium,
SB-1646,d_clean,clean-pool,clean,,file,word family,файл,"Збірка документів, зібраних і архівованих разом.",,medium,
SB-1647,d_clean,clean-pool,clean,,finite,word family,кінцевий,"Такий, що має визначену межу, кінець або обмежену кількість.",,medium,
SB-1648,d_clean,clean-pool,clean,,foundation,word family,основа,"Те, на чому все засновано; те, на чому що-небудь стоїть і чим воно підтримується; нижній і опорний шар надбудови; підбудова.",,medium,
SB-1649,d_clean,clean-pool,clean,,global,word family,глобальний,Щодо всіх частин світу.,,medium,
SB-1650,d_clean,clean-pool,clean,,grade,word family,клас,"Виконання тесту чи іншого оцінювання, виражене цифрою, літерою чи іншим символом; оцінка.",,medium,
SB-1651,d_clean,clean-pool,clean,,guarantee,word family,гарантія,"Все, що забезпечує певний результат.",,medium,
SB-1652,d_clean,clean-pool,clean,,hierarchical,word family,ієрархічний,Що стосується ієрархії.,,medium,
SB-1653,d_clean,clean-pool,clean,,identical,word family,однакові,"Маючи повну схожість, маючи абсолютно однаковий набір характеристик; нерозрізнений.",,medium,
SB-1658,d_clean,clean-pool,clean,,media,word family,ЗМІ,Засоби та інститути публікації та трансляції інформації.,,medium,
SB-1660,d_clean,clean-pool,clean,,paradigm,word family,парадигма,"Зразок, спосіб виконання чогось; особливо модель мислення, система вірувань, концептуальна основа.",,medium,
SB-1661,d_clean,clean-pool,clean,,phenomenon,word family,явище,"Річ або істота, подія або процес, що сприймаються органами чуття; або факт чи подія цього.",,medium,
SB-1662,d_clean,clean-pool,clean,,priority,word family,пріоритет,Відносна важливість елемента.,,medium,
SB-1663,d_clean,clean-pool,clean,,prohibited,word family,заборонено,Заборонено; заборонений; недозволено.,,medium,
SB-1664,d_clean,clean-pool,clean,,publication,word family,публікація,Акт видання друкованого чи іншого видання.,,medium,
SB-1665,d_clean,clean-pool,clean,,quotation,word family,цитата,"Фрагмент людського виразу, який повторює хтось інший, наприклад, з літератури чи відомої промови.",,medium,
SB-1667,d_clean,clean-pool,clean,,somewhat,word family,дещо,В обмеженій мірі або ступені; не повністю.,,medium,
SB-1668,d_clean,clean-pool,clean,,submitted,word family,подано,"Внести або винести на затвердження, розгляд, відмітку тощо.",,medium,
SB-1669,d_clean,clean-pool,clean,,survive,word family,вижити,"Про людину, продовжувати жити; залишитися живим.",,medium,
SB-1670,d_clean,clean-pool,clean,,thesis,word family,теза,"Розгорнута наукова робота або основне твердження, яке автор обґрунтовує доказами.",,medium,
SB-1672,d_clean,clean-pool,clean,,ultimately,word family,зрештою,Зрештою; нарешті.,,medium,
SB-1675,d_clean,clean-pool,clean,,voluntary,word family,добровільний,"Робиться, дається або діє за власним бажанням.",,medium,
SB-1677,d_clean,clean-pool,clean,,accompanied,word family,у супроводі,Наявність супроводу; бути частиною групи щонайменше з двох.,,medium,
SB-1678,d_clean,clean-pool,clean,,ambiguous,word family,неоднозначний,Відкритий для багатьох інтерпретацій.,,medium,
SB-1680,d_clean,clean-pool,clean,,automatically,word family,автоматично,Автоматичним способом.,,medium,
SB-1683,d_clean,clean-pool,clean,,conformity,word family,відповідність,"Стан відповідності, дотримання набору правил, норми чи стандарту.",,medium,
SB-1686,d_clean,clean-pool,clean,,currency,word family,валюта,"Гроші чи інші предмети, які використовуються для здійснення операцій.",,medium,
SB-1688,d_clean,clean-pool,clean,,detected,word family,виявлено,Будучи поміченим.,,medium,
SB-1690,d_clean,clean-pool,clean,,displacement,word family,переміщення,Акт витіснення або стан витіснення; постановка з місця.,,medium,
SB-1692,d_clean,clean-pool,clean,,eventually,word family,зрештою,"Зрештою; пізніше, особливо після тривалого часу, серія проблем, боротьби, затримок або невдач.",,medium,
SB-1695,c_known_open,known-open-confirmation,P1,pos-morphology-mismatch,guidelines,word family,настанови,"Неконкретне правило або принцип, який забезпечує напрямок дій або поведінки.",Plural headword 'guidelines' glossed with singular 'правило/принцип'; number mismatch.,medium,genuine-defect-milder-severity
SB-1697,d_clean,clean-pool,clean,,implicit,word family,неявний,"Пропонується опосередковано, без прямого вираження.",,medium,
SB-1699,d_clean,clean-pool,clean,,inevitably,word family,неминуче,"Таким чином, якого неможливо уникнути або запобігти.",,medium,
SB-1700,d_clean,clean-pool,clean,,infrastructure,word family,інфраструктура,"Об’єкти, послуги та обладнання, необхідні для функціонування спільноти чи суспільства.",,medium,
SB-1701,d_clean,clean-pool,clean,,minimised,word family,зведений до мінімуму,"Зменшений до найнижчого можливого рівня, кількості або ступеня.",,medium,
SB-1705,d_clean,clean-pool,clean,,plus,word family,плюс,Позитивна величина.,,medium,
SB-1707,c_known_open,known-open-confirmation,P1,pos-morphology-mismatch,prospect,word family,перспектива,"Потенційні речі, які можуть статися, часто сприятливі.",Singular 'prospect' defined with plural 'Потенційні речі'; number/morphology mismatch.,medium,genuine-defect-milder-severity
SB-1708,d_clean,clean-pool,clean,,random,word family,випадковий,"Виникає без особливої ​​причини; випадковий, непередбачуваний.",,medium,
SB-1709,d_clean,clean-pool,clean,,reinforced,word family,посилений,Був або містить підкріплення.,,medium,
SB-1711,d_clean,clean-pool,clean,,revision,word family,перегляд,"Дія або процес перегляду, редагування та внесення змін.",,medium,
SB-1712,d_clean,clean-pool,clean,,schedule,word family,графік,"Процедурний план, як правило, але не обов’язково табличного характеру, із зазначенням послідовності операцій і запланованого часу, коли ці операції мають виконуватися.",,medium,
SB-1713,d_clean,clean-pool,clean,,tension,word family,напруга,"Умова перебування в стані між двома або більше силами, які діють протилежно одна одній.",,medium,
SB-1714,d_clean,clean-pool,clean,,termination,word family,припинення,Процес припинення або стан припинення.,,medium,
SB-1715,d_clean,clean-pool,clean,,theme,word family,тема,"Предмет, тепер особливо розмови чи художнього твору; тема.",,medium,
SB-1716,d_clean,clean-pool,clean,,uniform,word family,уніформа,"Відмітний одяг, який служить для ідентифікації членів групи, компанії, ув'язнених тощо.",,medium,
SB-1717,d_clean,clean-pool,clean,,vehicle,word family,транспортний засіб,"Транспортний засіб: місткий пристрій для перенесення або транспортування речовин, предметів, людей або тварин.",,medium,
SB-1719,d_clean,clean-pool,clean,,virtually,word family,практично,"Майже, але не зовсім.",,medium,
SB-1721,d_clean,clean-pool,clean,,visual,word family,візуальний,Пов’язані із зором або впливають на нього.,,medium,
SB-1722,d_clean,clean-pool,clean,,accommodation,word family,проживання,"Проживання в житлі чи подібних житлових приміщеннях, які надаються мандрівникам у готелях або на круїзних суднах, або ув’язненим тощо.",,medium,
SB-1723,d_clean,clean-pool,clean,,analogous,word family,аналогічний,"Наявність аналога, статус аналога; відповідний чомусь іншому; має певну схожість або схожу пропорцію (часто після «до».)",,medium,
SB-1724,d_clean,clean-pool,clean,,anticipated,word family,очікуваний,очікується прибуття; заплановано,,medium,
SB-1730,d_clean,clean-pool,clean,,concurrent,word family,одночасний,Відбувається одночасно; одночасний.,,medium,
SB-1731,c_known_open,known-open-confirmation,P1,pos-morphology-mismatch,confined,word family,обмежений,Не вільно рухатися.,Adjective/participle 'confined' glossed with infinitive phrase 'Не вільно рухатися'; POS mismatch.,high,genuine-defect-milder-severity
SB-1732,d_clean,clean-pool,clean,,controversy,word family,суперечка,Дебати або обговорення протилежних думок; (загалом) сварка.,,medium,
SB-1733,d_clean,clean-pool,clean,,conversely,word family,навпаки,З іншої точки зору; з іншого боку.,,medium,
SB-1734,d_clean,clean-pool,clean,,device,word family,пристрій,"Будь-яка частина обладнання, виготовлена ​​для певної мети, особливо механічна чи електрична.",,medium,
SB-1735,c_known_open,known-open-confirmation,P1,pos-morphology-mismatch,devoted,word family,відданий,Сильна емоційна прив'язаність; дуже любити когось або щось.,Adjective 'devoted' glossed with noun phrase 'Сильна емоційна прив'язаність' + infinitive 'любити'; POS mismatch.,high,True
SB-1737,d_clean,clean-pool,clean,,duration,word family,тривалість,Проміжок часу або певний проміжок часу.,,medium,
SB-1738,d_clean,clean-pool,clean,,erosion,word family,ерозія,"Результат зносу або ерозії, як льодовик на скелі або море на скелі.",,medium,
SB-1739,d_clean,clean-pool,clean,,ethical,word family,етичний,"Що стосується загальноприйнятих принципів правильного й неправильного, особливо в певній організації чи професії.",,medium,
SB-1740,d_clean,clean-pool,clean,,format,word family,формат,Макет публікації чи документа.,,medium,
SB-1744,d_clean,clean-pool,clean,,mediation,word family,посередництво,"Переговори для вирішення розбіжностей, які проводяться неупередженою стороною.",,medium,
SB-1746,d_clean,clean-pool,clean,,military,word family,військовий,"Стосовно збройних сил, таких як армія, морська піхота, флот і авіація (часто на відміну від цивільних чи поліцейських сил).",,medium,
SB-1747,d_clean,clean-pool,clean,,norms,word family,норми,"Те, що є нормальним або типовим.",,medium,
SB-1749,d_clean,clean-pool,clean,,portion,word family,частина,Виділена сума.,,medium,
SB-1750,d_clean,clean-pool,clean,,qualitative,word family,якісний,"Описів або відмінностей, заснованих на певній якості, а не на певній кількості.",,medium,
SB-1752,d_clean,clean-pool,clean,,relaxed,word family,розслаблений,Вільний від напруги або тривоги; невимушено; неквапливий.,,medium,
SB-1753,d_clean,clean-pool,clean,,restraints,word family,обмеження,контроль або обережність; резерв,,medium,
SB-1754,d_clean,clean-pool,clean,,revolution,word family,революція,"Політичний переворот в уряді чи державі, що характеризується великими змінами.",,medium,
SB-1755,d_clean,clean-pool,clean,,rigid,word family,жорсткий,"Жорсткий, а не гнучкий.",,medium,
SB-1757,d_clean,clean-pool,clean,,scenario,word family,сценарій,Схема або модель очікуваної чи передбачуваної послідовності подій.,,medium,
SB-1758,d_clean,clean-pool,clean,,subordinate,word family,підлеглий,"Поставлений у нижчий клас, ранг або посаду.",,medium,
SB-1759,d_clean,clean-pool,clean,,supplementary,word family,додатковий,"додатковий; додано, щоб забезпечити те, що потрібно.",,medium,
SB-1760,d_clean,clean-pool,clean,,suspended,word family,призупинено,Змусив на деякий час зупинитися; переривається або затримується.,,medium,
SB-1761,d_clean,clean-pool,clean,,team,word family,команда,"Будь-яка група людей, які займаються однією діяльністю, особливо спортом або роботою.",,medium,
SB-1762,d_clean,clean-pool,clean,,temporary,word family,тимчасовий,Не постійний; існує лише протягом періоду або періодів часу.,,medium,
SB-1768,d_clean,clean-pool,clean,,conceived,word family,задуманий,сформований у свідомості,,medium,
SB-1769,d_clean,clean-pool,clean,,convinced,word family,переконаний,"У стані віри, особливо на основі доказів, але не обов'язково.",,medium,
SB-1770,d_clean,clean-pool,clean,,depression,word family,депресія,"Душевний стан, що викликає серйозне довгострокове зниження задоволення від життя або нездатність уявити собі щасливе майбутнє; будь-який із кількох психічних розладів, головною ознакою якого є цей стан розуму.",,medium,
SB-1771,d_clean,clean-pool,clean,,encountered,word family,зіткнувся,"Зустріти (когось) або знайти (щось), особливо несподівано.",,medium,
SB-1772,d_clean,clean-pool,clean,,enormous,word family,величезний,"Надзвичайно великий; значно перевищує звичайний розмір, протяжність тощо.",,medium,
SB-1774,d_clean,clean-pool,clean,,intrinsic,word family,внутрішній,"Вроджений, властивий, невіддільний від самої речі, істотний.",,medium,
SB-1777,d_clean,clean-pool,clean,,likewise,word family,так само,також; крім того; теж.,,medium,
SB-1778,d_clean,clean-pool,clean,,notwithstanding,word family,незважаючи на це,"Тим не менш, все так само.",,medium,
SB-1783,d_clean,clean-pool,clean,,so-called,word family,т. зв,Так названо; зазвичай називають.,,medium,
SB-1784,d_clean,clean-pool,clean,,undergo,word family,пройти,Переживати; пройти через фазу.,,medium,
