id,word,pos,ua,definitionUa,disposition,category,evidence,confidence,provenance,proposed_target,proposed_value
SB-0001,abolish,v.,скасувати,"Припинення закону, системи, установи, звичаю чи практики.",needs-human,pending-r2-adjudication,No fresh R2 adjudication recorded; the R1 clean disposition is intentionally not inherited.,,R2 intake pending fresh stable-ID review,,
SB-0003,absence,n.,відсутність,Стан віддаленості або відстороненості від місця чи спілкування,needs-human,pending-r2-adjudication,No fresh R2 adjudication recorded; the R1 clean disposition is intentionally not inherited.,,R2 intake pending fresh stable-ID review,,
SB-0006,abundance,n.,достаток,Велика кількість; багато.,needs-human,pending-r2-adjudication,No fresh R2 adjudication recorded; the R1 clean disposition is intentionally not inherited.,,R2 intake pending fresh stable-ID review,,
SB-0008,academy,n.,академія,Вищий навчальний заклад; коледж або університет; зазвичай приватна школа.,needs-human,pending-r2-adjudication,No fresh R2 adjudication recorded; the R1 clean disposition is intentionally not inherited.,,R2 intake pending fresh stable-ID review,,
SB-0009,accelerate,v.,прискорити,Змусити рухатися швидше; прискорити рух; щоб збільшити швидкість.,P1,grammar-calque-fragment,"definitionUa ends with dangling purpose-clause fragment 'щоб збільшити швидкість' appended to two finished glosses; grammatically a fragment, not a definition.",high,R1-listed defect; severity normalized to P1 by Codex acceptance review,definitionUa,Змусити рухатися швидше; збільшити швидкість.
SB-0010,acceptance,n.,прийняття,"Акт приймання; отримання чогось запропонованого з мовчазною згодою, схваленням або задоволенням; особливо, сприятливий прийом; затвердження.",needs-human,pending-r2-adjudication,No fresh R2 adjudication recorded; the R1 clean disposition is intentionally not inherited.,,R2 intake pending fresh stable-ID review,,
SB-0012,accomplishment,n.,досягнення,Щось досягнуте; досягнення.,needs-human,pending-r2-adjudication,No fresh R2 adjudication recorded; the R1 clean disposition is intentionally not inherited.,,R2 intake pending fresh stable-ID review,,
SB-0014,accordingly,adv.,відповідно,У природній послідовності; отже; так.,P1,semantic-pedagogical-error,'accordingly' primary gloss 'У природній послідовності' (in natural sequence) is a dubious archaic sense; core sense 'отже' present.,low,R1-listed defect; severity normalized to P1 by Codex acceptance review,definitionUa,Відповідним чином; отже; таким чином.
SB-0015,accountability,n.,підзвітність,Стан підзвітності; зобов'язання викликати звіт або дати пояснення; зобов'язання нести відповідальність або відповідати за щось.,needs-human,pending-r2-adjudication,No fresh R2 adjudication recorded; the R1 clean disposition is intentionally not inherited.,,R2 intake pending fresh stable-ID review,,
SB-0016,accountable,adj.,підзвітний,"Зобов'язаний, коли його покличуть, відповідати (за свої вчинки); відповідальний.",needs-human,pending-r2-adjudication,No fresh R2 adjudication recorded; the R1 clean disposition is intentionally not inherited.,,R2 intake pending fresh stable-ID review,,
SB-0018,accumulation,n.,накопичення,"Акт накопичення або збору, як у купу.",needs-human,pending-r2-adjudication,No fresh R2 adjudication recorded; the R1 clean disposition is intentionally not inherited.,,R2 intake pending fresh stable-ID review,,
SB-0019,accusation,n.,звинувачення,Акт обвинувачення.,needs-human,pending-r2-adjudication,No fresh R2 adjudication recorded; the R1 clean disposition is intentionally not inherited.,,R2 intake pending fresh stable-ID review,,
SB-0020,accused,n.,обвинувачений,"Особа, яка обвинувачується у вчиненні правопорушення; фігурант кримінальної справи.",needs-human,pending-r2-adjudication,No fresh R2 adjudication recorded; the R1 clean disposition is intentionally not inherited.,,R2 intake pending fresh stable-ID review,,
SB-0022,acquisition,n.,придбання,Акт або процес придбання.,needs-human,pending-r2-adjudication,No fresh R2 adjudication recorded; the R1 clean disposition is intentionally not inherited.,,R2 intake pending fresh stable-ID review,,
SB-0023,acre,n.,акр,"Англійська одиниця площі землі (символ: a. або ac.), яка спочатку позначала денну оранку за ярмо волів, тепер стандартизована як 4840 квадратних ярдів або 4046,86 квадратних метрів.",needs-human,pending-r2-adjudication,No fresh R2 adjudication recorded; the R1 clean disposition is intentionally not inherited.,,R2 intake pending fresh stable-ID review,,
SB-0024,activation,n.,активація,Робити активними та ефективними; приведення в стан активності.,P1,pos-morphology-mismatch,"noun 'activation' led with an infinitive-verb phrase 'Робити активними та ефективними'; a correct nominal gloss follows, so partial POS inconsistency.",medium,R1-listed defect; severity normalized to P1 by Codex acceptance review,definitionUa,Процес приведення в активний стан; уведення в дію.
SB-0025,activist,n.,активіст,"Той, хто є політично активним у ролі громадянина; особливо той, хто бореться за зміни.",needs-human,pending-r2-adjudication,No fresh R2 adjudication recorded; the R1 clean disposition is intentionally not inherited.,,R2 intake pending fresh stable-ID review,,
SB-0026,acute,adj.,гострий,інтенсивний; чутливий; різкий.,needs-human,pending-r2-adjudication,No fresh R2 adjudication recorded; the R1 clean disposition is intentionally not inherited.,,R2 intake pending fresh stable-ID review,,
SB-0027,adaptation,n.,адаптація,"Процес адаптації чогось або пристосування до ситуації; коригування, модифікація.",needs-human,pending-r2-adjudication,No fresh R2 adjudication recorded; the R1 clean disposition is intentionally not inherited.,,R2 intake pending fresh stable-ID review,,
SB-0030,adjustment,n.,коригування,Дія регулювання чогось,needs-human,pending-r2-adjudication,No fresh R2 adjudication recorded; the R1 clean disposition is intentionally not inherited.,,R2 intake pending fresh stable-ID review,,
SB-0033,administrator,n.,адміністратор,"Той, хто веде справи; той, хто скеровує, керує, виконує або розпоряджається, чи то в цивільних, судових, політичних чи церковних справах; менеджер.",needs-human,pending-r2-adjudication,No fresh R2 adjudication recorded; the R1 clean disposition is intentionally not inherited.,,R2 intake pending fresh stable-ID review,,
SB-0035,adolescent,n.,підліток,"Людина, яка перебуває в підлітковому віці; хтось, хто досяг статевої зрілості, але ще не дорослий.",needs-human,pending-r2-adjudication,No fresh R2 adjudication recorded; the R1 clean disposition is intentionally not inherited.,,R2 intake pending fresh stable-ID review,,
SB-0036,adoption,n.,усиновлення,Стан усиновлення; прийняття дитини інших батьків як власної дитини.,needs-human,pending-r2-adjudication,No fresh R2 adjudication recorded; the R1 clean disposition is intentionally not inherited.,,R2 intake pending fresh stable-ID review,,
SB-0039,aesthetic,adj.,естетичний,"Стурбований красою, художнім ефектом або зовнішнім виглядом.",needs-human,pending-r2-adjudication,No fresh R2 adjudication recorded; the R1 clean disposition is intentionally not inherited.,,R2 intake pending fresh stable-ID review,,
SB-0040,affection,n.,прихильність,Почуття любові або сильної прихильності.,needs-human,pending-r2-adjudication,No fresh R2 adjudication recorded; the R1 clean disposition is intentionally not inherited.,,R2 intake pending fresh stable-ID review,,
SB-0041,aftermath,n.,наслідки (переважно негативні),"Те, що відбувається після, те, що слідує, зазвичай має яскраво негативний відтінок у більшості контекстів, натякаючи на попередню катастрофу.",needs-human,pending-r2-adjudication,No fresh R2 adjudication recorded; the R1 clean disposition is intentionally not inherited.,,R2 intake pending fresh stable-ID review,,
SB-0042,aggression,n.,агресія,Ворожа чи деструктивна поведінка чи дії.,needs-human,pending-r2-adjudication,No fresh R2 adjudication recorded; the R1 clean disposition is intentionally not inherited.,,R2 intake pending fresh stable-ID review,,
SB-0043,agricultural,adj.,сільськогосподарський,Сільське господарство або пов'язане з ним.,P1,pos-morphology,"Adjective agricultural is defined by the noun phrase 'Сільське господарство' plus an elliptical fragment; use 'Такий, що стосується сільського господарства'.",high,Codex seed-20260914 blinded acceptance challenge,,
SB-0045,albeit,conj.,хоча,"Сполучник зі значенням «хоча» або «незважаючи на те, що».",needs-human,pending-r2-adjudication,No fresh R2 adjudication recorded; the R1 clean disposition is intentionally not inherited.,,R2 intake pending fresh stable-ID review,,
SB-0047,alien,adj.,чужий,"Не належать до тієї самої країни, землі чи уряду, чи до їхніх громадян чи підданих; іноземні.",needs-human,pending-r2-adjudication,No fresh R2 adjudication recorded; the R1 clean disposition is intentionally not inherited.,,R2 intake pending fresh stable-ID review,,
SB-0048,align,v.,вирівняти,Підлаштовуватися під лінію; діапазон або форму в лінію; привести у відповідність.,needs-human,pending-r2-adjudication,No fresh R2 adjudication recorded; the R1 clean disposition is intentionally not inherited.,,R2 intake pending fresh stable-ID review,,
SB-0053,allegedly,adv.,нібито,За чиїмось твердженням.,needs-human,pending-r2-adjudication,No fresh R2 adjudication recorded; the R1 clean disposition is intentionally not inherited.,,R2 intake pending fresh stable-ID review,,
SB-0054,alliance,n.,альянс,"Союз або зв’язок інтересів між сім’ями, державами, партіями тощо, особливо між сім’ями за шлюбом і державами за договором, угодою чи союзом.",needs-human,pending-r2-adjudication,No fresh R2 adjudication recorded; the R1 clean disposition is intentionally not inherited.,,R2 intake pending fresh stable-ID review,,
SB-0055,allocate,v.,виділити,Відкладати для певної мети.,needs-human,pending-r2-adjudication,No fresh R2 adjudication recorded; the R1 clean disposition is intentionally not inherited.,,R2 intake pending fresh stable-ID review,,
SB-0056,allocation,n.,виділення,"Процес або процедура розподілу речей, особливо грошей або інших ресурсів.",needs-human,pending-r2-adjudication,No fresh R2 adjudication recorded; the R1 clean disposition is intentionally not inherited.,,R2 intake pending fresh stable-ID review,,
SB-0058,ally,n.,союзник,"Людина, яка співпрацює або допомагає іншому; асоційований; друг.",P1,pos-morphology-mismatch,"For noun 'ally', gloss includes adjective/participle 'асоційований' as a synonym; POS mismatch.",medium,R1-listed defect; severity normalized to P1 by Codex acceptance review,definitionUa,"Той, хто співпрацює з іншим або допомагає йому; спільник, союзник."
SB-0059,aluminium,n.,алюміній,"Легкий сріблястий метал, що добувається з бокситів, і хімічний елемент (символ Al) з атомним номером 13.",needs-human,pending-r2-adjudication,No fresh R2 adjudication recorded; the R1 clean disposition is intentionally not inherited.,,R2 intake pending fresh stable-ID review,,
SB-0060,amateur,"adj., n.",любитель,"Людина, прив’язана до певної діяльності, навчання, науки чи мистецтва (наприклад, музики чи живопису), особливо та, яка розвиває будь-які дослідження, інтереси, смаки чи прихильності, не займаючись цим професійно.",needs-human,pending-r2-adjudication,No fresh R2 adjudication recorded; the R1 clean disposition is intentionally not inherited.,,R2 intake pending fresh stable-ID review,,
SB-0061,ambassador,n.,посол,"Дипломат найвищого рангу, посланий до іноземного двору, щоб представляти там свого суверена або країну. (Іноді його називають резиденцією посла)",P1,semantic-pedagogical,"The parenthetical says the ambassador is sometimes called the ambassador's residence, which is false and likely leaked from another sense.",high,Codex seed-20260914 blinded acceptance challenge,,
SB-0063,amendment,n.,поправка,Доповнення та/або зміни до Конституції.,needs-human,pending-r2-adjudication,No fresh R2 adjudication recorded; the R1 clean disposition is intentionally not inherited.,,R2 intake pending fresh stable-ID review,,
SB-0065,analogy,n.,аналогія,"Відношення подібності або еквівалентності між двома ситуаціями, людьми чи об’єктами, особливо коли використовується як основа для пояснення чи екстраполяції.",needs-human,pending-r2-adjudication,No fresh R2 adjudication recorded; the R1 clean disposition is intentionally not inherited.,,R2 intake pending fresh stable-ID review,,
SB-0066,anchor,n.,якір,"Інструмент, який використовується для причалювання судна до дна моря чи річки, щоб протистояти руху.",needs-human,pending-r2-adjudication,No fresh R2 adjudication recorded; the R1 clean disposition is intentionally not inherited.,,R2 intake pending fresh stable-ID review,,
SB-0067,angel,n.,ангел,"Безтілесний і святий або напівбожественний посланець божества чи іншої божественної сутності, традиційно зображується як молода крилата фігура в розвіваються шатах.",P1,grammar-calque-fragment,definitionUa 'в розвіваються шатах' is ungrammatical: finite verb 'розвіваються' where an attributive participle ('розвіяних/розвіюваних') is required.,high,R1-listed defect; severity normalized to P1 by Codex acceptance review,definitionUa,"Безтілесний святий або напівбожественний посланець божества чи іншої божественної сутності, якого традиційно зображують молодою крилатою постаттю у просторих шатах, що розвіваються."
SB-0069,apparatus,n.,апарат,"Сукупність засобів, за допомогою яких створюється конкретне виробництво або виконується завдання.",needs-human,pending-r2-adjudication,No fresh R2 adjudication recorded; the R1 clean disposition is intentionally not inherited.,,R2 intake pending fresh stable-ID review,,
SB-0070,appealing,adj.,привабливий,Наявність апеляції; привабливий.,P1,semantic-pedagogical-error,"'appealing' (attractive) led with 'Наявність апеляції' (presence of a legal appeal), a wrong-sense calque; correct 'привабливий' follows.",medium,R1-listed defect; severity normalized to P1 by Codex acceptance review,definitionUa,"Привабливий; такий, що викликає інтерес або симпатію."
SB-0071,appetite,n.,апетит,Бажання з'їсти їжу або випити напої.,needs-human,pending-r2-adjudication,No fresh R2 adjudication recorded; the R1 clean disposition is intentionally not inherited.,,R2 intake pending fresh stable-ID review,,
SB-0072,applaud,v.,аплодувати,Виражати схвалення (чогось) плеском у долоні.,needs-human,pending-r2-adjudication,No fresh R2 adjudication recorded; the R1 clean disposition is intentionally not inherited.,,R2 intake pending fresh stable-ID review,,
SB-0073,applicable,adj.,застосовний,"Підходить для застосування, актуальна.",P1,grammar-syntax,The predicate switches from masculine 'Підходить' to feminine 'актуальна' for the same adjective gloss.,high,Codex seed-20260914 blinded acceptance challenge,,
SB-0075,appreciation,n.,вдячність,"Справедлива оцінка якості, цінності, ваги тощо; визнання досконалості; вдячність і пошана.",needs-human,pending-r2-adjudication,No fresh R2 adjudication recorded; the R1 clean disposition is intentionally not inherited.,,R2 intake pending fresh stable-ID review,,
SB-0076,arbitrary,adj.,довільний,"На основі особистого розсуду чи судження; не ґрунтуючись на будь-якій об’єктивній відмінності, можливо, навіть зробленій навмання.",needs-human,pending-r2-adjudication,No fresh R2 adjudication recorded; the R1 clean disposition is intentionally not inherited.,,R2 intake pending fresh stable-ID review,,
SB-0077,architectural,adj.,архітектурний,Що стосується архітектури.,needs-human,pending-r2-adjudication,No fresh R2 adjudication recorded; the R1 clean disposition is intentionally not inherited.,,R2 intake pending fresh stable-ID review,,
SB-0078,archive,n.,архів,"Місце для зберігання раннього, а часто й історичного матеріалу. Архів зазвичай містить документи (листи, записи, газети тощо) або інші типи носіїв, які зберігаються для історичного інтересу.",needs-human,pending-r2-adjudication,No fresh R2 adjudication recorded; the R1 clean disposition is intentionally not inherited.,,R2 intake pending fresh stable-ID review,,
SB-0081,arm,v.,озброювати,Для забезпечення бронею або (особливо пізніше) зброєю.,needs-human,pending-r2-adjudication,No fresh R2 adjudication recorded; the R1 clean disposition is intentionally not inherited.,,R2 intake pending fresh stable-ID review,,
SB-0083,articulate,v.,артикулювати,Говорити чітко; виголошувати.,needs-human,pending-r2-adjudication,No fresh R2 adjudication recorded; the R1 clean disposition is intentionally not inherited.,,R2 intake pending fresh stable-ID review,,
SB-0084,ash,n.,попіл,Суцільні залишки пожежі.,needs-human,pending-r2-adjudication,No fresh R2 adjudication recorded; the R1 clean disposition is intentionally not inherited.,,R2 intake pending fresh stable-ID review,,
SB-0086,aspire,v.,прагнути,Мати сильне бажання або амбіції досягти чогось.,needs-human,pending-r2-adjudication,No fresh R2 adjudication recorded; the R1 clean disposition is intentionally not inherited.,,R2 intake pending fresh stable-ID review,,
SB-0087,assassination,n.,вбивство,"Вбивство людини, особливо з політичних мотивів або заради особистої вигоди.",needs-human,pending-r2-adjudication,No fresh R2 adjudication recorded; the R1 clean disposition is intentionally not inherited.,,R2 intake pending fresh stable-ID review,,
SB-0088,assault,"n., v.",напад,"Нападати, фізично чи фігурально; атакувати.",needs-human,pending-r2-adjudication,No fresh R2 adjudication recorded; the R1 clean disposition is intentionally not inherited.,,R2 intake pending fresh stable-ID review,,
SB-0089,assemble,v.,зібрати,Збирати разом.,needs-human,pending-r2-adjudication,No fresh R2 adjudication recorded; the R1 clean disposition is intentionally not inherited.,,R2 intake pending fresh stable-ID review,,
SB-0091,assert,v.,стверджувати,Заявляти з упевненістю або просто і рішуче; стверджувати позитивно.,needs-human,pending-r2-adjudication,No fresh R2 adjudication recorded; the R1 clean disposition is intentionally not inherited.,,R2 intake pending fresh stable-ID review,,
SB-0092,assertion,n.,твердження,Акт ствердження; позитивна декларація або авермент.,needs-human,pending-r2-adjudication,No fresh R2 adjudication recorded; the R1 clean disposition is intentionally not inherited.,,R2 intake pending fresh stable-ID review,,
SB-0093,assurance,n.,запевнення,"Акт запевнення; заява, яка має викликати повну довіру; щось, створене для того, щоб надати комусь впевненості.",needs-human,pending-r2-adjudication,No fresh R2 adjudication recorded; the R1 clean disposition is intentionally not inherited.,,R2 intake pending fresh stable-ID review,,
SB-0094,asylum,n.,притулок,Місце безпеки або притулок.,needs-human,pending-r2-adjudication,No fresh R2 adjudication recorded; the R1 clean disposition is intentionally not inherited.,,R2 intake pending fresh stable-ID review,,
SB-0095,atrocity,n.,злодіяння,Надзвичайно жорстокий вчинок; жахливий акт несправедливості.,needs-human,pending-r2-adjudication,No fresh R2 adjudication recorded; the R1 clean disposition is intentionally not inherited.,,R2 intake pending fresh stable-ID review,,
SB-0096,attain,v.,досягти,Отримати (об'єкт або бажаний результат).,needs-human,pending-r2-adjudication,No fresh R2 adjudication recorded; the R1 clean disposition is intentionally not inherited.,,R2 intake pending fresh stable-ID review,,
SB-0097,attendance,n.,присутність,Акт відвідування; стан присутності; наявність.,needs-human,pending-r2-adjudication,No fresh R2 adjudication recorded; the R1 clean disposition is intentionally not inherited.,,R2 intake pending fresh stable-ID review,,
SB-0098,attorney,n.,адвокат,"юрист; той, хто консультує або представляє інших у юридичних питаннях як професія.",needs-human,pending-r2-adjudication,No fresh R2 adjudication recorded; the R1 clean disposition is intentionally not inherited.,,R2 intake pending fresh stable-ID review,,
SB-0099,attribute,"v., n.",атрибут,Пов'язувати право власності чи авторство на (щось) з кимось.,needs-human,pending-r2-adjudication,No fresh R2 adjudication recorded; the R1 clean disposition is intentionally not inherited.,,R2 intake pending fresh stable-ID review,,
SB-0101,authentic,adj.,справжній,"Того ж походження, що заявлено; справжній.",needs-human,pending-r2-adjudication,No fresh R2 adjudication recorded; the R1 clean disposition is intentionally not inherited.,,R2 intake pending fresh stable-ID review,,
SB-0104,autonomy,n.,автономія,Право або умова самоврядування; свобода діяти або функціонувати незалежно.,needs-human,pending-r2-adjudication,No fresh R2 adjudication recorded; the R1 clean disposition is intentionally not inherited.,,R2 intake pending fresh stable-ID review,,
SB-0107,backdrop,n.,фон,Обстановка або фон розіграної вистави.,needs-human,pending-r2-adjudication,No fresh R2 adjudication recorded; the R1 clean disposition is intentionally not inherited.,,R2 intake pending fresh stable-ID review,,
SB-0110,bail,n.,застава,"Забезпечення, як правило, грошова сума, яку обмінюють на звільнення заарештованої особи як гарантію явки цієї особи на суд.",needs-human,pending-r2-adjudication,No fresh R2 adjudication recorded; the R1 clean disposition is intentionally not inherited.,,R2 intake pending fresh stable-ID review,,
SB-0112,banner,n.,банер,"Будь-який великий знак, особливо з м’якого матеріалу або тканини.",P2,semantic-scope,"Banner is narrowed to a large sign, although banners need not be large and may function as flags or display strips.",medium,Codex seed-20260914 blinded acceptance challenge,,
SB-0113,bare,adj.,голий,"Голий, непокритий.",needs-human,pending-r2-adjudication,No fresh R2 adjudication recorded; the R1 clean disposition is intentionally not inherited.,,R2 intake pending fresh stable-ID review,,
SB-0114,barrel,n.,бочка,"Кругла (циліндрична) посудина, така як бочка, більша за довжину, ніж завширшки, і опукла в середині, зроблена з держаків, зв’язаних обручами, і має плоскі кінці (голови).",needs-human,pending-r2-adjudication,No fresh R2 adjudication recorded; the R1 clean disposition is intentionally not inherited.,,R2 intake pending fresh stable-ID review,,
SB-0115,bass1,n.,бас (низький звук; басовий інструмент),Низький за висотою звук або музичний інструмент чи голос із низьким регістром.,needs-human,pending-r2-adjudication,No fresh R2 adjudication recorded; the R1 clean disposition is intentionally not inherited.,,R2 intake pending fresh stable-ID review,,
SB-0117,battlefield,n.,поле бою,"Область, де ведеться наземна битва, яка не обов’язково може бути полем.",needs-human,pending-r2-adjudication,No fresh R2 adjudication recorded; the R1 clean disposition is intentionally not inherited.,,R2 intake pending fresh stable-ID review,,
SB-0118,bay,n.,затока,"Тіло води (особливо море), яке міститься увігнутою береговою лінією.",needs-human,pending-r2-adjudication,No fresh R2 adjudication recorded; the R1 clean disposition is intentionally not inherited.,,R2 intake pending fresh stable-ID review,,
SB-0120,beast,n.,звір,"Тварина, особливо велика або небезпечна наземна хребетна.",needs-human,pending-r2-adjudication,No fresh R2 adjudication recorded; the R1 clean disposition is intentionally not inherited.,,R2 intake pending fresh stable-ID review,,
SB-0122,beloved,adj.,коханий,"Дуже любив, ніжно любив.",needs-human,pending-r2-adjudication,No fresh R2 adjudication recorded; the R1 clean disposition is intentionally not inherited.,,R2 intake pending fresh stable-ID review,,
SB-0123,bench,n.,лава,"Довге сидіння зі спинкою або без неї, наприклад, у парках і школах.",needs-human,pending-r2-adjudication,No fresh R2 adjudication recorded; the R1 clean disposition is intentionally not inherited.,,R2 intake pending fresh stable-ID review,,
SB-0126,beneficiary,n.,бенефіціар,"Той, хто користується або отримує перевагу.",needs-human,pending-r2-adjudication,No fresh R2 adjudication recorded; the R1 clean disposition is intentionally not inherited.,,R2 intake pending fresh stable-ID review,,
SB-0127,betray,v.,зраджувати,"Порушити довіру або виявити приховану інформацію, почуття чи справжній характер.",needs-human,pending-r2-adjudication,No fresh R2 adjudication recorded; the R1 clean disposition is intentionally not inherited.,,R2 intake pending fresh stable-ID review,,
SB-0129,biography,n.,біографія,"Історія життя людини, особливо опублікованої.",needs-human,pending-r2-adjudication,No fresh R2 adjudication recorded; the R1 clean disposition is intentionally not inherited.,,R2 intake pending fresh stable-ID review,,
SB-0132,blade,n.,лезо,"Частина ножа, меча, бритви чи іншого інструменту (як правило, з гострим краєм), яким вона ріже.",needs-human,pending-r2-adjudication,No fresh R2 adjudication recorded; the R1 clean disposition is intentionally not inherited.,,R2 intake pending fresh stable-ID review,,
SB-0134,bleed,v.,кровоточити,Пролити кров через ушкоджену кровоносну судину.,needs-human,pending-r2-adjudication,No fresh R2 adjudication recorded; the R1 clean disposition is intentionally not inherited.,,R2 intake pending fresh stable-ID review,,
SB-0136,bless,v.,благословляти,Викликати божественну прихильність.,needs-human,pending-r2-adjudication,No fresh R2 adjudication recorded; the R1 clean disposition is intentionally not inherited.,,R2 intake pending fresh stable-ID review,,
SB-0138,boast,v.,хвалитися,Вихвалятися; голосно говорити на хвалу собі.,needs-human,pending-r2-adjudication,No fresh R2 adjudication recorded; the R1 clean disposition is intentionally not inherited.,,R2 intake pending fresh stable-ID review,,
SB-0139,bonus,n.,бонус,"Щось додаткове, що добре; додаткова перевага.",needs-human,pending-r2-adjudication,No fresh R2 adjudication recorded; the R1 clean disposition is intentionally not inherited.,,R2 intake pending fresh stable-ID review,,
SB-0140,boom,n.,бум,"Низький резонансний звук, наприклад вибух.",needs-human,pending-r2-adjudication,No fresh R2 adjudication recorded; the R1 clean disposition is intentionally not inherited.,,R2 intake pending fresh stable-ID review,,
SB-0142,boundary,n.,межа,Лінія розмежування або розташування між двома областями.,P1,semantic-pedagogical-error,'розташування' (location/arrangement) is wrong for boundary; boundary is a line of division ('поділу/межа').,high,R1-listed defect; severity normalized to P1 by Codex acceptance review,definitionUa,Лінія поділу між двома областями; межа.
SB-0143,bow1,"v., n.",нахилятися; уклін,Нахиляти голову або верхню частину тіла на знак поваги; також сам такий уклін.,needs-human,pending-r2-adjudication,No fresh R2 adjudication recorded; the R1 clean disposition is intentionally not inherited.,,R2 intake pending fresh stable-ID review,,
SB-0146,breakthrough,n.,прорив,"Будь-який серйозний прогрес; наприклад, велика інновація чи відкриття, яке долає значну перешкоду.",needs-human,pending-r2-adjudication,No fresh R2 adjudication recorded; the R1 clean disposition is intentionally not inherited.,,R2 intake pending fresh stable-ID review,,
SB-0152,buddy,n.,приятель,Друг або випадковий знайомий.,needs-human,pending-r2-adjudication,No fresh R2 adjudication recorded; the R1 clean disposition is intentionally not inherited.,,R2 intake pending fresh stable-ID review,,
SB-0153,buffer,n.,буфер,"Частина пам’яті, виділена для тимчасового зберігання даних, часто перед їх надсиланням на зовнішній пристрій або під час отримання із зовнішнього пристрою.",needs-human,pending-r2-adjudication,No fresh R2 adjudication recorded; the R1 clean disposition is intentionally not inherited.,,R2 intake pending fresh stable-ID review,,
SB-0156,bureaucracy,n.,бюрократія,Уряд через бюро або їхніх адміністраторів чи службовців.,needs-human,pending-r2-adjudication,No fresh R2 adjudication recorded; the R1 clean disposition is intentionally not inherited.,,R2 intake pending fresh stable-ID review,,
SB-0158,burst,v.,лопнути,Зламати від внутрішнього тиску.,needs-human,pending-r2-adjudication,No fresh R2 adjudication recorded; the R1 clean disposition is intentionally not inherited.,,R2 intake pending fresh stable-ID review,,
SB-0160,calculation,n.,розрахунок,Акт або процес обчислення.,needs-human,pending-r2-adjudication,No fresh R2 adjudication recorded; the R1 clean disposition is intentionally not inherited.,,R2 intake pending fresh stable-ID review,,
SB-0161,canvas,n.,полотно,"Тип грубої тканини, витканої з конопель, використовується для виготовлення вітрил і наметів або як поверхня для картин.",needs-human,pending-r2-adjudication,No fresh R2 adjudication recorded; the R1 clean disposition is intentionally not inherited.,,R2 intake pending fresh stable-ID review,,
SB-0162,capability,n.,здатність,Сила або здатність генерувати результат.,needs-human,pending-r2-adjudication,No fresh R2 adjudication recorded; the R1 clean disposition is intentionally not inherited.,,R2 intake pending fresh stable-ID review,,
SB-0163,capitalism,n.,капіталізм,"Економічна система, заснована на приватній власності на засоби виробництва та їх експлуатації з метою отримання прибутку.",needs-human,pending-r2-adjudication,No fresh R2 adjudication recorded; the R1 clean disposition is intentionally not inherited.,,R2 intake pending fresh stable-ID review,,
SB-0165,cargo,n.,вантаж,"Вантаж, що перевозиться кораблем, літаком або автомобілем.",needs-human,pending-r2-adjudication,No fresh R2 adjudication recorded; the R1 clean disposition is intentionally not inherited.,,R2 intake pending fresh stable-ID review,,
SB-0168,casino,n.,казино,Громадська будівля або зал для азартних ігор.,needs-human,pending-r2-adjudication,No fresh R2 adjudication recorded; the R1 clean disposition is intentionally not inherited.,,R2 intake pending fresh stable-ID review,,
SB-0170,catalogue,n.,каталог,"Повний (як правило, алфавітний або хронологічний) список елементів.",needs-human,pending-r2-adjudication,No fresh R2 adjudication recorded; the R1 clean disposition is intentionally not inherited.,,R2 intake pending fresh stable-ID review,,
SB-0172,cattle,n.,худоба,"Домашня тварина виду Bos taurus (корови, бики, бички, воли тощо) та інші копитні ссавці роду Bos.",needs-human,pending-r2-adjudication,No fresh R2 adjudication recorded; the R1 clean disposition is intentionally not inherited.,,R2 intake pending fresh stable-ID review,,
SB-0173,caution,n.,обережність,"Розсудливість, коли ви стикаєтеся з небезпекою або очікуєте зіткнутися з небезпекою; обережність, щоб уникнути ризику чи шкоди.",P2,learner-register,"The second-person, repetitive danger phrasing is serviceable but clumsy for a concise dictionary gloss.",medium,Codex seed-20260914 blinded acceptance challenge,,
SB-0176,cemetery,n.,кладовище,"Місце, де ховають померлих; цвинтар або меморіальний парк.",needs-human,pending-r2-adjudication,No fresh R2 adjudication recorded; the R1 clean disposition is intentionally not inherited.,,R2 intake pending fresh stable-ID review,,
SB-0178,chaos,n.,хаос,Будь-який стан розладу; плутана або аморфна суміш або конгломерат.,needs-human,pending-r2-adjudication,No fresh R2 adjudication recorded; the R1 clean disposition is intentionally not inherited.,,R2 intake pending fresh stable-ID review,,
SB-0179,characterize,v.,характеризувати,Бути типовим для.,needs-human,pending-r2-adjudication,No fresh R2 adjudication recorded; the R1 clean disposition is intentionally not inherited.,,R2 intake pending fresh stable-ID review,,
SB-0180,charm,n.,чарівність,"Здатність переконувати, радувати або викликати захоплення.",needs-human,pending-r2-adjudication,No fresh R2 adjudication recorded; the R1 clean disposition is intentionally not inherited.,,R2 intake pending fresh stable-ID review,,
SB-0181,charter,n.,статут,"Документ, виданий певною владою, що створює державну чи приватну установу та визначає її цілі та привілеї.",needs-human,pending-r2-adjudication,No fresh R2 adjudication recorded; the R1 clean disposition is intentionally not inherited.,,R2 intake pending fresh stable-ID review,,
SB-0182,chronic,adj.,хронічний,"Про проблему, яка триває протягом тривалого періоду часу.",needs-human,pending-r2-adjudication,No fresh R2 adjudication recorded; the R1 clean disposition is intentionally not inherited.,,R2 intake pending fresh stable-ID review,,
SB-0183,chunk,n.,шматок,Велика або значна частина чогось.,needs-human,pending-r2-adjudication,No fresh R2 adjudication recorded; the R1 clean disposition is intentionally not inherited.,,R2 intake pending fresh stable-ID review,,
SB-0185,circulation,n.,обіг,Акт переходу з місця на місце або від людини до людини; вільна дифузія; спосіб передавання.,needs-human,pending-r2-adjudication,No fresh R2 adjudication recorded; the R1 clean disposition is intentionally not inherited.,,R2 intake pending fresh stable-ID review,,
SB-0186,citizenship,n.,громадянство,Стан громадянства; статус громадянина.,needs-human,pending-r2-adjudication,No fresh R2 adjudication recorded; the R1 clean disposition is intentionally not inherited.,,R2 intake pending fresh stable-ID review,,
SB-0187,civic,adj.,громадянський,"Про або щодо громадянина, або про добросовісне громадянство та його права та обов'язки.",needs-human,pending-r2-adjudication,No fresh R2 adjudication recorded; the R1 clean disposition is intentionally not inherited.,,R2 intake pending fresh stable-ID review,,
SB-0188,civilian,"n., adj.",цивільний,"Людина, яка займається цивільним життям, особливо та, яка не є активним членом збройних сил.",needs-human,pending-r2-adjudication,No fresh R2 adjudication recorded; the R1 clean disposition is intentionally not inherited.,,R2 intake pending fresh stable-ID review,,
SB-0190,clash,n.,зіткнення,"опозиція; протиріччя; наприклад, між різними або суперечливими інтересами, поглядами, цілями тощо.",needs-human,pending-r2-adjudication,No fresh R2 adjudication recorded; the R1 clean disposition is intentionally not inherited.,,R2 intake pending fresh stable-ID review,,
SB-0191,classification,n.,класифікація,"Акт формування в клас або класи; розподіл на групи, як класи, порядки, родини тощо, відповідно до деяких спільних відносин або атрибутів.",P1,grammar-calque-fragment,'формування в клас' is a malformed calque; Ukrainian would be 'формування класів'/'розподіл на класи'.,high,R1-listed defect; severity normalized to P1 by Codex acceptance review,definitionUa,"Акт розподілу на класи; поділ на групи (класи, порядки, родини тощо) за спільними ознаками або атрибутами."
SB-0192,cling,v.,чіплятися,"Тримати дуже міцно, щоб не впасти.",needs-human,pending-r2-adjudication,No fresh R2 adjudication recorded; the R1 clean disposition is intentionally not inherited.,,R2 intake pending fresh stable-ID review,,
SB-0196,coalition,n.,коаліція,"Тимчасова група або спілка організацій, яка зазвичай створюється для певної переваги.",needs-human,pending-r2-adjudication,No fresh R2 adjudication recorded; the R1 clean disposition is intentionally not inherited.,,R2 intake pending fresh stable-ID review,,
SB-0198,cocktail,n.,коктейль,Змішаний алкогольний напій.,needs-human,pending-r2-adjudication,No fresh R2 adjudication recorded; the R1 clean disposition is intentionally not inherited.,,R2 intake pending fresh stable-ID review,,
SB-0199,cognitive,adj.,когнітивний,"Відноситься до тієї частини розумових функцій, яка має справу з логікою, на відміну від афективної, яка має справу з емоціями.",needs-human,pending-r2-adjudication,No fresh R2 adjudication recorded; the R1 clean disposition is intentionally not inherited.,,R2 intake pending fresh stable-ID review,,
SB-0200,coincide,v.,збігатися,Відбутися одночасно.,needs-human,pending-r2-adjudication,No fresh R2 adjudication recorded; the R1 clean disposition is intentionally not inherited.,,R2 intake pending fresh stable-ID review,,
SB-0201,collaborate,v.,співпрацювати,Працювати разом з іншими для досягнення спільної мети.,needs-human,pending-r2-adjudication,No fresh R2 adjudication recorded; the R1 clean disposition is intentionally not inherited.,,R2 intake pending fresh stable-ID review,,
SB-0204,collision,n.,зіткнення,"Будь-яка подія, під час якої два або більше тіл діють один на одного за відносно короткий час. При зіткненні фізичний контакт двох тіл не є необхідним.",needs-human,pending-r2-adjudication,No fresh R2 adjudication recorded; the R1 clean disposition is intentionally not inherited.,,R2 intake pending fresh stable-ID review,,
SB-0205,colonial,adj.,колоніальний,З колонії або відноситься до неї.,needs-human,pending-r2-adjudication,No fresh R2 adjudication recorded; the R1 clean disposition is intentionally not inherited.,,R2 intake pending fresh stable-ID review,,
SB-0206,columnist,n.,колумніст,"Регулярний автор колонки, наприклад, у журналі чи газеті.",needs-human,pending-r2-adjudication,No fresh R2 adjudication recorded; the R1 clean disposition is intentionally not inherited.,,R2 intake pending fresh stable-ID review,,
SB-0210,commentator,n.,коментатор,"Особа, яка надає миттєвий опис публічної події, зокрема спортивної, для аудиторії ЗМІ.",needs-human,pending-r2-adjudication,No fresh R2 adjudication recorded; the R1 clean disposition is intentionally not inherited.,,R2 intake pending fresh stable-ID review,,
SB-0211,commerce,n.,комерція,Обмін або купівля-продаж товарів; особливо великомасштабний обмін товарами між різними місцями чи спільнотами; розширена торгівля або рух.,needs-human,pending-r2-adjudication,No fresh R2 adjudication recorded; the R1 clean disposition is intentionally not inherited.,,R2 intake pending fresh stable-ID review,,
SB-0212,commissioner,n.,комісар,"Посадовець, відповідальний за урядове відомство, особливо поліцію.",needs-human,pending-r2-adjudication,No fresh R2 adjudication recorded; the R1 clean disposition is intentionally not inherited.,,R2 intake pending fresh stable-ID review,,
SB-0215,companion,n.,компаньйон,"Друг, знайомий або партнер; хтось, з ким проводять час або супроводжують",needs-human,pending-r2-adjudication,No fresh R2 adjudication recorded; the R1 clean disposition is intentionally not inherited.,,R2 intake pending fresh stable-ID review,,
SB-0217,compassion,n.,співчуття,"Глибоке усвідомлення страждань інших людей настільки, що вони мотивовані полегшити такі стани.",needs-human,pending-r2-adjudication,No fresh R2 adjudication recorded; the R1 clean disposition is intentionally not inherited.,,R2 intake pending fresh stable-ID review,,
SB-0218,compel,v.,змушувати,"Змушувати, обмежувати або примушувати.",needs-human,pending-r2-adjudication,No fresh R2 adjudication recorded; the R1 clean disposition is intentionally not inherited.,,R2 intake pending fresh stable-ID review,,
SB-0222,competence,n.,компетентність,"Якість або стан компетентності, тобто здатності або придатності для виконання загальної ролі.",needs-human,pending-r2-adjudication,No fresh R2 adjudication recorded; the R1 clean disposition is intentionally not inherited.,,R2 intake pending fresh stable-ID review,,
SB-0223,competent,adj.,компетентний,"Наявність достатніх навичок, знань, здібностей або кваліфікації.",P2,pos-style,"The noun phrase 'Наявність...' is understandable but weak for an adjective; 'Такий, що має...' is clearer.",medium,Codex seed-20260914 blinded acceptance challenge,,
SB-0232,compute,v.,обчислювати,"Рахувати, обчислювати.",needs-human,pending-r2-adjudication,No fresh R2 adjudication recorded; the R1 clean disposition is intentionally not inherited.,,R2 intake pending fresh stable-ID review,,
SB-0233,conceal,v.,приховувати,"Приховати щось від очей або від загального відома, намагатися зберегти щось у таємниці.",needs-human,pending-r2-adjudication,No fresh R2 adjudication recorded; the R1 clean disposition is intentionally not inherited.,,R2 intake pending fresh stable-ID review,,
SB-0238,condemn,v.,засуджувати,Різко критикувати або засуджувати; розкритикувати.,needs-human,pending-r2-adjudication,No fresh R2 adjudication recorded; the R1 clean disposition is intentionally not inherited.,,R2 intake pending fresh stable-ID review,,
SB-0239,confer,v.,надавати,Надати у власність; дарувати.,needs-human,pending-r2-adjudication,No fresh R2 adjudication recorded; the R1 clean disposition is intentionally not inherited.,,R2 intake pending fresh stable-ID review,,
SB-0241,configuration,n.,конфігурація,"Взаємне розташування набору речей; те, як речі розташовані або зібрані;",needs-human,pending-r2-adjudication,No fresh R2 adjudication recorded; the R1 clean disposition is intentionally not inherited.,,R2 intake pending fresh stable-ID review,,
SB-0242,confine,v.,обмежити,Обмежити (когось або щось) певною сферою чи областю; зберігати в певних межах.,needs-human,pending-r2-adjudication,No fresh R2 adjudication recorded; the R1 clean disposition is intentionally not inherited.,,R2 intake pending fresh stable-ID review,,
SB-0243,confirmation,n.,підтвердження,"Перевірка того, що щось правдиве або трапилося.",needs-human,pending-r2-adjudication,No fresh R2 adjudication recorded; the R1 clean disposition is intentionally not inherited.,,R2 intake pending fresh stable-ID review,,
SB-0245,confrontation,n.,конфронтація,"Акт протистояння або виклику іншому, особливо віч-на-віч.",needs-human,pending-r2-adjudication,No fresh R2 adjudication recorded; the R1 clean disposition is intentionally not inherited.,,R2 intake pending fresh stable-ID review,,
SB-0248,congressional,adj.,конгресовий,З конгресу або стосовно нього.,needs-human,pending-r2-adjudication,No fresh R2 adjudication recorded; the R1 clean disposition is intentionally not inherited.,,R2 intake pending fresh stable-ID review,,
SB-0250,conscience,n.,совість,"Етичне або моральне почуття правильного і неправильного, головним чином, оскільки воно впливає на власну поведінку людини та формує її ставлення до її минулих дій.",needs-human,pending-r2-adjudication,No fresh R2 adjudication recorded; the R1 clean disposition is intentionally not inherited.,,R2 intake pending fresh stable-ID review,,
SB-0251,consciousness,n.,свідомість,Стан свідомості або усвідомлення; обізнаність.,needs-human,pending-r2-adjudication,No fresh R2 adjudication recorded; the R1 clean disposition is intentionally not inherited.,,R2 intake pending fresh stable-ID review,,
SB-0252,consecutive,adj.,послідовний,"Слідом, по черзі, без перерви.",needs-human,pending-r2-adjudication,No fresh R2 adjudication recorded; the R1 clean disposition is intentionally not inherited.,,R2 intake pending fresh stable-ID review,,
SB-0253,consensus,n.,консенсус,"Загальна згода між членами певної групи чи спільноти, кожен член якої має певну свободу дій у прийнятті рішень і подальших діях.",needs-human,pending-r2-adjudication,No fresh R2 adjudication recorded; the R1 clean disposition is intentionally not inherited.,,R2 intake pending fresh stable-ID review,,
SB-0257,consolidate,v.,консолідувати,Об'єднати в єдине ціле; щоб об’єднатися або приєднатися.,needs-human,pending-r2-adjudication,No fresh R2 adjudication recorded; the R1 clean disposition is intentionally not inherited.,,R2 intake pending fresh stable-ID review,,
SB-0258,constituency,n.,виборчий округ,"Округ, представлений однією або декількома обраними посадовими особами.",needs-human,pending-r2-adjudication,No fresh R2 adjudication recorded; the R1 clean disposition is intentionally not inherited.,,R2 intake pending fresh stable-ID review,,
SB-0259,constitute,v.,становити,Складати щось як його частини; утворювати або офіційно встановлювати.,needs-human,pending-r2-adjudication,No fresh R2 adjudication recorded; the R1 clean disposition is intentionally not inherited.,,R2 intake pending fresh stable-ID review,,
SB-0260,constitution,n.,конституція,"Формальна чи неофіційна система основних принципів і законів, яка регулює діяльність уряду чи інших установ.",needs-human,pending-r2-adjudication,No fresh R2 adjudication recorded; the R1 clean disposition is intentionally not inherited.,,R2 intake pending fresh stable-ID review,,
SB-0261,constitutional,adj.,конституційний,"Що стосується юридичної чи політичної конституції («основний закон нації чи установи; формальна чи неофіційна система первинних принципів і законів, які регулюють діяльність уряду чи іншої установи»).",needs-human,pending-r2-adjudication,No fresh R2 adjudication recorded; the R1 clean disposition is intentionally not inherited.,,R2 intake pending fresh stable-ID review,,
SB-0262,constraint,n.,обмеження,"Те, що стримує; обмеження.",needs-human,pending-r2-adjudication,No fresh R2 adjudication recorded; the R1 clean disposition is intentionally not inherited.,,R2 intake pending fresh stable-ID review,,
SB-0265,contempt,n.,презирство,"Стан або акт презирства; відчуття або ставлення до когось чи чогось як до нижчого, низького або нікчемного; презирство, зневага.",needs-human,pending-r2-adjudication,No fresh R2 adjudication recorded; the R1 clean disposition is intentionally not inherited.,,R2 intake pending fresh stable-ID review,,
SB-0267,contender,n.,претендент,"Хтось, хто змагається з одним або декількома людьми.",needs-human,pending-r2-adjudication,No fresh R2 adjudication recorded; the R1 clean disposition is intentionally not inherited.,,R2 intake pending fresh stable-ID review,,
SB-0268,content2,adj.,задоволений,"Задоволений тим, що маєш або що відбувається, без потреби вимагати більшого.",needs-human,pending-r2-adjudication,No fresh R2 adjudication recorded; the R1 clean disposition is intentionally not inherited.,,R2 intake pending fresh stable-ID review,,
SB-0270,continually,adv.,постійно,У регулярній або повторюваній послідовності; дуже часто.,needs-human,pending-r2-adjudication,No fresh R2 adjudication recorded; the R1 clean disposition is intentionally not inherited.,,R2 intake pending fresh stable-ID review,,
SB-0271,contractor,n.,підрядник,"Особа або компанія, яка будує або вдосконалює будівлі чи споруди.",needs-human,pending-r2-adjudication,No fresh R2 adjudication recorded; the R1 clean disposition is intentionally not inherited.,,R2 intake pending fresh stable-ID review,,
SB-0275,conversion,n.,перетворення,Акт перетворення чогось або когось.,needs-human,pending-r2-adjudication,No fresh R2 adjudication recorded; the R1 clean disposition is intentionally not inherited.,,R2 intake pending fresh stable-ID review,,
SB-0276,convict,v.,засуджувати,Визнати винним в результаті судового розгляду або (неофіційного) в моральному сенсі.,needs-human,pending-r2-adjudication,No fresh R2 adjudication recorded; the R1 clean disposition is intentionally not inherited.,,R2 intake pending fresh stable-ID review,,
SB-0278,cooperate,v.,співпрацювати,"Працювати або діяти разом, особливо для спільної мети чи користі.",needs-human,pending-r2-adjudication,No fresh R2 adjudication recorded; the R1 clean disposition is intentionally not inherited.,,R2 intake pending fresh stable-ID review,,
SB-0280,coordinate,v.,координувати,Синхронізувати (діяльність).,P2,semantic-scope,The definition covers synchronising activities only and omits organising people or elements to work together.,medium,Codex seed-20260914 blinded acceptance challenge,,
SB-0281,coordination,n.,координація,"Акт координації, який змушує різних людей або речі працювати разом для досягнення мети чи ефекту.",needs-human,pending-r2-adjudication,No fresh R2 adjudication recorded; the R1 clean disposition is intentionally not inherited.,,R2 intake pending fresh stable-ID review,,
SB-0282,coordinator,n.,координатор,"Той, хто або те, що координує.",needs-human,pending-r2-adjudication,No fresh R2 adjudication recorded; the R1 clean disposition is intentionally not inherited.,,R2 intake pending fresh stable-ID review,,
SB-0284,copper,n.,мідь,"Червоно-коричневий метал, символ Cu та атомний номер 29.",needs-human,pending-r2-adjudication,No fresh R2 adjudication recorded; the R1 clean disposition is intentionally not inherited.,,R2 intake pending fresh stable-ID review,,
SB-0285,copyright,n.,авторське право,"Право за законом бути суб’єктом, який визначає, хто може публікувати, копіювати та поширювати твір, музику, малюнок чи інший авторський твір.",needs-human,pending-r2-adjudication,No fresh R2 adjudication recorded; the R1 clean disposition is intentionally not inherited.,,R2 intake pending fresh stable-ID review,,
SB-0287,correlate,v.,співвідносити,"Порівнювати речі і приводити їх у відношення, що мають відповідні характеристики.",needs-human,pending-r2-adjudication,No fresh R2 adjudication recorded; the R1 clean disposition is intentionally not inherited.,,R2 intake pending fresh stable-ID review,,
SB-0288,correlation,n.,кореляція,"Один із кількох показників лінійного статистичного зв’язку між двома випадковими змінними, що вказує на силу та напрямок зв’язку.",needs-human,pending-r2-adjudication,No fresh R2 adjudication recorded; the R1 clean disposition is intentionally not inherited.,,R2 intake pending fresh stable-ID review,,
SB-0289,correspond,v.,відповідати,"Бути еквівалентним або подібним за характером, кількістю, якістю, походженням, структурою, функцією тощо.",needs-human,pending-r2-adjudication,No fresh R2 adjudication recorded; the R1 clean disposition is intentionally not inherited.,,R2 intake pending fresh stable-ID review,,
SB-0290,correspondence,n.,листування,"Взаємний обмін люб'язністю, особливо розмова між людьми за допомогою листів.",needs-human,pending-r2-adjudication,No fresh R2 adjudication recorded; the R1 clean disposition is intentionally not inherited.,,R2 intake pending fresh stable-ID review,,
SB-0291,correspondent,n.,кореспондент,"Хтось, хто спілкується з іншою особою або публікацією, письмово.",needs-human,pending-r2-adjudication,No fresh R2 adjudication recorded; the R1 clean disposition is intentionally not inherited.,,R2 intake pending fresh stable-ID review,,
SB-0294,corruption,n.,корупція,"Неетична адміністративна або виконавча практика (в уряді чи бізнесі), включаючи хабарництво (пропозиція або отримання хабара), конфлікт інтересів, кумівство, розкрадання тощо.",needs-human,pending-r2-adjudication,No fresh R2 adjudication recorded; the R1 clean disposition is intentionally not inherited.,,R2 intake pending fresh stable-ID review,,
SB-0295,costly,adj.,дорогий,Від високої вартості; дорогий.,P1,grammar-calque-fragment,'Від високої вартості' is a malformed prepositional fragment used as a definition head for an adjective.,high,R1-listed defect; severity normalized to P1 by Codex acceptance review,definitionUa,"Такий, що коштує дорого; дорогий."
SB-0297,counselling,n.,консультування,Професійна допомога людині в осмисленні та розв’язанні особистих або психологічних труднощів.,needs-human,pending-r2-adjudication,No fresh R2 adjudication recorded; the R1 clean disposition is intentionally not inherited.,,R2 intake pending fresh stable-ID review,,
SB-0299,counter (argue against),v.,заперечувати; протиставляти аргумент,Відповідати на твердження протилежним аргументом або доказом.,needs-human,pending-r2-adjudication,No fresh R2 adjudication recorded; the R1 clean disposition is intentionally not inherited.,,R2 intake pending fresh stable-ID review,,
SB-0302,coup,n.,переворот,Державний переворот.,needs-human,pending-r2-adjudication,No fresh R2 adjudication recorded; the R1 clean disposition is intentionally not inherited.,,R2 intake pending fresh stable-ID review,,
SB-0303,courtesy,n.,ввічливість,Ввічлива поведінка.,needs-human,pending-r2-adjudication,No fresh R2 adjudication recorded; the R1 clean disposition is intentionally not inherited.,,R2 intake pending fresh stable-ID review,,
SB-0305,crawl,v.,повзати,Повзати; повільно рухатися на руках і колінах або волочачи тіло по землі.,needs-human,pending-r2-adjudication,No fresh R2 adjudication recorded; the R1 clean disposition is intentionally not inherited.,,R2 intake pending fresh stable-ID review,,
SB-0306,creator,n.,творець,"Щось або хтось, який щось створює або робить.",P1,pos-morphology-mismatch,"Relative-pronoun agreement error 'Щось або хтось, який' (should be 'що'); morphology/agreement defect.",medium,R1-listed defect; severity normalized to P1 by Codex acceptance review,definitionUa,"Той або те, що щось створює чи виготовляє."
SB-0310,critique,n.,критика,"Есе, в якому критикується, рецензується інший твір тощо.",needs-human,pending-r2-adjudication,No fresh R2 adjudication recorded; the R1 clean disposition is intentionally not inherited.,,R2 intake pending fresh stable-ID review,,
SB-0311,crown,n.,корона,"Королівський, імператорський або княжий головний убір; діадема.",needs-human,pending-r2-adjudication,No fresh R2 adjudication recorded; the R1 clean disposition is intentionally not inherited.,,R2 intake pending fresh stable-ID review,,
SB-0312,crude,adj.,сирий,"У природному, необробленому стані.",needs-human,pending-r2-adjudication,No fresh R2 adjudication recorded; the R1 clean disposition is intentionally not inherited.,,R2 intake pending fresh stable-ID review,,
SB-0313,crush,v.,розчавити,"Натиснути між двома твердими предметами; стискати так, щоб змінити природну форму чи цілісність, або згуртовувати в масу.",needs-human,pending-r2-adjudication,No fresh R2 adjudication recorded; the R1 clean disposition is intentionally not inherited.,,R2 intake pending fresh stable-ID review,,
SB-0314,crystal,n.,кристал,"Тверда речовина, що складається з масиву атомів або молекул, що мають дальній порядок і розташовані у вигляді періодичної тривимірної структури.",needs-human,pending-r2-adjudication,No fresh R2 adjudication recorded; the R1 clean disposition is intentionally not inherited.,,R2 intake pending fresh stable-ID review,,
SB-0318,custody,n.,опіка,"Законне право піклуватися про щось або про когось, особливо про дітей.",needs-human,pending-r2-adjudication,No fresh R2 adjudication recorded; the R1 clean disposition is intentionally not inherited.,,R2 intake pending fresh stable-ID review,,
SB-0320,cynical,adj.,цинічний,"Скептично ставиться до чесності, щирості або мотивів інших.",needs-human,pending-r2-adjudication,No fresh R2 adjudication recorded; the R1 clean disposition is intentionally not inherited.,,R2 intake pending fresh stable-ID review,,
SB-0323,dawn,n.,світанок,Період ранкових сутінків безпосередньо перед сходом сонця.,needs-human,pending-r2-adjudication,No fresh R2 adjudication recorded; the R1 clean disposition is intentionally not inherited.,,R2 intake pending fresh stable-ID review,,
SB-0325,debut,n.,дебют,"Перший виступ виконавця перед публікою у спорті, мистецтві чи іншій сфері.",needs-human,pending-r2-adjudication,No fresh R2 adjudication recorded; the R1 clean disposition is intentionally not inherited.,,R2 intake pending fresh stable-ID review,,
SB-0326,decision-making,n.,прийняття рішень,Процес аналізу можливостей і вибору одного рішення.,needs-human,pending-r2-adjudication,No fresh R2 adjudication recorded; the R1 clean disposition is intentionally not inherited.,,R2 intake pending fresh stable-ID review,,
SB-0328,declaration,n.,декларація,"Емфатичний або формальний акт висловлювання, розповіді або ствердження чогось, усним або письмовим; рішуче твердження чи проголошення.",P1,grammar-syntax,The phrase ending 'усним або письмовим' does not agree cleanly with 'акт' and the definition is a malformed source-language calque.,high,Codex seed-20260914 blinded acceptance challenge,,
SB-0335,defensive,adj.,оборонний,"Що стосується захисту, на відміну від нападу.",needs-human,pending-r2-adjudication,No fresh R2 adjudication recorded; the R1 clean disposition is intentionally not inherited.,,R2 intake pending fresh stable-ID review,,
SB-0337,deficit,n.,дефіцит,"Ситуація, коли або сума, за якої витрати перевищують (наприклад, державні) доходи.",needs-human,pending-r2-adjudication,No fresh R2 adjudication recorded; the R1 clean disposition is intentionally not inherited.,,R2 intake pending fresh stable-ID review,,
SB-0338,defy,v.,кинути виклик,Відмовлятися підкорятися.,needs-human,pending-r2-adjudication,No fresh R2 adjudication recorded; the R1 clean disposition is intentionally not inherited.,,R2 intake pending fresh stable-ID review,,
SB-0339,delegate,n.,делегат,"Особа, уповноважена діяти як представник іншої особи; депутат.",needs-human,pending-r2-adjudication,No fresh R2 adjudication recorded; the R1 clean disposition is intentionally not inherited.,,R2 intake pending fresh stable-ID review,,
SB-0341,delicate,adj.,делікатний,Легко пошкоджується або потребує обережного поводження.,needs-human,pending-r2-adjudication,No fresh R2 adjudication recorded; the R1 clean disposition is intentionally not inherited.,,R2 intake pending fresh stable-ID review,,
SB-0342,demon,n.,демон,Злий надприродний дух.,needs-human,pending-r2-adjudication,No fresh R2 adjudication recorded; the R1 clean disposition is intentionally not inherited.,,R2 intake pending fresh stable-ID review,,
SB-0344,denounce,v.,засуджувати,Публічно та рішуче засуджувати когось або щось.,needs-human,pending-r2-adjudication,No fresh R2 adjudication recorded; the R1 clean disposition is intentionally not inherited.,,R2 intake pending fresh stable-ID review,,
SB-0345,dense,adj.,щільний,Має відносно високу щільність.,needs-human,pending-r2-adjudication,No fresh R2 adjudication recorded; the R1 clean disposition is intentionally not inherited.,,R2 intake pending fresh stable-ID review,,
SB-0346,density,n.,щільність,"Міра маси речовини, що міститься в одиниці об’єму.",needs-human,pending-r2-adjudication,No fresh R2 adjudication recorded; the R1 clean disposition is intentionally not inherited.,,R2 intake pending fresh stable-ID review,,
SB-0347,dependence,n.,залежність,"Стан залежності, покладання на іншого.",needs-human,pending-r2-adjudication,No fresh R2 adjudication recorded; the R1 clean disposition is intentionally not inherited.,,R2 intake pending fresh stable-ID review,,
SB-0348,depict,v.,зображувати,"Відобразити щось, використовуючи слова, звуки, зображення чи інші засоби.",needs-human,pending-r2-adjudication,No fresh R2 adjudication recorded; the R1 clean disposition is intentionally not inherited.,,R2 intake pending fresh stable-ID review,,
SB-0352,deprive,v.,позбавляти,"Вживається з «від», щоб забрати щось у (когось) і тримати подалі; відмовляти комусь у чомусь.",needs-human,pending-r2-adjudication,No fresh R2 adjudication recorded; the R1 clean disposition is intentionally not inherited.,,R2 intake pending fresh stable-ID review,,
SB-0353,deputy,n.,заступник,"Той, кого призначають на заміну інших і мають право діяти за них від їхнього імені або від їхнього імені; заступник на посаді.",needs-human,pending-r2-adjudication,No fresh R2 adjudication recorded; the R1 clean disposition is intentionally not inherited.,,R2 intake pending fresh stable-ID review,,
SB-0358,desktop,n.,робочий стіл,"Основний графічний інтерфейс користувача операційної системи, зазвичай відображає значки, вікна та фонові шпалери.",needs-human,pending-r2-adjudication,No fresh R2 adjudication recorded; the R1 clean disposition is intentionally not inherited.,,R2 intake pending fresh stable-ID review,,
SB-0359,destructive,adj.,руйнівний,Заподіяння руйнування; завдає шкоди.,needs-human,pending-r2-adjudication,No fresh R2 adjudication recorded; the R1 clean disposition is intentionally not inherited.,,R2 intake pending fresh stable-ID review,,
SB-0360,detain,v.,затримувати,"Перешкоджати комусь продовжити, стримуючи їх або висуваючи претензії на їх увагу.",needs-human,pending-r2-adjudication,No fresh R2 adjudication recorded; the R1 clean disposition is intentionally not inherited.,,R2 intake pending fresh stable-ID review,,
SB-0361,detection,n.,виявлення,"Дія або процес виявлення, розкриття або з'ясування, відкриття чогось нового, прихованого або замаскованого.",needs-human,pending-r2-adjudication,No fresh R2 adjudication recorded; the R1 clean disposition is intentionally not inherited.,,R2 intake pending fresh stable-ID review,,
SB-0362,detention,n.,затримання,Тимчасове тримання під вартою або арешт.,needs-human,pending-r2-adjudication,No fresh R2 adjudication recorded; the R1 clean disposition is intentionally not inherited.,,R2 intake pending fresh stable-ID review,,
SB-0363,deteriorate,v.,погіршуватися,Гірше рости; мати погіршення якості; вироджуватися.,P1,grammar-calque-fragment,'Гірше рости' ('to grow worse') is a malformed/calqued gloss for deteriorate; should be 'погіршуватися'.,high,R1-listed defect; severity normalized to P1 by Codex acceptance review,definitionUa,Ставати гіршим за якістю; погіршуватися; вироджуватися.
SB-0365,devil,n.,диявол,Головний диявол; Сатана.,needs-human,pending-r2-adjudication,No fresh R2 adjudication recorded; the R1 clean disposition is intentionally not inherited.,,R2 intake pending fresh stable-ID review,,
SB-0366,devise,v.,придумати,Використовувати свій інтелект для планування або проектування (щось).,needs-human,pending-r2-adjudication,No fresh R2 adjudication recorded; the R1 clean disposition is intentionally not inherited.,,R2 intake pending fresh stable-ID review,,
SB-0367,diagnose,v.,діагностувати,"Визначити, яка хвороба викликає ознаки та симптоми хворої людини; знайти діагноз.",needs-human,pending-r2-adjudication,No fresh R2 adjudication recorded; the R1 clean disposition is intentionally not inherited.,,R2 intake pending fresh stable-ID review,,
SB-0368,diagnosis,n.,діагноз,Процес або випадок ідентифікації природи та причини медичного стану чи хвороби.,needs-human,pending-r2-adjudication,No fresh R2 adjudication recorded; the R1 clean disposition is intentionally not inherited.,,R2 intake pending fresh stable-ID review,,
SB-0370,dictator,n.,диктатор,"Тоталітарний лідер країни, нації чи уряду.",needs-human,pending-r2-adjudication,No fresh R2 adjudication recorded; the R1 clean disposition is intentionally not inherited.,,R2 intake pending fresh stable-ID review,,
SB-0371,differentiate,v.,диференціювати,Показувати або бути різницею чи відмінністю між речами.,P1,grammar-calque-fragment,'бути різницею' is a calque of 'to be the difference'; malformed Ukrainian construction.,high,R1-listed defect; severity normalized to P1 by Codex acceptance review,definitionUa,Показувати відмінність між речами або встановлювати її; розрізняти.
SB-0373,dilemma,n.,дилема,"Обставина, за якої необхідно зробити вибір між двома чи більше альтернативами, які здаються однаково небажаними.",needs-human,pending-r2-adjudication,No fresh R2 adjudication recorded; the R1 clean disposition is intentionally not inherited.,,R2 intake pending fresh stable-ID review,,
SB-0375,diminish,v.,зменшувати,Зробити меншим.,needs-human,pending-r2-adjudication,No fresh R2 adjudication recorded; the R1 clean disposition is intentionally not inherited.,,R2 intake pending fresh stable-ID review,,
SB-0376,dip,v.,занурювати; опускатися,Опустити в рідину.,needs-human,pending-r2-adjudication,No fresh R2 adjudication recorded; the R1 clean disposition is intentionally not inherited.,,R2 intake pending fresh stable-ID review,,
SB-0377,diplomat,n.,дипломат,"Особа, наприклад посол, яка офіційно акредитована представляти уряд у його відносинах з іншими урядами чи міжнародними організаціями",needs-human,pending-r2-adjudication,No fresh R2 adjudication recorded; the R1 clean disposition is intentionally not inherited.,,R2 intake pending fresh stable-ID review,,
SB-0379,directory,n.,каталог,Структурований список імен і характеристик файлів на пристрої зберігання.,needs-human,pending-r2-adjudication,No fresh R2 adjudication recorded; the R1 clean disposition is intentionally not inherited.,,R2 intake pending fresh stable-ID review,,
SB-0381,discard,v.,відкинути,"Викинути, відкинути.",needs-human,pending-r2-adjudication,No fresh R2 adjudication recorded; the R1 clean disposition is intentionally not inherited.,,R2 intake pending fresh stable-ID review,,
SB-0383,disclose,v.,розкрити,Довести до відома інших; зробити відомим; заявляти відкрито; розкрити (щось).,P2,grammar-style,The synonym list mixes imperfective and perfective infinitives without a consistent learner-facing form.,medium,Codex seed-20260914 blinded acceptance challenge,,
SB-0385,discourse,n.,дискурс,"Вираження словами, усним або письмовим.",needs-human,pending-r2-adjudication,No fresh R2 adjudication recorded; the R1 clean disposition is intentionally not inherited.,,R2 intake pending fresh stable-ID review,,
SB-0386,discretion,n.,розсуд,Здатність робити мудрий вибір або приймати рішення.,needs-human,pending-r2-adjudication,No fresh R2 adjudication recorded; the R1 clean disposition is intentionally not inherited.,,R2 intake pending fresh stable-ID review,,
SB-0387,discrimination,n.,дискримінація,"Диференційоване ставлення до окремої особи чи групи в невигідну для них сторону; ставлення або увага на основі класу чи категорії, а не індивідуальних заслуг; упередженість; упередження; фанатизм.",needs-human,pending-r2-adjudication,No fresh R2 adjudication recorded; the R1 clean disposition is intentionally not inherited.,,R2 intake pending fresh stable-ID review,,
SB-0388,dismissal,n.,звільнення,Позбавлення посади; факт або процес звільнення з роботи або позбавлення звання.,needs-human,pending-r2-adjudication,No fresh R2 adjudication recorded; the R1 clean disposition is intentionally not inherited.,,R2 intake pending fresh stable-ID review,,
SB-0393,disrupt,v.,порушувати,Ввести в замішання або безлад.,needs-human,pending-r2-adjudication,No fresh R2 adjudication recorded; the R1 clean disposition is intentionally not inherited.,,R2 intake pending fresh stable-ID review,,
SB-0394,disruption,n.,порушення,Переривання регулярного потоку або послідовності чогось.,needs-human,pending-r2-adjudication,No fresh R2 adjudication recorded; the R1 clean disposition is intentionally not inherited.,,R2 intake pending fresh stable-ID review,,
SB-0400,disturbing,adj.,тривожний,Спричинення дистресу або занепокоєння; засмучення або тривога.,needs-human,pending-r2-adjudication,No fresh R2 adjudication recorded; the R1 clean disposition is intentionally not inherited.,,R2 intake pending fresh stable-ID review,,
SB-0402,divine,adj.,божественний,Від бога або стосовно нього.,needs-human,pending-r2-adjudication,No fresh R2 adjudication recorded; the R1 clean disposition is intentionally not inherited.,,R2 intake pending fresh stable-ID review,,
SB-0403,doctrine,n.,доктрина,"Сукупність вчень ідеології, найчастіше релігії, або ідеологічного чи релігійного лідера, організації, групи чи тексту.",needs-human,pending-r2-adjudication,No fresh R2 adjudication recorded; the R1 clean disposition is intentionally not inherited.,,R2 intake pending fresh stable-ID review,,
SB-0406,dominance,n.,панування,Стан домінування; першорядної важливості; зверхність.,P2,grammar-style,The semicolon list is nonparallel and includes the fragment 'першорядної важливості'.,medium,Codex seed-20260914 blinded acceptance challenge,,
SB-0407,donor,n.,донор,"Той, хто робить пожертву.",needs-human,pending-r2-adjudication,No fresh R2 adjudication recorded; the R1 clean disposition is intentionally not inherited.,,R2 intake pending fresh stable-ID review,,
SB-0408,dose,n.,доза,"Відміряна порція ліків, прийнята в будь-який час.",needs-human,pending-r2-adjudication,No fresh R2 adjudication recorded; the R1 clean disposition is intentionally not inherited.,,R2 intake pending fresh stable-ID review,,
SB-0413,dual,adj.,подвійний,Характеризується наявністю двох (зазвичай еквівалентних) компонентів.,needs-human,pending-r2-adjudication,No fresh R2 adjudication recorded; the R1 clean disposition is intentionally not inherited.,,R2 intake pending fresh stable-ID review,,
SB-0419,earnings,n.,заробіток,"Заробітна плата, зароблені гроші, дохід.",needs-human,pending-r2-adjudication,No fresh R2 adjudication recorded; the R1 clean disposition is intentionally not inherited.,,R2 intake pending fresh stable-ID review,,
SB-0422,ecological,adj.,екологічний,"Пов’язаний з екологією, взаємозв’язками організмів і навколишнього середовища.",needs-human,pending-r2-adjudication,No fresh R2 adjudication recorded; the R1 clean disposition is intentionally not inherited.,,R2 intake pending fresh stable-ID review,,
SB-0426,ego,n.,его,"Я, особливо з почуттям власної значущості.",needs-human,pending-r2-adjudication,No fresh R2 adjudication recorded; the R1 clean disposition is intentionally not inherited.,,R2 intake pending fresh stable-ID review,,
SB-0428,electoral,adj.,виборчий,Щодо виборів або щодо них.,P1,grammar-calque,'Щодо виборів або щодо них' repeats the same object and is not a usable Ukrainian definition.,high,Codex seed-20260914 blinded acceptance challenge,,
SB-0429,elevate,v.,підняти,Підняти (щось) на вищу посаду.,needs-human,pending-r2-adjudication,No fresh R2 adjudication recorded; the R1 clean disposition is intentionally not inherited.,,R2 intake pending fresh stable-ID review,,
SB-0430,eligible,adj.,придатний,Дозвіл і відповідність необхідним умовам для участі в чомусь або бути обраним для чогось,needs-human,pending-r2-adjudication,No fresh R2 adjudication recorded; the R1 clean disposition is intentionally not inherited.,,R2 intake pending fresh stable-ID review,,
SB-0431,elite,n.,еліта,"Особлива група або соціальний клас людей, які мають вищий соціальний чи економічний статус і відповідну владу, переваги чи привілеї в суспільстві; член такої групи.",needs-human,pending-r2-adjudication,No fresh R2 adjudication recorded; the R1 clean disposition is intentionally not inherited.,,R2 intake pending fresh stable-ID review,,
SB-0433,embarrassment,n.,збентеження,"Стан дискомфорту, що виникає через сором'язливість або свідомість порушення соціального правила; приниження.",needs-human,pending-r2-adjudication,No fresh R2 adjudication recorded; the R1 clean disposition is intentionally not inherited.,,R2 intake pending fresh stable-ID review,,
SB-0434,embassy,n.,посольство,"Організація або група офіційних осіб, які постійно представляють суверенну державу в другій суверенній державі або щодо міжнародної організації, такої як ООН.",needs-human,pending-r2-adjudication,No fresh R2 adjudication recorded; the R1 clean disposition is intentionally not inherited.,,R2 intake pending fresh stable-ID review,,
SB-0435,embed,v.,вбудовувати,Для інкапсуляції в інший документ або файл даних.,needs-human,pending-r2-adjudication,No fresh R2 adjudication recorded; the R1 clean disposition is intentionally not inherited.,,R2 intake pending fresh stable-ID review,,
SB-0436,embody,v.,втілювати,Представляти у фізичній або конкретній формі; втілювати чи персоніфікувати.,needs-human,pending-r2-adjudication,No fresh R2 adjudication recorded; the R1 clean disposition is intentionally not inherited.,,R2 intake pending fresh stable-ID review,,
SB-0437,emergence,n.,поява,"Акт підйому з рідини, виходу з огортання чи приховування, або підняття в поле зору; зовнішній вигляд.",needs-human,pending-r2-adjudication,No fresh R2 adjudication recorded; the R1 clean disposition is intentionally not inherited.,,R2 intake pending fresh stable-ID review,,
SB-0438,empirical,adj.,емпіричний,"Стосовно або засноване на досвіді, на відміну від теорії.",needs-human,pending-r2-adjudication,No fresh R2 adjudication recorded; the R1 clean disposition is intentionally not inherited.,,R2 intake pending fresh stable-ID review,,
SB-0441,encompass,v.,охоплювати,"Включити в його сферу дії; обвести або обійти так, щоб оточити; підкладати; містити.",needs-human,pending-r2-adjudication,No fresh R2 adjudication recorded; the R1 clean disposition is intentionally not inherited.,,R2 intake pending fresh stable-ID review,,
SB-0442,encouragement,n.,заохочення,"Слова чи дії, які підвищують чиюсь впевненість",needs-human,pending-r2-adjudication,No fresh R2 adjudication recorded; the R1 clean disposition is intentionally not inherited.,,R2 intake pending fresh stable-ID review,,
SB-0444,endeavour,n.,зусилля,Серйозна або наполеглива спроба досягти певної мети.,needs-human,pending-r2-adjudication,No fresh R2 adjudication recorded; the R1 clean disposition is intentionally not inherited.,,R2 intake pending fresh stable-ID review,,
SB-0445,endless,adj.,нескінченний,Не маючи кінця.,needs-human,pending-r2-adjudication,No fresh R2 adjudication recorded; the R1 clean disposition is intentionally not inherited.,,R2 intake pending fresh stable-ID review,,
SB-0446,endorse,v.,схвалити,"Виражати підтримку чи схвалення, особливо офіційно чи публічно; надати індосамент.",needs-human,pending-r2-adjudication,No fresh R2 adjudication recorded; the R1 clean disposition is intentionally not inherited.,,R2 intake pending fresh stable-ID review,,
SB-0453,enquire,v.,запитувати,"Просити інформацію або ставити запитання, щоб щось з’ясувати.",needs-human,pending-r2-adjudication,No fresh R2 adjudication recorded; the R1 clean disposition is intentionally not inherited.,,R2 intake pending fresh stable-ID review,,
SB-0455,enrol,v.,зарахувати,"Офіційно записати або записатися на курс, програму чи до установи.",needs-human,pending-r2-adjudication,No fresh R2 adjudication recorded; the R1 clean disposition is intentionally not inherited.,,R2 intake pending fresh stable-ID review,,
SB-0457,enterprise,n.,підприємство,"Компанія, бізнес, організація чи інша цілеспрямована діяльність.",needs-human,pending-r2-adjudication,No fresh R2 adjudication recorded; the R1 clean disposition is intentionally not inherited.,,R2 intake pending fresh stable-ID review,,
SB-0458,enthusiast,n.,ентузіаст,"Людина, сповнена або керована ентузіазмом.",needs-human,pending-r2-adjudication,No fresh R2 adjudication recorded; the R1 clean disposition is intentionally not inherited.,,R2 intake pending fresh stable-ID review,,
SB-0460,entity,n.,сутність,"Те, що існує як окрема одиниця, часто використовується для організацій, які не мають фізичної форми.",needs-human,pending-r2-adjudication,No fresh R2 adjudication recorded; the R1 clean disposition is intentionally not inherited.,,R2 intake pending fresh stable-ID review,,
SB-0461,epidemic,n.,епідемія,"Широко поширене захворювання, яке вражає багато людей у ​​популяції.",P2,semantic-precision,"An epidemic is an outbreak or unusually high occurrence, not simply a widely spread disease.",medium,Codex seed-20260914 blinded acceptance challenge,,
SB-0464,erect,v.,звести,Збирати шляхом з’єднання матеріалів або частин.,needs-human,pending-r2-adjudication,No fresh R2 adjudication recorded; the R1 clean disposition is intentionally not inherited.,,R2 intake pending fresh stable-ID review,,
SB-0466,essence,n.,суть,Внутрішня природа речі або ідеї.,needs-human,pending-r2-adjudication,No fresh R2 adjudication recorded; the R1 clean disposition is intentionally not inherited.,,R2 intake pending fresh stable-ID review,,
SB-0467,establishment,n.,заклад,"Те, що встановлено; як форма правління, постійна організація, бізнес або сила, або місце, де людина постійно проживає.",P1,grammar-calque-fragment,"Run-on, malformed establishment list ('...постійна організація, бізнес або сила...'); 'сила' is an off gloss and the list is grammatically awkward.",medium,R1-listed defect; severity normalized to P1 by Codex acceptance review,definitionUa,"Установа, заклад або підприємство, створені для сталої діяльності; також сам процес заснування."
SB-0468,eternal,adj.,вічний,Триває назавжди; нескінченний.,needs-human,pending-r2-adjudication,No fresh R2 adjudication recorded; the R1 clean disposition is intentionally not inherited.,,R2 intake pending fresh stable-ID review,,
SB-0470,evoke,v.,викликати,"Викликати прояв чогось (емоції, картини тощо) в чиємусь розумі чи уяві.",needs-human,pending-r2-adjudication,No fresh R2 adjudication recorded; the R1 clean disposition is intentionally not inherited.,,R2 intake pending fresh stable-ID review,,
SB-0471,evolutionary,adj.,еволюційний,Відносно біологічної теорії еволюції або до неї.,needs-human,pending-r2-adjudication,No fresh R2 adjudication recorded; the R1 clean disposition is intentionally not inherited.,,R2 intake pending fresh stable-ID review,,
SB-0472,exaggerate,v.,перебільшувати,"Перебільшувати, описувати більше, ніж факт.",needs-human,pending-r2-adjudication,No fresh R2 adjudication recorded; the R1 clean disposition is intentionally not inherited.,,R2 intake pending fresh stable-ID review,,
SB-0474,exceptional,adj.,винятковий,Формування винятку; не звичайний; незвичайний; рідкісні.,P1,grammar-calque-fragment,'exceptional' led with awkward calque 'Формування винятку' (formation of an exception) and ends with number-disagreeing plural adj 'рідкісні' (should be sing. 'рідкісний'); core sense 'незвичайний' present.,medium,R1-listed defect; severity normalized to P1 by Codex acceptance review,definitionUa,"Такий, що становить виняток; незвичайний; рідкісний."
SB-0475,excess,"n., adj.",надлишок,"Стан перевищення або виходу за межі; стан поза достатністю, необхідністю або обов'язком; більше, ніж те, що є звичайним або належним.",needs-human,pending-r2-adjudication,No fresh R2 adjudication recorded; the R1 clean disposition is intentionally not inherited.,,R2 intake pending fresh stable-ID review,,
SB-0478,exclusively,adv.,виключно,на виключення будь-чого або будь-кого іншого; виключно або цілком,needs-human,pending-r2-adjudication,No fresh R2 adjudication recorded; the R1 clean disposition is intentionally not inherited.,,R2 intake pending fresh stable-ID review,,
SB-0479,execute,v.,виконувати,Здійснювати; ввести в дію.,needs-human,pending-r2-adjudication,No fresh R2 adjudication recorded; the R1 clean disposition is intentionally not inherited.,,R2 intake pending fresh stable-ID review,,
SB-0480,execution,n.,виконання,"Дія, спосіб або стиль виконання (дій, маневрів, вистав).",needs-human,pending-r2-adjudication,No fresh R2 adjudication recorded; the R1 clean disposition is intentionally not inherited.,,R2 intake pending fresh stable-ID review,,
SB-0482,exile,n.,вигнання,Стан вигнання з дому чи країни.,needs-human,pending-r2-adjudication,No fresh R2 adjudication recorded; the R1 clean disposition is intentionally not inherited.,,R2 intake pending fresh stable-ID review,,
SB-0485,experimental,adj.,експериментальний,Відносно або засноване на експерименті.,needs-human,pending-r2-adjudication,No fresh R2 adjudication recorded; the R1 clean disposition is intentionally not inherited.,,R2 intake pending fresh stable-ID review,,
SB-0489,exploitation,n.,експлуатація,Неправомірне використання чого-небудь в корисливих цілях.,needs-human,pending-r2-adjudication,No fresh R2 adjudication recorded; the R1 clean disposition is intentionally not inherited.,,R2 intake pending fresh stable-ID review,,
SB-0492,extremist,n.,екстреміст,"Людина, яка дотримується крайніх поглядів, особливо той, хто відстоює такі погляди; радикал або фанатик.",needs-human,pending-r2-adjudication,No fresh R2 adjudication recorded; the R1 clean disposition is intentionally not inherited.,,R2 intake pending fresh stable-ID review,,
SB-0493,facilitate,v.,сприяти,Зробити легко або легше.,P1,grammar-calque-fragment,'facilitate' glossed 'Зробити легко' uses adverb 'легко' where 'зробити легким/полегшити' is required; 'або легше' is fine.,low,R1-listed defect; severity normalized to P1 by Codex acceptance review,definitionUa,Робити легшим; полегшувати.
SB-0494,faction,n.,фракція,"Група людей, особливо всередині політичної організації, яка висловлює спільні переконання або думку, відмінну від людей, які не є частиною групи.",needs-human,pending-r2-adjudication,No fresh R2 adjudication recorded; the R1 clean disposition is intentionally not inherited.,,R2 intake pending fresh stable-ID review,,
SB-0498,fatal,adj.,фатальний,Заподіяння смерті або руйнування.,P1,pos-morphology-mismatch,Adjective 'fatal' defined with a noun head 'Заподіяння' ('the causing'); should be adjectival (смертельний/згубний).,high,R1-listed defect; severity normalized to P1 by Codex acceptance review,definitionUa,"Такий, що спричиняє смерть або руйнування; смертельний, згубний."
SB-0499,fate,n.,доля,"Передбачувана причина, сила, принцип або божественна воля, яка визначає події.",needs-human,pending-r2-adjudication,No fresh R2 adjudication recorded; the R1 clean disposition is intentionally not inherited.,,R2 intake pending fresh stable-ID review,,
SB-0500,favourable,adj.,сприятливий,"Вираження або вказівка ​​на прихильність чи доброзичливість; схвалюючи, заохочуючи.",needs-human,pending-r2-adjudication,No fresh R2 adjudication recorded; the R1 clean disposition is intentionally not inherited.,,R2 intake pending fresh stable-ID review,,
SB-0501,feat,n.,подвиг; визначне досягнення,Відносно рідкісне або важке досягнення.,needs-human,pending-r2-adjudication,No fresh R2 adjudication recorded; the R1 clean disposition is intentionally not inherited.,,R2 intake pending fresh stable-ID review,,
SB-0503,fibre,n.,клітковина,Харчові волокна.,needs-human,pending-r2-adjudication,No fresh R2 adjudication recorded; the R1 clean disposition is intentionally not inherited.,,R2 intake pending fresh stable-ID review,,
SB-0508,firearm,n.,вогнепальна зброя,"Особиста зброя, яка використовує вибуховий порох для приведення в дію снаряда, який часто виготовляється зі свинцю.",needs-human,pending-r2-adjudication,No fresh R2 adjudication recorded; the R1 clean disposition is intentionally not inherited.,,R2 intake pending fresh stable-ID review,,
SB-0511,flaw,n.,недолік,"Дефект, помилка або недосконалість, особливо прихована.",needs-human,pending-r2-adjudication,No fresh R2 adjudication recorded; the R1 clean disposition is intentionally not inherited.,,R2 intake pending fresh stable-ID review,,
SB-0512,flawed,adj.,дефектний,Наявність недоліку або недосконалості.,P2,pos-style,The noun phrase 'Наявність недоліку' is understandable but weak for adjective flawed.,medium,Codex seed-20260914 blinded acceptance challenge,,
SB-0513,flee,v.,тікати,Втікати; втекти.,needs-human,pending-r2-adjudication,No fresh R2 adjudication recorded; the R1 clean disposition is intentionally not inherited.,,R2 intake pending fresh stable-ID review,,
SB-0514,fleet,n.,флот,Група суден або транспортних засобів.,needs-human,pending-r2-adjudication,No fresh R2 adjudication recorded; the R1 clean disposition is intentionally not inherited.,,R2 intake pending fresh stable-ID review,,
SB-0515,flesh,n.,плоть,"М’які тканини тіла, особливо м’язи та жир.",needs-human,pending-r2-adjudication,No fresh R2 adjudication recorded; the R1 clean disposition is intentionally not inherited.,,R2 intake pending fresh stable-ID review,,
SB-0516,flexibility,n.,гнучкість,"Якість бути гнучким, фізично чи метафорично.",P1,grammar-calque,'Якість бути гнучким' is an English-pattern calque; idiomatic Ukrainian requires 'здатність/властивість бути гнучким'.,high,Codex seed-20260914 blinded acceptance challenge,,
SB-0518,fluid,n.,рідина,Рідина (на відміну від твердого або газоподібного).,needs-human,pending-r2-adjudication,No fresh R2 adjudication recorded; the R1 clean disposition is intentionally not inherited.,,R2 intake pending fresh stable-ID review,,
SB-0519,footage,n.,кадри,"Кількість плівки або стрічки, яка була використана для запису чогось.",needs-human,pending-r2-adjudication,No fresh R2 adjudication recorded; the R1 clean disposition is intentionally not inherited.,,R2 intake pending fresh stable-ID review,,
SB-0520,foreigner,n.,іноземець,Людина з чужої країни.,needs-human,pending-r2-adjudication,No fresh R2 adjudication recorded; the R1 clean disposition is intentionally not inherited.,,R2 intake pending fresh stable-ID review,,
SB-0522,formula,n.,формула,План або метод вирішення проблеми або досягнення результату.,needs-human,pending-r2-adjudication,No fresh R2 adjudication recorded; the R1 clean disposition is intentionally not inherited.,,R2 intake pending fresh stable-ID review,,
SB-0523,formulate,v.,формулювати,Викласти в ясній і певній формі твердження або вираз.,needs-human,pending-r2-adjudication,No fresh R2 adjudication recorded; the R1 clean disposition is intentionally not inherited.,,R2 intake pending fresh stable-ID review,,
SB-0524,forth,adv.,вперед,"Назовні, уперед або від певного місця; переважно у сталих виразах.",needs-human,pending-r2-adjudication,No fresh R2 adjudication recorded; the R1 clean disposition is intentionally not inherited.,,R2 intake pending fresh stable-ID review,,
SB-0527,fragile,adj.,крихкий,"Легко ламається, не міцний; з ніжного матеріалу.",needs-human,pending-r2-adjudication,No fresh R2 adjudication recorded; the R1 clean disposition is intentionally not inherited.,,R2 intake pending fresh stable-ID review,,
SB-0528,franchise,n.,франшиза; право на здійснення діяльності,"Дозвіл, наданий компанією на продаж або розповсюдження своїх товарів чи послуг на певній території.",needs-human,pending-r2-adjudication,No fresh R2 adjudication recorded; the R1 clean disposition is intentionally not inherited.,,R2 intake pending fresh stable-ID review,,
SB-0533,functional,adj.,функціональний,"Корисний; служіння меті, виконання функції.",needs-human,pending-r2-adjudication,No fresh R2 adjudication recorded; the R1 clean disposition is intentionally not inherited.,,R2 intake pending fresh stable-ID review,,
SB-0534,fundraising,n.,збір коштів,Процес збору грошей шляхом запитів пожертвувань від приватних осіб і компаній.,needs-human,pending-r2-adjudication,No fresh R2 adjudication recorded; the R1 clean disposition is intentionally not inherited.,,R2 intake pending fresh stable-ID review,,
SB-0535,funeral,n.,похорон,"Церемонія вшанування та пам’яті померлої людини, яка часто відрізняється від панахиди присутністю тіла померлого.",needs-human,pending-r2-adjudication,No fresh R2 adjudication recorded; the R1 clean disposition is intentionally not inherited.,,R2 intake pending fresh stable-ID review,,
SB-0537,gambling,n.,азартні ігри,"Діяльність, що характеризується балансом між виграшем і програшем, що регулюється сумішшю навичок і випадковості, як правило, із ставкою на результат.",needs-human,pending-r2-adjudication,No fresh R2 adjudication recorded; the R1 clean disposition is intentionally not inherited.,,R2 intake pending fresh stable-ID review,,
SB-0539,gaze,"n., v.",погляд,Дивитися пильно або серйозно.,needs-human,pending-r2-adjudication,No fresh R2 adjudication recorded; the R1 clean disposition is intentionally not inherited.,,R2 intake pending fresh stable-ID review,,
SB-0542,genocide,n.,геноцид,"Систематичне та умисне знищення групи людей; як правило, вбиваючи значну кількість з них на основі їхньої етнічної приналежності, релігії чи національності.",needs-human,pending-r2-adjudication,No fresh R2 adjudication recorded; the R1 clean disposition is intentionally not inherited.,,R2 intake pending fresh stable-ID review,,
SB-0543,glance,"n., v.",погляд,"Звернути (очі чи погляд) на щось, часто ненадовго.",needs-human,pending-r2-adjudication,No fresh R2 adjudication recorded; the R1 clean disposition is intentionally not inherited.,,R2 intake pending fresh stable-ID review,,
SB-0545,glorious,adj.,славний,"Демонстрація атрибутів, якостей або вчинків, які гідні чи отримують славу.",needs-human,pending-r2-adjudication,No fresh R2 adjudication recorded; the R1 clean disposition is intentionally not inherited.,,R2 intake pending fresh stable-ID review,,
SB-0546,glory,n.,слава,"Честь, захоплення чи відзнака, надані особі чи речі за спільною згодою; висока репутація; відомість.",needs-human,pending-r2-adjudication,No fresh R2 adjudication recorded; the R1 clean disposition is intentionally not inherited.,,R2 intake pending fresh stable-ID review,,
SB-0547,governance,n.,управління,"Процес, або сила, управління; уряд або адміністрація.",needs-human,pending-r2-adjudication,No fresh R2 adjudication recorded; the R1 clean disposition is intentionally not inherited.,,R2 intake pending fresh stable-ID review,,
SB-0550,grave (for dead person),n.,могила,"Місце в землі, де поховано померлу людину.",needs-human,pending-r2-adjudication,No fresh R2 adjudication recorded; the R1 clean disposition is intentionally not inherited.,,R2 intake pending fresh stable-ID review,,
SB-0551,grave (serious),adj.,серйозний; тяжкий,"Надзвичайно серйозний, небезпечний або такий, що викликає значне занепокоєння.",needs-human,pending-r2-adjudication,No fresh R2 adjudication recorded; the R1 clean disposition is intentionally not inherited.,,R2 intake pending fresh stable-ID review,,
SB-0553,grid,n.,сітка,"Система доставки електроенергії, що складається з різних підстанцій, трансформаторів і генераторів, з'єднаних дротом.",needs-human,pending-r2-adjudication,No fresh R2 adjudication recorded; the R1 clean disposition is intentionally not inherited.,,R2 intake pending fresh stable-ID review,,
SB-0556,grind,v.,молоти,Розрізати на дрібніші шматки шляхом подрібнення бічними рухами.,P1,semantic-pedagogical,"Grind is rendered as cutting by sideways movements; the core action is crushing, rubbing, or milling into smaller particles.",high,Codex seed-20260914 blinded acceptance challenge,,
SB-0559,guerrilla,n.,партизан,"Солдат у невеликій незалежній групі, який бореться проти уряду чи регулярних сил шляхом раптових набігів.",needs-human,pending-r2-adjudication,No fresh R2 adjudication recorded; the R1 clean disposition is intentionally not inherited.,,R2 intake pending fresh stable-ID review,,
SB-0560,guidance,n.,керівництво,Порада або консультація з якоїсь теми.,needs-human,pending-r2-adjudication,No fresh R2 adjudication recorded; the R1 clean disposition is intentionally not inherited.,,R2 intake pending fresh stable-ID review,,
SB-0561,guilt,n.,вина,Відповідальність за протиправні дії.,needs-human,pending-r2-adjudication,No fresh R2 adjudication recorded; the R1 clean disposition is intentionally not inherited.,,R2 intake pending fresh stable-ID review,,
SB-0562,gut,n.,кишка,"Травний тракт, особливо кишечник.",needs-human,pending-r2-adjudication,No fresh R2 adjudication recorded; the R1 clean disposition is intentionally not inherited.,,R2 intake pending fresh stable-ID review,,
SB-0564,halfway,adv.,на півдорозі,Половина шляху між двома точками.,needs-human,pending-r2-adjudication,No fresh R2 adjudication recorded; the R1 clean disposition is intentionally not inherited.,,R2 intake pending fresh stable-ID review,,
SB-0566,handful,n.,жменя,"Кількість, яку рука може схопити або вмістити.",needs-human,pending-r2-adjudication,No fresh R2 adjudication recorded; the R1 clean disposition is intentionally not inherited.,,R2 intake pending fresh stable-ID review,,
SB-0567,handling,n.,поводження,"Торкатися, контролювати, керувати, використовувати, піклуватися тощо рукою або руками або як руками.",needs-human,pending-r2-adjudication,No fresh R2 adjudication recorded; the R1 clean disposition is intentionally not inherited.,,R2 intake pending fresh stable-ID review,,
SB-0568,handy,adj.,зручний,"Простий у використанні, корисний.",needs-human,pending-r2-adjudication,No fresh R2 adjudication recorded; the R1 clean disposition is intentionally not inherited.,,R2 intake pending fresh stable-ID review,,
SB-0571,harmony,n.,гармонія,Договір чи згода.,P1,semantic-pedagogical-error,'Договір' (a contract) is wrong for harmony; harmony = 'співзвуччя/злагода'.,high,R1-listed defect; severity normalized to P1 by Codex acceptance review,definitionUa,Злагода або співзвуччя; погодженість.
SB-0573,harvest,"n., v.",урожай,Принести врожай; жати; підбирати.,needs-human,pending-r2-adjudication,No fresh R2 adjudication recorded; the R1 clean disposition is intentionally not inherited.,,R2 intake pending fresh stable-ID review,,
SB-0574,hatred,n.,ненависть,Сильна відраза; сильна неприязнь.,needs-human,pending-r2-adjudication,No fresh R2 adjudication recorded; the R1 clean disposition is intentionally not inherited.,,R2 intake pending fresh stable-ID review,,
SB-0575,haunt,v.,переслідувати,Населяти або часто відвідувати (найчастіше використовується стосовно привидів).,needs-human,pending-r2-adjudication,No fresh R2 adjudication recorded; the R1 clean disposition is intentionally not inherited.,,R2 intake pending fresh stable-ID review,,
SB-0578,heritage,n.,спадщина,"традиція; практика або набір цінностей, які передаються від попередніх поколінь через сім’ї або через інституційну пам’ять.",needs-human,pending-r2-adjudication,No fresh R2 adjudication recorded; the R1 clean disposition is intentionally not inherited.,,R2 intake pending fresh stable-ID review,,
SB-0579,hierarchy,n.,ієрархія,"Соціальна, релігійна, економічна чи політична система або організація, в якій люди або групи людей перевищують інших на основі їхнього статусу, авторитету чи інших рис.",needs-human,pending-r2-adjudication,No fresh R2 adjudication recorded; the R1 clean disposition is intentionally not inherited.,,R2 intake pending fresh stable-ID review,,
SB-0580,high-profile,adj.,гучний,Важливий або добре розрекламований.,needs-human,pending-r2-adjudication,No fresh R2 adjudication recorded; the R1 clean disposition is intentionally not inherited.,,R2 intake pending fresh stable-ID review,,
SB-0581,hint,"n., v.",підказка,Мати на увазі без прямого твердження; щоб надати підказку.,needs-human,pending-r2-adjudication,No fresh R2 adjudication recorded; the R1 clean disposition is intentionally not inherited.,,R2 intake pending fresh stable-ID review,,
SB-0582,homeland,n.,батьківщина,"Країна, яку людина вважає домом.",needs-human,pending-r2-adjudication,No fresh R2 adjudication recorded; the R1 clean disposition is intentionally not inherited.,,R2 intake pending fresh stable-ID review,,
SB-0585,horizon,n.,горизонт,"Видима горизонтальна лінія (у всіх напрямках), де небо, здається, зустрічається з землею на відстані.",needs-human,pending-r2-adjudication,No fresh R2 adjudication recorded; the R1 clean disposition is intentionally not inherited.,,R2 intake pending fresh stable-ID review,,
SB-0586,horn,n.,ріг,"Твердий наріст кератину, який виступає з верхньої частини голови певних тварин, як правило, парний.",needs-human,pending-r2-adjudication,No fresh R2 adjudication recorded; the R1 clean disposition is intentionally not inherited.,,R2 intake pending fresh stable-ID review,,
SB-0587,hostage,n.,заручник,"Особа, захоплена з метою примусити іншу сторону діяти (або утримуватися від дій) певним чином через загрозу заподіяння шкоди заручнику.",needs-human,pending-r2-adjudication,No fresh R2 adjudication recorded; the R1 clean disposition is intentionally not inherited.,,R2 intake pending fresh stable-ID review,,
SB-0588,hostile,adj.,ворожий,Не доброзичливий; відповідний ворогові; показ розташування ворога; прояв злої волі та зловмисності або бажання перешкодити та завдати шкоди.,needs-human,pending-r2-adjudication,No fresh R2 adjudication recorded; the R1 clean disposition is intentionally not inherited.,,R2 intake pending fresh stable-ID review,,
SB-0589,hostility,n.,ворожість,Стан ворожості.,needs-human,pending-r2-adjudication,No fresh R2 adjudication recorded; the R1 clean disposition is intentionally not inherited.,,R2 intake pending fresh stable-ID review,,
SB-0590,humanitarian,adj.,гуманітарний,Що стосується добробуту людей.,needs-human,pending-r2-adjudication,No fresh R2 adjudication recorded; the R1 clean disposition is intentionally not inherited.,,R2 intake pending fresh stable-ID review,,
SB-0591,humanity,n.,людство,Людство; люди як група.,needs-human,pending-r2-adjudication,No fresh R2 adjudication recorded; the R1 clean disposition is intentionally not inherited.,,R2 intake pending fresh stable-ID review,,
SB-0592,humble,adj.,скромний,"Мати низьку думку про себе; не гордий, зарозумілий або самовпевнений; скромний.",needs-human,pending-r2-adjudication,No fresh R2 adjudication recorded; the R1 clean disposition is intentionally not inherited.,,R2 intake pending fresh stable-ID review,,
SB-0593,hydrogen,n.,водень,"Найлегший хімічний елемент (символ H), з атомним номером 1 і атомною вагою 1,008.",needs-human,pending-r2-adjudication,No fresh R2 adjudication recorded; the R1 clean disposition is intentionally not inherited.,,R2 intake pending fresh stable-ID review,,
SB-0595,ideological,adj.,ідеологічний,Що стосується однієї чи кількох ідеологій.,needs-human,pending-r2-adjudication,No fresh R2 adjudication recorded; the R1 clean disposition is intentionally not inherited.,,R2 intake pending fresh stable-ID review,,
SB-0596,ideology,n.,ідеологія,"Доктрина, філософія, сукупність переконань або принципів, що належать окремій особі чи групі.",needs-human,pending-r2-adjudication,No fresh R2 adjudication recorded; the R1 clean disposition is intentionally not inherited.,,R2 intake pending fresh stable-ID review,,
SB-0598,ignorance,n.,незнання,Стан необізнаності або неосвіченості; брак знань або інформації.,needs-human,pending-r2-adjudication,No fresh R2 adjudication recorded; the R1 clean disposition is intentionally not inherited.,,R2 intake pending fresh stable-ID review,,
SB-0599,imagery,n.,зображення,"Риторичне оформлення в письмовій чи усній формі; яскраві описи, що представляють або навіюють образи чуттєвих об'єктів; фігури в дискурсі.",needs-human,pending-r2-adjudication,No fresh R2 adjudication recorded; the R1 clean disposition is intentionally not inherited.,,R2 intake pending fresh stable-ID review,,
SB-0600,immense,adj.,величезний,"Величезний, гігантський, дуже великий.",needs-human,pending-r2-adjudication,No fresh R2 adjudication recorded; the R1 clean disposition is intentionally not inherited.,,R2 intake pending fresh stable-ID review,,
SB-0602,implementation,n.,впровадження,"Процес переходу ідеї від концепції до реальності. У бізнесі, інженерії та інших сферах реалізація відноситься до процесу будівництва, а не до процесу проектування.",needs-human,pending-r2-adjudication,No fresh R2 adjudication recorded; the R1 clean disposition is intentionally not inherited.,,R2 intake pending fresh stable-ID review,,
SB-0605,inability,n.,неспроможність,Відсутність вміння щось робити; недієздатність.,needs-human,pending-r2-adjudication,No fresh R2 adjudication recorded; the R1 clean disposition is intentionally not inherited.,,R2 intake pending fresh stable-ID review,,
SB-0610,inclusion,n.,включення,"Акт включення, тобто додавання або анексування (чогось) до групи, набору або сукупності.",needs-human,pending-r2-adjudication,No fresh R2 adjudication recorded; the R1 clean disposition is intentionally not inherited.,,R2 intake pending fresh stable-ID review,,
SB-0611,incur,v.,понести,"Накликати на себе або піддаватися, особливо чомусь незручному, шкідливому чи обтяжливому; стати відповідальним або підлягати.",needs-human,pending-r2-adjudication,No fresh R2 adjudication recorded; the R1 clean disposition is intentionally not inherited.,,R2 intake pending fresh stable-ID review,,
SB-0614,indigenous,adj.,корінний,"Народився або походить з країни чи регіону, особливо до вторгнення.",needs-human,pending-r2-adjudication,No fresh R2 adjudication recorded; the R1 clean disposition is intentionally not inherited.,,R2 intake pending fresh stable-ID review,,
SB-0619,infant,n.,немовля,"Дуже молода людська істота, від народження до віку від шести місяців до двох років після народження, яка потребує майже постійного догляду та уваги.",P2,semantic-scope,The six-month-to-two-year boundary is unnecessarily rigid and culturally/source dependent.,medium,Codex seed-20260914 blinded acceptance challenge,,
SB-0620,infect,v.,заразити,"Привести (тіло або його частину) в контакт з речовиною, що викликає хворобу (збудником), щоб збудник почав діяти на організм;",needs-human,pending-r2-adjudication,No fresh R2 adjudication recorded; the R1 clean disposition is intentionally not inherited.,,R2 intake pending fresh stable-ID review,,
SB-0622,influential,adj.,впливовий,Володіння чи здійснення впливу.,needs-human,pending-r2-adjudication,No fresh R2 adjudication recorded; the R1 clean disposition is intentionally not inherited.,,R2 intake pending fresh stable-ID review,,
SB-0623,inherent,adj.,властивий,"Природно, як частина або наслідок чогось.",needs-human,pending-r2-adjudication,No fresh R2 adjudication recorded; the R1 clean disposition is intentionally not inherited.,,R2 intake pending fresh stable-ID review,,
SB-0626,inject,v.,вводити,"Робити ін’єкцію (комусь або чомусь), особливо ліків або наркотиків.",needs-human,pending-r2-adjudication,No fresh R2 adjudication recorded; the R1 clean disposition is intentionally not inherited.,,R2 intake pending fresh stable-ID review,,
SB-0628,injustice,n.,несправедливість,Порушення прав іншої людини чи людей.,needs-human,pending-r2-adjudication,No fresh R2 adjudication recorded; the R1 clean disposition is intentionally not inherited.,,R2 intake pending fresh stable-ID review,,
SB-0629,inmate,n.,в'язень,"Особа, яка перебуває в установі, наприклад, в’язниці (як засуджений) або лікарні (як пацієнт).",needs-human,pending-r2-adjudication,No fresh R2 adjudication recorded; the R1 clean disposition is intentionally not inherited.,,R2 intake pending fresh stable-ID review,,
SB-0630,insertion,n.,вставка,Акт вставки або щось вставлене.,needs-human,pending-r2-adjudication,No fresh R2 adjudication recorded; the R1 clean disposition is intentionally not inherited.,,R2 intake pending fresh stable-ID review,,
SB-0631,insider,n.,інсайдер,"Особа, яка володіє спеціальними знаннями про внутрішню роботу групи, організації чи установи.",needs-human,pending-r2-adjudication,No fresh R2 adjudication recorded; the R1 clean disposition is intentionally not inherited.,,R2 intake pending fresh stable-ID review,,
SB-0632,inspect,v.,оглядати,Вивчати критично або уважно; особливо для пошуку проблем або визначення стану; придивлятися.,needs-human,pending-r2-adjudication,No fresh R2 adjudication recorded; the R1 clean disposition is intentionally not inherited.,,R2 intake pending fresh stable-ID review,,
SB-0633,inspection,n.,огляд,"Акт вивчення чогось, часто уважно.",needs-human,pending-r2-adjudication,No fresh R2 adjudication recorded; the R1 clean disposition is intentionally not inherited.,,R2 intake pending fresh stable-ID review,,
SB-0634,inspiration,n.,натхнення,"Акт або процес піднесення чи стимулювання впливу на інтелект, емоції чи творчість.",needs-human,pending-r2-adjudication,No fresh R2 adjudication recorded; the R1 clean disposition is intentionally not inherited.,,R2 intake pending fresh stable-ID review,,
SB-0635,instinct,n.,інстинкт,Природний або вроджений імпульс або поведінка.,needs-human,pending-r2-adjudication,No fresh R2 adjudication recorded; the R1 clean disposition is intentionally not inherited.,,R2 intake pending fresh stable-ID review,,
SB-0636,institutional,adj.,інституційний,"З, відноситься до, характерний або організований за принципами установи.",needs-human,pending-r2-adjudication,No fresh R2 adjudication recorded; the R1 clean disposition is intentionally not inherited.,,R2 intake pending fresh stable-ID review,,
SB-0639,insufficient,adj.,недостатній,"Недостатньо; типу або виду, якого недостатньо, який не задовольняє вимоги чи потреби.",needs-human,pending-r2-adjudication,No fresh R2 adjudication recorded; the R1 clean disposition is intentionally not inherited.,,R2 intake pending fresh stable-ID review,,
SB-0642,intake,n.,споживання,Прийнята кількість.,needs-human,pending-r2-adjudication,No fresh R2 adjudication recorded; the R1 clean disposition is intentionally not inherited.,,R2 intake pending fresh stable-ID review,,
SB-0644,integrated,adj.,інтегрований,"складений і скоординований, щоб утворити ціле",needs-human,pending-r2-adjudication,No fresh R2 adjudication recorded; the R1 clean disposition is intentionally not inherited.,,R2 intake pending fresh stable-ID review,,
SB-0647,intellectual,n.,інтелектуал,"Розумна, вчена людина, особливо та, яка говорить про вчені питання.",P1,semantic-pedagogical-error,Defining trait 'говорить про вчені питання' (merely talks about learned matters) misrepresents 'intellectual'.,medium,R1-listed defect; severity normalized to P1 by Codex acceptance review,definitionUa,"Розумна, освічена людина, особливо та, яка займається інтелектуальною працею."
SB-0648,intensify,v.,посилити,Стати інтенсивним або більш інтенсивним; діяти зі зростаючою силою чи енергією.,needs-human,pending-r2-adjudication,No fresh R2 adjudication recorded; the R1 clean disposition is intentionally not inherited.,,R2 intake pending fresh stable-ID review,,
SB-0649,intensity,n.,інтенсивність,Якість інтенсивності.,needs-human,pending-r2-adjudication,No fresh R2 adjudication recorded; the R1 clean disposition is intentionally not inherited.,,R2 intake pending fresh stable-ID review,,
SB-0650,intensive,adj.,інтенсивний,Виконується з інтенсивністю або значною мірою; ретельний.,needs-human,pending-r2-adjudication,No fresh R2 adjudication recorded; the R1 clean disposition is intentionally not inherited.,,R2 intake pending fresh stable-ID review,,
SB-0651,intent,n.,намір,Щось призначене.,P1,semantic-pedagogical,"Intent is defined as 'Щось призначене' rather than an intention, purpose, or aim.",high,Codex seed-20260914 blinded acceptance challenge,,
SB-0652,interactive,adj.,інтерактивний,Пропозиція або залучення взаємодії з користувачем.,P1,pos-morphology,Adjective interactive is led by the noun 'Пропозиція'; the phrase is ungrammatical and does not define the adjective.,high,Codex seed-20260914 blinded acceptance challenge,,
SB-0653,interface,n.,інтерфейс,Точка взаємозв'язку між системами або підсистемами.,needs-human,pending-r2-adjudication,No fresh R2 adjudication recorded; the R1 clean disposition is intentionally not inherited.,,R2 intake pending fresh stable-ID review,,
SB-0654,interfere,v.,заважати,"Вплутуватися або втягуватись, завдаючи занепокоєння.",needs-human,pending-r2-adjudication,No fresh R2 adjudication recorded; the R1 clean disposition is intentionally not inherited.,,R2 intake pending fresh stable-ID review,,
SB-0656,interim,adj.,тимчасовий,Тимчасовий.,needs-human,pending-r2-adjudication,No fresh R2 adjudication recorded; the R1 clean disposition is intentionally not inherited.,,R2 intake pending fresh stable-ID review,,
SB-0658,intermediate,adj.,проміжний,Знаходження між двома крайнощами або в середині діапазону.,needs-human,pending-r2-adjudication,No fresh R2 adjudication recorded; the R1 clean disposition is intentionally not inherited.,,R2 intake pending fresh stable-ID review,,
SB-0659,intervene,v.,втручатися,"Втягнутися в ситуацію, щоб змінити або запобігти дії. [з в]",P1,other,definitionUa carries a stray editorial artifact '[з в]' leaked into learner-facing text.,medium,R1-listed defect; severity normalized to P1 by Codex acceptance review,definitionUa,"Втрутитися в ситуацію, щоб змінити або запобігти дії."
SB-0662,intriguing,adj.,інтригуючий,Викликання бажання знати більше; таємничий.,needs-human,pending-r2-adjudication,No fresh R2 adjudication recorded; the R1 clean disposition is intentionally not inherited.,,R2 intake pending fresh stable-ID review,,
SB-0664,invisible,adj.,невидимий,Неможливо побачити; з поля зору; не видно.,needs-human,pending-r2-adjudication,No fresh R2 adjudication recorded; the R1 clean disposition is intentionally not inherited.,,R2 intake pending fresh stable-ID review,,
SB-0668,ironically,adv.,іронічно,В іронічній манері; певною мірою демонструючи іронію.,needs-human,pending-r2-adjudication,No fresh R2 adjudication recorded; the R1 clean disposition is intentionally not inherited.,,R2 intake pending fresh stable-ID review,,
SB-0671,isolation,n.,ізоляція,"Стан ізольованості, відчуженості або відокремленості; стан віддаленості від інших людей.",needs-human,pending-r2-adjudication,No fresh R2 adjudication recorded; the R1 clean disposition is intentionally not inherited.,,R2 intake pending fresh stable-ID review,,
SB-0672,judicial,adj.,судовий,Що стосується відправлення правосуддя.,needs-human,pending-r2-adjudication,No fresh R2 adjudication recorded; the R1 clean disposition is intentionally not inherited.,,R2 intake pending fresh stable-ID review,,
SB-0674,jurisdiction,n.,юрисдикція,"Влада, право чи повноваження тлумачити та застосовувати закон.",needs-human,pending-r2-adjudication,No fresh R2 adjudication recorded; the R1 clean disposition is intentionally not inherited.,,R2 intake pending fresh stable-ID review,,
SB-0676,justification,n.,виправдання,"Причина, пояснення або виправдання, які, на думку когось, надають переконливу, морально прийнятну підтримку для поведінки, віри чи події.",needs-human,pending-r2-adjudication,No fresh R2 adjudication recorded; the R1 clean disposition is intentionally not inherited.,,R2 intake pending fresh stable-ID review,,
SB-0678,kidney,n.,нирка,"Орган в організмі, який фільтрує кров, утворюючи сечу.",needs-human,pending-r2-adjudication,No fresh R2 adjudication recorded; the R1 clean disposition is intentionally not inherited.,,R2 intake pending fresh stable-ID review,,
SB-0681,landlord,n.,орендодавець,"Особа, яка здає в оренду нерухоме майно; орендодавець.",needs-human,pending-r2-adjudication,No fresh R2 adjudication recorded; the R1 clean disposition is intentionally not inherited.,,R2 intake pending fresh stable-ID review,,
SB-0685,laser,n.,лазер,"Пристрій, який створює монохроматичний когерентний пучок світла.",needs-human,pending-r2-adjudication,No fresh R2 adjudication recorded; the R1 clean disposition is intentionally not inherited.,,R2 intake pending fresh stable-ID review,,
SB-0687,lawn,n.,газон,"Земля (зазвичай перед або навколо будинку), вкрита травою, ретельно підкошена.",needs-human,pending-r2-adjudication,No fresh R2 adjudication recorded; the R1 clean disposition is intentionally not inherited.,,R2 intake pending fresh stable-ID review,,
SB-0688,lawsuit,n.,позов,"У цивільному праві — справа, у якій двоє або більше людей не погоджуються, і одна або більше сторін передають справу до суду для вирішення.",needs-human,pending-r2-adjudication,No fresh R2 adjudication recorded; the R1 clean disposition is intentionally not inherited.,,R2 intake pending fresh stable-ID review,,
SB-0689,layout,n.,макет,Структуроване розташування елементів у певних межах.,needs-human,pending-r2-adjudication,No fresh R2 adjudication recorded; the R1 clean disposition is intentionally not inherited.,,R2 intake pending fresh stable-ID review,,
SB-0692,legacy,n.,спадок,Щось успадковане від попередника чи минулого.,needs-human,pending-r2-adjudication,No fresh R2 adjudication recorded; the R1 clean disposition is intentionally not inherited.,,R2 intake pending fresh stable-ID review,,
SB-0693,legendary,adj.,легендарний,"Маючи неймовірну велич; чудовий до такої міри, щоб викликати історії.",needs-human,pending-r2-adjudication,No fresh R2 adjudication recorded; the R1 clean disposition is intentionally not inherited.,,R2 intake pending fresh stable-ID review,,
SB-0694,legislation,n.,законодавство,"Закон, прийнятий законодавчим або іншим керівним органом.",needs-human,pending-r2-adjudication,No fresh R2 adjudication recorded; the R1 clean disposition is intentionally not inherited.,,R2 intake pending fresh stable-ID review,,
SB-0695,legislative,adj.,законодавчий,Створення закону або законів або наявність повноважень приймати закони; правотворчість.,needs-human,pending-r2-adjudication,No fresh R2 adjudication recorded; the R1 clean disposition is intentionally not inherited.,,R2 intake pending fresh stable-ID review,,
SB-0697,legitimate,adj.,законний,Відповідно до закону або встановлених правових форм і вимог.,needs-human,pending-r2-adjudication,No fresh R2 adjudication recorded; the R1 clean disposition is intentionally not inherited.,,R2 intake pending fresh stable-ID review,,
SB-0700,lesser,adj.,менший,"З двох (або, рідше, більше двох) речей: меншої за розміром (менше), за цінністю, за важливістю тощо.",needs-human,pending-r2-adjudication,No fresh R2 adjudication recorded; the R1 clean disposition is intentionally not inherited.,,R2 intake pending fresh stable-ID review,,
SB-0704,liberation,n.,звільнення,Акт звільнення або стан звільнення.,needs-human,pending-r2-adjudication,No fresh R2 adjudication recorded; the R1 clean disposition is intentionally not inherited.,,R2 intake pending fresh stable-ID review,,
SB-0709,limb,n.,кінцівка,"Основний відросток людини або тварини, який використовується для пересування (наприклад, рука, нога або крило).",needs-human,pending-r2-adjudication,No fresh R2 adjudication recorded; the R1 clean disposition is intentionally not inherited.,,R2 intake pending fresh stable-ID review,,
SB-0710,linear,adj.,лінійний,Має форму лінії; прямі або приблизно прямі; за прямим курсом.,P1,grammar-syntax,"After singular 'Має форму лінії', the gloss shifts to plural adjectives 'прямі ... прямі'.",high,Codex seed-20260914 blinded acceptance challenge,,
SB-0711,line-up,n.,склад учасників; програма,"Склад людей або виконавців, які беруть участь у події, команді чи програмі.",needs-human,pending-r2-adjudication,No fresh R2 adjudication recorded; the R1 clean disposition is intentionally not inherited.,,R2 intake pending fresh stable-ID review,,
SB-0713,listing,n.,список,Запис у списку або каталозі.,needs-human,pending-r2-adjudication,No fresh R2 adjudication recorded; the R1 clean disposition is intentionally not inherited.,,R2 intake pending fresh stable-ID review,,
SB-0714,literacy,n.,грамотність,Уміння читати і писати.,needs-human,pending-r2-adjudication,No fresh R2 adjudication recorded; the R1 clean disposition is intentionally not inherited.,,R2 intake pending fresh stable-ID review,,
SB-0715,liver,n.,печінка,"Великий орган в організмі, який зберігає та метаболізує поживні речовини, знищує токсини та виробляє жовч. Він відповідає за тисячі біохімічних реакцій.",needs-human,pending-r2-adjudication,No fresh R2 adjudication recorded; the R1 clean disposition is intentionally not inherited.,,R2 intake pending fresh stable-ID review,,
SB-0718,logic,n.,логіка,"Метод людського мислення, який передбачає лінійне, поетапне мислення про те, як можна вирішити проблему. Логіка є основою багатьох принципів, включаючи науковий метод.",needs-human,pending-r2-adjudication,No fresh R2 adjudication recorded; the R1 clean disposition is intentionally not inherited.,,R2 intake pending fresh stable-ID review,,
SB-0719,long-standing,adj.,давній,Існуючи тривалий час; тривалого існування.,needs-human,pending-r2-adjudication,No fresh R2 adjudication recorded; the R1 clean disposition is intentionally not inherited.,,R2 intake pending fresh stable-ID review,,
SB-0720,long-time,adj.,давній,"Такий, що існує, триває або виконує певну роль протягом тривалого часу.",needs-human,pending-r2-adjudication,No fresh R2 adjudication recorded; the R1 clean disposition is intentionally not inherited.,,R2 intake pending fresh stable-ID review,,
SB-0723,loyalty,n.,вірність,"Вірність або відданість якійсь людині, справі чи нації.",needs-human,pending-r2-adjudication,No fresh R2 adjudication recorded; the R1 clean disposition is intentionally not inherited.,,R2 intake pending fresh stable-ID review,,
SB-0724,machinery,n.,машини,"Машини, що складають виробничий апарат на заводі тощо, разом.",P1,grammar-calque-fragment,Malformed word order: trailing 'разом' dangles at the end of the definition.,high,R1-listed defect; severity normalized to P1 by Codex acceptance review,definitionUa,"Машини, що разом складають виробничий апарат заводу тощо."
SB-0726,magistrate,n.,суддя,"Судовий службовець з обмеженими повноваженнями для адміністрування та забезпечення виконання закону. Магістратський суд може мати юрисдикцію в цивільних або кримінальних справах, або в обох.",needs-human,pending-r2-adjudication,No fresh R2 adjudication recorded; the R1 clean disposition is intentionally not inherited.,,R2 intake pending fresh stable-ID review,,
SB-0728,magnitude,n.,величина,"Абсолютний або відносний розмір, ступінь або важливість чогось.",needs-human,pending-r2-adjudication,No fresh R2 adjudication recorded; the R1 clean disposition is intentionally not inherited.,,R2 intake pending fresh stable-ID review,,
SB-0729,mainland,n.,материк,"Континент; основна земля, на відміну від островів або півострова.",needs-human,pending-r2-adjudication,No fresh R2 adjudication recorded; the R1 clean disposition is intentionally not inherited.,,R2 intake pending fresh stable-ID review,,
SB-0730,mainstream,"n., adj.",мейнстрим; загальноприйнятий напрям,"Те, що загальне; норма.",needs-human,pending-r2-adjudication,No fresh R2 adjudication recorded; the R1 clean disposition is intentionally not inherited.,,R2 intake pending fresh stable-ID review,,
SB-0732,mandate,n.,мандат; офіційні повноваження,Офіційна або авторитетна команда; наказ чи розпорядження; комісія; судовий припис; дозвіл.,needs-human,pending-r2-adjudication,No fresh R2 adjudication recorded; the R1 clean disposition is intentionally not inherited.,,R2 intake pending fresh stable-ID review,,
SB-0733,mandatory,adj.,обов'язковий,обов'язковий; вимагається або наказується владою.,needs-human,pending-r2-adjudication,No fresh R2 adjudication recorded; the R1 clean disposition is intentionally not inherited.,,R2 intake pending fresh stable-ID review,,
SB-0736,manipulation,n.,маніпуляція,Практика маніпулювання або стан маніпулювання.,needs-human,pending-r2-adjudication,No fresh R2 adjudication recorded; the R1 clean disposition is intentionally not inherited.,,R2 intake pending fresh stable-ID review,,
SB-0737,manuscript,n.,рукопис,"Книга, твір або будь-який інший документ, написаний від руки (або машинописний), не відтворений механічно.",P2,semantic-scope,"The handwritten/typewritten, not mechanically reproduced definition is dated and omits modern unpublished manuscript use.",medium,Codex seed-20260914 blinded acceptance challenge,,
SB-0740,marine,adj.,морський,Приналежність або характеристика моря; існуючі або знайдені в морі; утворені або вироблені морем.,needs-human,pending-r2-adjudication,No fresh R2 adjudication recorded; the R1 clean disposition is intentionally not inherited.,,R2 intake pending fresh stable-ID review,,
SB-0741,marketplace,n.,ринок,Світ комерції та торгівлі.,needs-human,pending-r2-adjudication,No fresh R2 adjudication recorded; the R1 clean disposition is intentionally not inherited.,,R2 intake pending fresh stable-ID review,,
SB-0742,mask,n.,маска,"Покриття, або часткове покриття, для обличчя, яке використовується для маскування або захисту.",needs-human,pending-r2-adjudication,No fresh R2 adjudication recorded; the R1 clean disposition is intentionally not inherited.,,R2 intake pending fresh stable-ID review,,
SB-0743,massacre,n.,різанина,"Вбивство значної кількості (зазвичай обмежене людьми), де спротив чинити незначний або взагалі відсутній, із застосуванням невибіркового насильства, без необхідності та/або всупереч цивілізованим нормам.",needs-human,pending-r2-adjudication,No fresh R2 adjudication recorded; the R1 clean disposition is intentionally not inherited.,,R2 intake pending fresh stable-ID review,,
SB-0746,maximize,v.,максимізувати,Зробити якомога більшим.,needs-human,pending-r2-adjudication,No fresh R2 adjudication recorded; the R1 clean disposition is intentionally not inherited.,,R2 intake pending fresh stable-ID review,,
SB-0747,meaningful,adj.,значущий,"Має значення, значний.",needs-human,pending-r2-adjudication,No fresh R2 adjudication recorded; the R1 clean disposition is intentionally not inherited.,,R2 intake pending fresh stable-ID review,,
SB-0748,meantime,n.,тим часом,"Час, витрачений на очікування іншої події; час між ними.",needs-human,pending-r2-adjudication,No fresh R2 adjudication recorded; the R1 clean disposition is intentionally not inherited.,,R2 intake pending fresh stable-ID review,,
SB-0749,medieval,adj.,середньовічний,"Середньовіччя або пов’язане з ним, період приблизно з 500 до 1500 року нашої ери.",P1,pos-morphology-mismatch,Adjective 'medieval' defined starting with the noun 'Середньовіччя'; POS mismatch.,medium,R1-listed defect; severity normalized to P1 by Codex acceptance review,definitionUa,"Такий, що стосується Середньовіччя (приблизно 500–1500 рр. н.е.) або пов'язаний з ним."
SB-0751,melody,n.,мелодія,"Послідовність нот, що складає музичну фразу.",needs-human,pending-r2-adjudication,No fresh R2 adjudication recorded; the R1 clean disposition is intentionally not inherited.,,R2 intake pending fresh stable-ID review,,
SB-0752,memo,n.,записка,Коротка записка; меморандум.,needs-human,pending-r2-adjudication,No fresh R2 adjudication recorded; the R1 clean disposition is intentionally not inherited.,,R2 intake pending fresh stable-ID review,,
SB-0753,memoir,n.,мемуари,"автобіографія; книга, що описує особистий досвід автора.",needs-human,pending-r2-adjudication,No fresh R2 adjudication recorded; the R1 clean disposition is intentionally not inherited.,,R2 intake pending fresh stable-ID review,,
SB-0754,memorial,n.,меморіал,"Щось, наприклад пам'ятник, яким хтось або щось згадується.",needs-human,pending-r2-adjudication,No fresh R2 adjudication recorded; the R1 clean disposition is intentionally not inherited.,,R2 intake pending fresh stable-ID review,,
SB-0755,mentor,n.,ментор,Мудрий і надійний порадник або вчитель.,needs-human,pending-r2-adjudication,No fresh R2 adjudication recorded; the R1 clean disposition is intentionally not inherited.,,R2 intake pending fresh stable-ID review,,
SB-0756,merchant,n.,купець,"Людина, яка торгує товарами з метою отримання прибутку.",needs-human,pending-r2-adjudication,No fresh R2 adjudication recorded; the R1 clean disposition is intentionally not inherited.,,R2 intake pending fresh stable-ID review,,
SB-0757,mercy,n.,милосердя,"Прощення або співчуття, особливо до тих, кому пощастило менше.",needs-human,pending-r2-adjudication,No fresh R2 adjudication recorded; the R1 clean disposition is intentionally not inherited.,,R2 intake pending fresh stable-ID review,,
SB-0760,merge,v.,злити,Поєднати в ціле.,needs-human,pending-r2-adjudication,No fresh R2 adjudication recorded; the R1 clean disposition is intentionally not inherited.,,R2 intake pending fresh stable-ID review,,
SB-0761,merger,n.,злиття,"Юридичне об’єднання двох або більше корпорацій в одну юридичну особу, активи та зобов’язання, як правило, бере на себе сторона-покупець.",needs-human,pending-r2-adjudication,No fresh R2 adjudication recorded; the R1 clean disposition is intentionally not inherited.,,R2 intake pending fresh stable-ID review,,
SB-0762,merit,n.,заслуга,"Щось, що заслуговує або гідне позитивного визнання чи винагороди.",needs-human,pending-r2-adjudication,No fresh R2 adjudication recorded; the R1 clean disposition is intentionally not inherited.,,R2 intake pending fresh stable-ID review,,
SB-0763,methodology,n.,методологія,"Набір методів, практик, процедур і правил, які використовують ті, хто працює в певній сфері.",needs-human,pending-r2-adjudication,No fresh R2 adjudication recorded; the R1 clean disposition is intentionally not inherited.,,R2 intake pending fresh stable-ID review,,
SB-0764,midst,n.,посеред,Місце в середині чого-небудь; може використовуватися в буквальному або метафоричному значенні.,needs-human,pending-r2-adjudication,No fresh R2 adjudication recorded; the R1 clean disposition is intentionally not inherited.,,R2 intake pending fresh stable-ID review,,
SB-0765,migration,n.,міграція,Випадок переїзду на деякий час жити в інше місце.,needs-human,pending-r2-adjudication,No fresh R2 adjudication recorded; the R1 clean disposition is intentionally not inherited.,,R2 intake pending fresh stable-ID review,,
SB-0768,mill,n.,млин,"Пристрій для подрібнення таких речовин, як зерно, насіння тощо (деякі малі та прості, а інші великі та складні).",needs-human,pending-r2-adjudication,No fresh R2 adjudication recorded; the R1 clean disposition is intentionally not inherited.,,R2 intake pending fresh stable-ID review,,
SB-0769,minimal,adj.,мінімальний,"Найменша можлива сума, кількість або ступінь.",needs-human,pending-r2-adjudication,No fresh R2 adjudication recorded; the R1 clean disposition is intentionally not inherited.,,R2 intake pending fresh stable-ID review,,
SB-0770,minimize,v.,мінімізувати,Зробити (щось) менше або якомога менше; скорочуватися; зменшити.,needs-human,pending-r2-adjudication,No fresh R2 adjudication recorded; the R1 clean disposition is intentionally not inherited.,,R2 intake pending fresh stable-ID review,,
SB-0771,mining,n.,видобуток,Діяльність із вилучення цінних ресурсів (часто мінералів) із землі.,needs-human,pending-r2-adjudication,No fresh R2 adjudication recorded; the R1 clean disposition is intentionally not inherited.,,R2 intake pending fresh stable-ID review,,
SB-0774,miracle,n.,чудо,"Подія, яка здається незрозумілою за законами природи і тому вважається надприродною за походженням.",needs-human,pending-r2-adjudication,No fresh R2 adjudication recorded; the R1 clean disposition is intentionally not inherited.,,R2 intake pending fresh stable-ID review,,
SB-0775,misery,n.,страждання,Велике нещастя; сильний біль тіла або розуму; убогість; дистрес; горе.,needs-human,pending-r2-adjudication,No fresh R2 adjudication recorded; the R1 clean disposition is intentionally not inherited.,,R2 intake pending fresh stable-ID review,,
SB-0776,misleading,adj.,оманливий,"Оманливий або схильний вводити в оману чи створювати хибне враження, навіть якщо технічно відповідає дійсності.",needs-human,pending-r2-adjudication,No fresh R2 adjudication recorded; the R1 clean disposition is intentionally not inherited.,,R2 intake pending fresh stable-ID review,,
SB-0779,mobility,n.,мобільність,Здатність до пересування; здатність до руху.,needs-human,pending-r2-adjudication,No fresh R2 adjudication recorded; the R1 clean disposition is intentionally not inherited.,,R2 intake pending fresh stable-ID review,,
SB-0782,modification,n.,модифікація,Результат модифікації чогось; нову або змінену форму.,needs-human,pending-r2-adjudication,No fresh R2 adjudication recorded; the R1 clean disposition is intentionally not inherited.,,R2 intake pending fresh stable-ID review,,
SB-0784,monk,n.,чернець,"Чоловічий член чернечого ордену, який присвятив своє життя релігійному служінню.",needs-human,pending-r2-adjudication,No fresh R2 adjudication recorded; the R1 clean disposition is intentionally not inherited.,,R2 intake pending fresh stable-ID review,,
SB-0787,motive,n.,мотив,"Стимул діяти певним чином; причина або емоція, яка спонукає щось зробити; все, що спонукає до вибору дії.",needs-human,pending-r2-adjudication,No fresh R2 adjudication recorded; the R1 clean disposition is intentionally not inherited.,,R2 intake pending fresh stable-ID review,,
SB-0788,motorist,n.,автомобіліст,"Той, хто керує транспортним засобом.",needs-human,pending-r2-adjudication,No fresh R2 adjudication recorded; the R1 clean disposition is intentionally not inherited.,,R2 intake pending fresh stable-ID review,,
SB-0789,municipal,adj.,муніципальний,"Муніципалітет або пов’язаний з муніципалітетом (місто чи корпорація, яка має право керувати місцевим урядом).",needs-human,pending-r2-adjudication,No fresh R2 adjudication recorded; the R1 clean disposition is intentionally not inherited.,,R2 intake pending fresh stable-ID review,,
SB-0790,mutual,adj.,взаємний,"Маючи однакові відносини, один до одного.",needs-human,pending-r2-adjudication,No fresh R2 adjudication recorded; the R1 clean disposition is intentionally not inherited.,,R2 intake pending fresh stable-ID review,,
SB-0791,namely,adv.,а саме,Зокрема; тобто.,needs-human,pending-r2-adjudication,No fresh R2 adjudication recorded; the R1 clean disposition is intentionally not inherited.,,R2 intake pending fresh stable-ID review,,
SB-0792,nationwide,adj.,загальнонаціональний,Поширюється на всю націю.,needs-human,pending-r2-adjudication,No fresh R2 adjudication recorded; the R1 clean disposition is intentionally not inherited.,,R2 intake pending fresh stable-ID review,,
SB-0794,neglect,"v., n.",нехтувати,Не дбати про щось або не звертати уваги.,needs-human,pending-r2-adjudication,No fresh R2 adjudication recorded; the R1 clean disposition is intentionally not inherited.,,R2 intake pending fresh stable-ID review,,
SB-0795,neighbouring,adj.,сусідній,Розташований поруч або поблизу іншого місця чи території.,needs-human,pending-r2-adjudication,No fresh R2 adjudication recorded; the R1 clean disposition is intentionally not inherited.,,R2 intake pending fresh stable-ID review,,
SB-0796,nest,n.,гніздо,"Споруда, побудована птахом як місце для висиджування яєць і вирощування молодняку.",needs-human,pending-r2-adjudication,No fresh R2 adjudication recorded; the R1 clean disposition is intentionally not inherited.,,R2 intake pending fresh stable-ID review,,
SB-0797,net,adj.,чистий,Залишок після витрат або відрахувань.,P1,pos-morphology-mismatch,Adjective 'net' defined with noun head 'Залишок' (remainder); POS mismatch.,high,R1-listed defect; severity normalized to P1 by Codex acceptance review,definitionUa,"Такий, що залишається після витрат або відрахувань; чистий (про суму)."
SB-0799,niche,n.,ніша,"Будь-яка позиція можливостей, для якої вона добре підходить, наприклад певний ринок у бізнесі.",needs-human,pending-r2-adjudication,No fresh R2 adjudication recorded; the R1 clean disposition is intentionally not inherited.,,R2 intake pending fresh stable-ID review,,
SB-0800,noble,adj.,благородний,"Наявність почесних якостей; мати моральну висоту та свободу від будь-чого дрібного, підлого чи сумнівного в поведінці та характері.",needs-human,pending-r2-adjudication,No fresh R2 adjudication recorded; the R1 clean disposition is intentionally not inherited.,,R2 intake pending fresh stable-ID review,,
SB-0801,nod,v.,кивати,"Нахилити голову вгору-вниз, щоб показати згоду.",needs-human,pending-r2-adjudication,No fresh R2 adjudication recorded; the R1 clean disposition is intentionally not inherited.,,R2 intake pending fresh stable-ID review,,
SB-0802,nominate,v.,номінувати,"Назвати когось кандидатом на певну роль або посаду, включно з посадою.",needs-human,pending-r2-adjudication,No fresh R2 adjudication recorded; the R1 clean disposition is intentionally not inherited.,,R2 intake pending fresh stable-ID review,,
SB-0806,non-profit,adj.,неприбутковий,"Організація або діяльність, основною метою якої не є отримання прибутку.",needs-human,pending-r2-adjudication,No fresh R2 adjudication recorded; the R1 clean disposition is intentionally not inherited.,,R2 intake pending fresh stable-ID review,,
SB-0807,nonsense,n.,нісенітниця,"Те, що є дурним, нелогічним і позбавленим будь-якого сенсу, причини чи цінності; те, що не має сенсу.",needs-human,pending-r2-adjudication,No fresh R2 adjudication recorded; the R1 clean disposition is intentionally not inherited.,,R2 intake pending fresh stable-ID review,,
SB-0808,noon,n.,полудень,"Час доби, коли здається, що Сонце досягає найвищої точки на небі; сонячний полудень.",needs-human,pending-r2-adjudication,No fresh R2 adjudication recorded; the R1 clean disposition is intentionally not inherited.,,R2 intake pending fresh stable-ID review,,
SB-0810,notably,adv.,особливо,Як яскравий приклад; помітним чином.,needs-human,pending-r2-adjudication,No fresh R2 adjudication recorded; the R1 clean disposition is intentionally not inherited.,,R2 intake pending fresh stable-ID review,,
SB-0811,notify,v.,повідомляти,Повідомити (когось) (про якусь подію).,needs-human,pending-r2-adjudication,No fresh R2 adjudication recorded; the R1 clean disposition is intentionally not inherited.,,R2 intake pending fresh stable-ID review,,
SB-0812,notorious,adj.,горезвісний,Про особу чи організацію: загально чи широко відома чимось негативним; сумно відомий.,needs-human,pending-r2-adjudication,No fresh R2 adjudication recorded; the R1 clean disposition is intentionally not inherited.,,R2 intake pending fresh stable-ID review,,
SB-0821,odds,n.,шанси,"Відношення ймовірності події до ймовірності того, що вона не відбудеться.",needs-human,pending-r2-adjudication,No fresh R2 adjudication recorded; the R1 clean disposition is intentionally not inherited.,,R2 intake pending fresh stable-ID review,,
SB-0822,offering,n.,пропозиція,"Акт, за допомогою якого щось пропонується.",needs-human,pending-r2-adjudication,No fresh R2 adjudication recorded; the R1 clean disposition is intentionally not inherited.,,R2 intake pending fresh stable-ID review,,
SB-0823,offspring,n.,потомство,дочка чи син людини; дитина людини.,needs-human,pending-r2-adjudication,No fresh R2 adjudication recorded; the R1 clean disposition is intentionally not inherited.,,R2 intake pending fresh stable-ID review,,
SB-0825,opt,v.,обирати; робити вибір,Вибирати; вибрати.,needs-human,pending-r2-adjudication,No fresh R2 adjudication recorded; the R1 clean disposition is intentionally not inherited.,,R2 intake pending fresh stable-ID review,,
SB-0827,optimism,n.,оптимізм,"схильність очікувати найкращого або, принаймні, сприятливого результату",needs-human,pending-r2-adjudication,No fresh R2 adjudication recorded; the R1 clean disposition is intentionally not inherited.,,R2 intake pending fresh stable-ID review,,
SB-0833,outing,n.,виїзд,Прогулянка або екскурсія.,needs-human,pending-r2-adjudication,No fresh R2 adjudication recorded; the R1 clean disposition is intentionally not inherited.,,R2 intake pending fresh stable-ID review,,
SB-0837,outsider,n.,сторонній,"Той, хто не є частиною спільноти чи організації.",needs-human,pending-r2-adjudication,No fresh R2 adjudication recorded; the R1 clean disposition is intentionally not inherited.,,R2 intake pending fresh stable-ID review,,
SB-0839,overly,adv.,надмірно,У надмірній мірі.,needs-human,pending-r2-adjudication,No fresh R2 adjudication recorded; the R1 clean disposition is intentionally not inherited.,,R2 intake pending fresh stable-ID review,,
SB-0840,oversee,v.,наглядати,"Контролювати, направляти, переглядати або керувати діями особи чи групи.",P1,semantic-pedagogical-error,Includes off-sense verbs 'переглядати/направляти' for oversee; oversee = наглядати/контролювати.,medium,R1-listed defect; severity normalized to P1 by Codex acceptance review,definitionUa,"Наглядати, контролювати або керувати діями особи чи групи."
SB-0842,overwhelm,v.,переповнювати,Емоційно долати.,needs-human,pending-r2-adjudication,No fresh R2 adjudication recorded; the R1 clean disposition is intentionally not inherited.,,R2 intake pending fresh stable-ID review,,
SB-0845,parameter,n.,параметр,"Значення, яке залишається постійним під час експерименту, рівняння, розрахунку чи подібного, але змінюється в інших версіях експерименту, рівняння, розрахунку тощо.",needs-human,pending-r2-adjudication,No fresh R2 adjudication recorded; the R1 clean disposition is intentionally not inherited.,,R2 intake pending fresh stable-ID review,,
SB-0846,parental,adj.,батьківський,Що стосується одного з батьків.,needs-human,pending-r2-adjudication,No fresh R2 adjudication recorded; the R1 clean disposition is intentionally not inherited.,,R2 intake pending fresh stable-ID review,,
SB-0847,parish,n.,парафія,"Адміністративна частина єпархії, яка має власну церкву.",needs-human,pending-r2-adjudication,No fresh R2 adjudication recorded; the R1 clean disposition is intentionally not inherited.,,R2 intake pending fresh stable-ID review,,
SB-0848,parliamentary,adj.,парламентський,"З, пов’язані з парламентом або ухвалені ним.",needs-human,pending-r2-adjudication,No fresh R2 adjudication recorded; the R1 clean disposition is intentionally not inherited.,,R2 intake pending fresh stable-ID review,,
SB-0852,passive,adj.,пасивний,Піддаватися дії без реакції.,needs-human,pending-r2-adjudication,No fresh R2 adjudication recorded; the R1 clean disposition is intentionally not inherited.,,R2 intake pending fresh stable-ID review,,
SB-0853,pastor,n.,пастор,Хтось із духовною владою над групою людей.,needs-human,pending-r2-adjudication,No fresh R2 adjudication recorded; the R1 clean disposition is intentionally not inherited.,,R2 intake pending fresh stable-ID review,,
SB-0854,patch,n.,латка,"Шматок тканини або іншого відповідного матеріалу, пришитий або іншим чином закріплений на одязі, щоб відремонтувати або зміцнити його, особливо на старому одязі, щоб закрити дірку.",needs-human,pending-r2-adjudication,No fresh R2 adjudication recorded; the R1 clean disposition is intentionally not inherited.,,R2 intake pending fresh stable-ID review,,
SB-0856,pathway,n.,шлях,Пішохідна доріжка або інший шлях чи доріжка.,needs-human,pending-r2-adjudication,No fresh R2 adjudication recorded; the R1 clean disposition is intentionally not inherited.,,R2 intake pending fresh stable-ID review,,
SB-0859,peak,n.,пік,"Найвище значення, досягнуте певною величиною за період часу.",needs-human,pending-r2-adjudication,No fresh R2 adjudication recorded; the R1 clean disposition is intentionally not inherited.,,R2 intake pending fresh stable-ID review,,
SB-0860,peasant,n.,селянин,"Член нижчого соціального класу, який працює на землі, складається з дрібних фермерів і орендарів, пайовиків, батраків та інших робітників на землі, де вони утворюють основну робочу силу в сільському господарстві та садівни...",needs-human,pending-r2-adjudication,No fresh R2 adjudication recorded; the R1 clean disposition is intentionally not inherited.,,R2 intake pending fresh stable-ID review,,
SB-0864,personnel,n.,персонал,"Група людей в організації, як-от співробітники та офісний персонал, військовослужбовці тощо.",needs-human,pending-r2-adjudication,No fresh R2 adjudication recorded; the R1 clean disposition is intentionally not inherited.,,R2 intake pending fresh stable-ID review,,
SB-0865,petition,n.,петиція,"Офіційний письмовий запит, зроблений окремою особою чи групою людей до суверенної чи політичної влади, який часто містить багато підписів, із проханням про якусь благодать, право, милосердя або виправлення якоїсь кривди чи...",needs-human,pending-r2-adjudication,No fresh R2 adjudication recorded; the R1 clean disposition is intentionally not inherited.,,R2 intake pending fresh stable-ID review,,
SB-0868,physician,n.,лікар,"Лікар, який отримав підготовку в медицині.",needs-human,pending-r2-adjudication,No fresh R2 adjudication recorded; the R1 clean disposition is intentionally not inherited.,,R2 intake pending fresh stable-ID review,,
SB-0870,pipeline,n.,трубопровід,"Трубопровід із труб, який використовується для транспортування води, газу чи нафти тощо.",P2,learner-register,'Трубопровід із труб' is circular and adds little beyond the headword.,medium,Codex seed-20260914 blinded acceptance challenge,,
SB-0871,pirate,n.,пірат,"Злочинець, який грабує на морі; зазвичай нападають на торговельні судна, хоча часто грабують портові міста.",needs-human,pending-r2-adjudication,No fresh R2 adjudication recorded; the R1 clean disposition is intentionally not inherited.,,R2 intake pending fresh stable-ID review,,
SB-0872,pit,n.,яма,Яма в землі.,needs-human,pending-r2-adjudication,No fresh R2 adjudication recorded; the R1 clean disposition is intentionally not inherited.,,R2 intake pending fresh stable-ID review,,
SB-0873,plea,n.,прохання,"Звернення, прохання, настійна молитва чи благання.",needs-human,pending-r2-adjudication,No fresh R2 adjudication recorded; the R1 clean disposition is intentionally not inherited.,,R2 intake pending fresh stable-ID review,,
SB-0877,plunge,v.,зануритися,"Пірнати, стрибати або кидатися (у воду або якусь рідину); занурюватися.",needs-human,pending-r2-adjudication,No fresh R2 adjudication recorded; the R1 clean disposition is intentionally not inherited.,,R2 intake pending fresh stable-ID review,,
SB-0878,pole,n.,стовп,"Первісно — палиця; тепер конкретно, довгий і тонкий шматок металу або (особливо) дерева, що використовується для різних будівельних або опорних цілей.",P2,semantic-scope,The 'originally ... now specifically' framing is unsupported and narrows pole to construction/support uses.,medium,Codex seed-20260914 blinded acceptance challenge,,
SB-0879,poll,n.,опитування,"Опитування людей, зазвичай зі статистичним аналізом для оцінки ширшої громадської думки.",needs-human,pending-r2-adjudication,No fresh R2 adjudication recorded; the R1 clean disposition is intentionally not inherited.,,R2 intake pending fresh stable-ID review,,
SB-0880,pond,n.,ставок,"Внутрішня водойма зі стоячою водою, природна чи створена людиною, менша за озеро.",needs-human,pending-r2-adjudication,No fresh R2 adjudication recorded; the R1 clean disposition is intentionally not inherited.,,R2 intake pending fresh stable-ID review,,
SB-0882,portfolio,n.,портфоліо,"Група інвестицій та інших активів, якими володіє інвестор.",needs-human,pending-r2-adjudication,No fresh R2 adjudication recorded; the R1 clean disposition is intentionally not inherited.,,R2 intake pending fresh stable-ID review,,
SB-0883,portray,v.,зображувати,"Грати роль; для зображення персонажа, людини, ситуації чи події.",needs-human,pending-r2-adjudication,No fresh R2 adjudication recorded; the R1 clean disposition is intentionally not inherited.,,R2 intake pending fresh stable-ID review,,
SB-0885,post-war,adj.,післявоєнний,Відноситься до періоду часу відразу після закінчення війни; де є припинення конфлікту.,P1,russianism-calque,"'Відноситься до' is a Russian-pattern calque here, and 'де є припинення конфлікту' is an ill-formed appended clause.",high,Codex seed-20260914 blinded acceptance challenge,,
SB-0886,practitioner,n.,практик,"Людина, яка займається професією чи мистецтвом, особливо правом чи медициною.",needs-human,pending-r2-adjudication,No fresh R2 adjudication recorded; the R1 clean disposition is intentionally not inherited.,,R2 intake pending fresh stable-ID review,,
SB-0887,preach,v.,проповідувати,Проголошувати публічним дискурсом; виголошувати в проповіді чи офіційній релігійній промові.,needs-human,pending-r2-adjudication,No fresh R2 adjudication recorded; the R1 clean disposition is intentionally not inherited.,,R2 intake pending fresh stable-ID review,,
SB-0888,precedent,n.,прецедент,"Дія в минулому, яку можна використати як приклад, щоб допомогти визначити результат подібних випадків у майбутньому.",needs-human,pending-r2-adjudication,No fresh R2 adjudication recorded; the R1 clean disposition is intentionally not inherited.,,R2 intake pending fresh stable-ID review,,
SB-0890,predator,n.,хижак,"Будь-яка тварина чи інший організм, який полює та вбиває інші нерослинні організми (їхню здобич), головним чином для їжі.",needs-human,pending-r2-adjudication,No fresh R2 adjudication recorded; the R1 clean disposition is intentionally not inherited.,,R2 intake pending fresh stable-ID review,,
SB-0892,predominantly,adv.,переважно,Переважним чином. Найчастіше або часто з великим відривом.,needs-human,pending-r2-adjudication,No fresh R2 adjudication recorded; the R1 clean disposition is intentionally not inherited.,,R2 intake pending fresh stable-ID review,,
SB-0894,prejudice,n.,упередження,"Негативне судження чи думка, сформовані заздалегідь або без знання фактів.",needs-human,pending-r2-adjudication,No fresh R2 adjudication recorded; the R1 clean disposition is intentionally not inherited.,,R2 intake pending fresh stable-ID review,,
SB-0895,preliminary,adj.,попередній,"При підготовці до основної справи; початковий, вступний, підготовчий.",needs-human,pending-r2-adjudication,No fresh R2 adjudication recorded; the R1 clean disposition is intentionally not inherited.,,R2 intake pending fresh stable-ID review,,
SB-0896,premier,n.,прем'єр,Глава уряду в парламенті та лідер кабінету.,needs-human,pending-r2-adjudication,No fresh R2 adjudication recorded; the R1 clean disposition is intentionally not inherited.,,R2 intake pending fresh stable-ID review,,
SB-0899,prescribe,v.,призначати,Замовити (лікарський засіб або медичний пристрій) для використання конкретним пацієнтом (за ліцензією).,P1,semantic-pedagogical,The definition uses 'Замовити' (order/purchase) for prescribe instead of 'призначити'.,high,Codex seed-20260914 blinded acceptance challenge,,
SB-0900,prescription,n.,рецепт,"Письмове розпорядження від уповноваженого практикуючого лікаря про надання ліків або інше лікування, наприклад (офтальмологічне) спеціальні лінзи, необхідні для пари окулярів.",needs-human,pending-r2-adjudication,No fresh R2 adjudication recorded; the R1 clean disposition is intentionally not inherited.,,R2 intake pending fresh stable-ID review,,
SB-0903,preside,v.,головувати,Діяти як президент або голова.,needs-human,pending-r2-adjudication,No fresh R2 adjudication recorded; the R1 clean disposition is intentionally not inherited.,,R2 intake pending fresh stable-ID review,,
SB-0904,presidency,n.,президентство,Посада або роль президента.,needs-human,pending-r2-adjudication,No fresh R2 adjudication recorded; the R1 clean disposition is intentionally not inherited.,,R2 intake pending fresh stable-ID review,,
SB-0905,presidential,adj.,президентський,Що стосується президента чи президентства.,needs-human,pending-r2-adjudication,No fresh R2 adjudication recorded; the R1 clean disposition is intentionally not inherited.,,R2 intake pending fresh stable-ID review,,
SB-0906,prestigious,adj.,престижний,Високого престижу.,needs-human,pending-r2-adjudication,No fresh R2 adjudication recorded; the R1 clean disposition is intentionally not inherited.,,R2 intake pending fresh stable-ID review,,
SB-0907,presumably,adv.,мабуть,Здатний бути розумно припущеним.,P1,pos-morphology,Adverb presumably is defined as the adjective presumable: 'Здатний бути ... припущеним'.,high,Codex seed-20260914 blinded acceptance challenge,,
SB-0910,prevalence,n.,поширеність,Якість або умова переважання; широке розширення або поширення.,needs-human,pending-r2-adjudication,No fresh R2 adjudication recorded; the R1 clean disposition is intentionally not inherited.,,R2 intake pending fresh stable-ID review,,
SB-0911,prevention,n.,профілактика,"Будь-які заходи, спрямовані на обмеження ризиків для здоров’я (такі як інформаційні кампанії, вакцинація, рання діагностика тощо).",needs-human,pending-r2-adjudication,No fresh R2 adjudication recorded; the R1 clean disposition is intentionally not inherited.,,R2 intake pending fresh stable-ID review,,
SB-0912,prey,n.,здобич,"Жива істота, зазвичай тварина, яку їсть інша жива істота.",needs-human,pending-r2-adjudication,No fresh R2 adjudication recorded; the R1 clean disposition is intentionally not inherited.,,R2 intake pending fresh stable-ID review,,
SB-0914,privatization,n.,приватизація,Передача компанії або організації з державної власності та контролю в приватну.,needs-human,pending-r2-adjudication,No fresh R2 adjudication recorded; the R1 clean disposition is intentionally not inherited.,,R2 intake pending fresh stable-ID review,,
SB-0915,privilege,n.,привілей,"Конкретна користь, перевага або послуга; право чи імунітет, яким користуються одні, але не інші; прерогатива, пільговий режим.",needs-human,pending-r2-adjudication,No fresh R2 adjudication recorded; the R1 clean disposition is intentionally not inherited.,,R2 intake pending fresh stable-ID review,,
SB-0917,problematic,adj.,проблематичний,Постановка проблеми; мати або страждати від проблеми(-й):,needs-human,pending-r2-adjudication,No fresh R2 adjudication recorded; the R1 clean disposition is intentionally not inherited.,,R2 intake pending fresh stable-ID review,,
SB-0919,proceeds,n.,доходи,Дохід; валовий дохід.,needs-human,pending-r2-adjudication,No fresh R2 adjudication recorded; the R1 clean disposition is intentionally not inherited.,,R2 intake pending fresh stable-ID review,,
SB-0920,processing,n.,обробка,"Дія пошуку, зберігання, класифікації, обробки, передачі тощо даних, особливо за допомогою комп’ютерних технологій.",needs-human,pending-r2-adjudication,No fresh R2 adjudication recorded; the R1 clean disposition is intentionally not inherited.,,R2 intake pending fresh stable-ID review,,
SB-0921,processor,n.,процесор,"Пристрій, який обробляє, змінює щось (комп’ютерний процесор, кухонний комбайн тощо).",needs-human,pending-r2-adjudication,No fresh R2 adjudication recorded; the R1 clean disposition is intentionally not inherited.,,R2 intake pending fresh stable-ID review,,
SB-0924,productivity,n.,продуктивність,"Стан продуктивності, плідності або ефективності.",needs-human,pending-r2-adjudication,No fresh R2 adjudication recorded; the R1 clean disposition is intentionally not inherited.,,R2 intake pending fresh stable-ID review,,
SB-0925,profitable,adj.,прибутковий,Отримання прибутку.,needs-human,pending-r2-adjudication,No fresh R2 adjudication recorded; the R1 clean disposition is intentionally not inherited.,,R2 intake pending fresh stable-ID review,,
SB-0928,prominent,adj.,видатний,"Ймовірно, приверне увагу своїм розміром або розташуванням; помітний.",P2,pos-style,"The future clause 'Ймовірно, приверне' is awkward for an adjective though the intended sense remains recoverable.",medium,Codex seed-20260914 blinded acceptance challenge,,
SB-0930,propaganda,n.,пропаганда,"Агітація, реклама, публічна комунікація, спрямована на вплив на аудиторію та просування порядку денного.",needs-human,pending-r2-adjudication,No fresh R2 adjudication recorded; the R1 clean disposition is intentionally not inherited.,,R2 intake pending fresh stable-ID review,,
SB-0936,prosperity,n.,процвітання,Умова процвітання: наявність удачі та багатства.,needs-human,pending-r2-adjudication,No fresh R2 adjudication recorded; the R1 clean disposition is intentionally not inherited.,,R2 intake pending fresh stable-ID review,,
SB-0937,protective,adj.,захисний,Служить або призначений для захисту.,needs-human,pending-r2-adjudication,No fresh R2 adjudication recorded; the R1 clean disposition is intentionally not inherited.,,R2 intake pending fresh stable-ID review,,
SB-0938,protocol,n.,протокол,"Набір формальних правил, що описують, як передавати або обмінюватися даними, особливо через мережу.",needs-human,pending-r2-adjudication,No fresh R2 adjudication recorded; the R1 clean disposition is intentionally not inherited.,,R2 intake pending fresh stable-ID review,,
SB-0939,province,n.,провінція,"Адміністративний підрозділ деяких країн, зокрема Канади та Китаю.",needs-human,pending-r2-adjudication,No fresh R2 adjudication recorded; the R1 clean disposition is intentionally not inherited.,,R2 intake pending fresh stable-ID review,,
SB-0943,psychiatric,adj.,психіатричний,Психіатрія або пов'язана з нею.,needs-human,pending-r2-adjudication,No fresh R2 adjudication recorded; the R1 clean disposition is intentionally not inherited.,,R2 intake pending fresh stable-ID review,,
SB-0944,pulse,n.,пульс,"Зазвичай регулярне серцебиття відчувається, коли артерії поблизу шкіри (наприклад, на шиї чи зап’ясті) стиснуті, спричинене серцем, що прокачує через них кров.",needs-human,pending-r2-adjudication,No fresh R2 adjudication recorded; the R1 clean disposition is intentionally not inherited.,,R2 intake pending fresh stable-ID review,,
SB-0949,quota,n.,квота,"Зазначене число або відсоток, який може служити, наприклад, максимумом, мінімумом або ціллю.",needs-human,pending-r2-adjudication,No fresh R2 adjudication recorded; the R1 clean disposition is intentionally not inherited.,,R2 intake pending fresh stable-ID review,,
SB-0952,rage,n.,лють,Сильний неконтрольований гнів.,needs-human,pending-r2-adjudication,No fresh R2 adjudication recorded; the R1 clean disposition is intentionally not inherited.,,R2 intake pending fresh stable-ID review,,
SB-0955,ranking,n.,рейтинг,Відносне розміщення в списку.,needs-human,pending-r2-adjudication,No fresh R2 adjudication recorded; the R1 clean disposition is intentionally not inherited.,,R2 intake pending fresh stable-ID review,,
SB-0956,rape,"n., v.",зґвалтування,Примушувати (когось) до статевого акту чи інших сексуальних дій без його згоди.,needs-human,pending-r2-adjudication,No fresh R2 adjudication recorded; the R1 clean disposition is intentionally not inherited.,,R2 intake pending fresh stable-ID review,,
SB-0957,ratio,n.,співвідношення,"Число, що представляє порівняння між двома названими речами.",needs-human,pending-r2-adjudication,No fresh R2 adjudication recorded; the R1 clean disposition is intentionally not inherited.,,R2 intake pending fresh stable-ID review,,
SB-0959,ray,n.,промінь,Промінь світла або випромінювання.,needs-human,pending-r2-adjudication,No fresh R2 adjudication recorded; the R1 clean disposition is intentionally not inherited.,,R2 intake pending fresh stable-ID review,,
SB-0963,rear,"adj., n.",задній,"Задня або крайня задня частина; те, що позаду, або останнє за порядком.",needs-human,pending-r2-adjudication,No fresh R2 adjudication recorded; the R1 clean disposition is intentionally not inherited.,,R2 intake pending fresh stable-ID review,,
SB-0965,reassure,v.,заспокоювати,Запевнити заново; відновити довіру до; звільнитися від страху чи невпевненості в собі.,needs-human,pending-r2-adjudication,No fresh R2 adjudication recorded; the R1 clean disposition is intentionally not inherited.,,R2 intake pending fresh stable-ID review,,
SB-0966,rebel,n.,повстанець,"Людина, яка чинить опір встановленій владі, часто насильницький.",needs-human,pending-r2-adjudication,No fresh R2 adjudication recorded; the R1 clean disposition is intentionally not inherited.,,R2 intake pending fresh stable-ID review,,
SB-0967,rebellion,n.,повстання,Збройний опір встановленому уряду чи правителю.,needs-human,pending-r2-adjudication,No fresh R2 adjudication recorded; the R1 clean disposition is intentionally not inherited.,,R2 intake pending fresh stable-ID review,,
SB-0968,recipient,n.,одержувач,"Той, хто отримує.",needs-human,pending-r2-adjudication,No fresh R2 adjudication recorded; the R1 clean disposition is intentionally not inherited.,,R2 intake pending fresh stable-ID review,,
SB-0969,reconstruction,n.,реконструкція,"Дія реконструкції чогось, не обов’язково до попереднього стану.",needs-human,pending-r2-adjudication,No fresh R2 adjudication recorded; the R1 clean disposition is intentionally not inherited.,,R2 intake pending fresh stable-ID review,,
SB-0970,recount1,v.,докладно розповідати; переказувати,Докладно розповідати про подію або послідовність подій.,needs-human,pending-r2-adjudication,No fresh R2 adjudication recorded; the R1 clean disposition is intentionally not inherited.,,R2 intake pending fresh stable-ID review,,
SB-0971,referendum,n.,референдум,Пряме всенародне голосування щодо запропонованого закону чи конституційної поправки.,needs-human,pending-r2-adjudication,No fresh R2 adjudication recorded; the R1 clean disposition is intentionally not inherited.,,R2 intake pending fresh stable-ID review,,
SB-0972,reflection,n.,відображення,Акт відображення або стан відображення.,needs-human,pending-r2-adjudication,No fresh R2 adjudication recorded; the R1 clean disposition is intentionally not inherited.,,R2 intake pending fresh stable-ID review,,
SB-0974,refuge,n.,притулок,"Місце, що забезпечує безпеку, захист або притулок.",needs-human,pending-r2-adjudication,No fresh R2 adjudication recorded; the R1 clean disposition is intentionally not inherited.,,R2 intake pending fresh stable-ID review,,
SB-0975,refusal,n.,відмова,Акт відмови.,needs-human,pending-r2-adjudication,No fresh R2 adjudication recorded; the R1 clean disposition is intentionally not inherited.,,R2 intake pending fresh stable-ID review,,
SB-0977,regardless,adv.,незалежно,Не звертаючи уваги на; ігнорування.,needs-human,pending-r2-adjudication,No fresh R2 adjudication recorded; the R1 clean disposition is intentionally not inherited.,,R2 intake pending fresh stable-ID review,,
SB-0979,regulator,n.,регулятор,"Пристрій, який контролює або обмежує щось.",needs-human,pending-r2-adjudication,No fresh R2 adjudication recorded; the R1 clean disposition is intentionally not inherited.,,R2 intake pending fresh stable-ID review,,
SB-0980,regulatory,adj.,регулятивний,Регулювання чи відношення до нього.,needs-human,pending-r2-adjudication,No fresh R2 adjudication recorded; the R1 clean disposition is intentionally not inherited.,,R2 intake pending fresh stable-ID review,,
SB-0981,rehabilitation,n.,реабілітація,Процес реабілітації когось або чогось.,needs-human,pending-r2-adjudication,No fresh R2 adjudication recorded; the R1 clean disposition is intentionally not inherited.,,R2 intake pending fresh stable-ID review,,
SB-0983,rejection,n.,відмова,Акт відхилення.,needs-human,pending-r2-adjudication,No fresh R2 adjudication recorded; the R1 clean disposition is intentionally not inherited.,,R2 intake pending fresh stable-ID review,,
SB-0984,relevance,n.,релевантність,Властивість або стан релевантності чи доречності.,needs-human,pending-r2-adjudication,No fresh R2 adjudication recorded; the R1 clean disposition is intentionally not inherited.,,R2 intake pending fresh stable-ID review,,
SB-0987,remainder,n.,залишок,"Частина або частини, що залишилися після того, як деякі були видалені або вже виникли.",needs-human,pending-r2-adjudication,No fresh R2 adjudication recorded; the R1 clean disposition is intentionally not inherited.,,R2 intake pending fresh stable-ID review,,
SB-0990,reminder,n.,нагадування,"Хтось або щось, що нагадує.",needs-human,pending-r2-adjudication,No fresh R2 adjudication recorded; the R1 clean disposition is intentionally not inherited.,,R2 intake pending fresh stable-ID review,,
SB-0993,renew,v.,відновити,Знову робити (щось) нове; для відновлення свіжості або початкового стану.,needs-human,pending-r2-adjudication,No fresh R2 adjudication recorded; the R1 clean disposition is intentionally not inherited.,,R2 intake pending fresh stable-ID review,,
SB-0995,rental,n.,оренда,Плата за оренду чогось.,needs-human,pending-r2-adjudication,No fresh R2 adjudication recorded; the R1 clean disposition is intentionally not inherited.,,R2 intake pending fresh stable-ID review,,
SB-0996,replacement,n.,заміна,"Особа або предмет, що займає місце іншого; замінник.",needs-human,pending-r2-adjudication,No fresh R2 adjudication recorded; the R1 clean disposition is intentionally not inherited.,,R2 intake pending fresh stable-ID review,,
SB-0999,reproduce,v.,відтворювати,Для створення або розмноження потомства або організмів статевим або нестатевим шляхом.,needs-human,pending-r2-adjudication,No fresh R2 adjudication recorded; the R1 clean disposition is intentionally not inherited.,,R2 intake pending fresh stable-ID review,,
SB-1000,reproduction,n.,відтворення,Акт біологічного відтворення нових особин.,P2,semantic-scope,Only biological reproduction is supplied; common copying/duplication senses are omitted.,medium,Codex seed-20260914 blinded acceptance challenge,,
SB-1001,republic,n.,республіка,"Держава, де суверенітет належить народу або його представникам, а не монарху чи імператору; країна без монархії.",needs-human,pending-r2-adjudication,No fresh R2 adjudication recorded; the R1 clean disposition is intentionally not inherited.,,R2 intake pending fresh stable-ID review,,
SB-1003,reside,v.,проживати,Проживати постійно або на тривалий час; мати постійне місце проживання на час; залишатися надовго.,P1,grammar-semantic,'мати постійне місце проживання на час' is internally contradictory and not idiomatic Ukrainian.,high,Codex seed-20260914 blinded acceptance challenge,,
SB-1006,residue,n.,залишок,"Те, що зберігається або залишається після видалення або усунення інших елементів.",needs-human,pending-r2-adjudication,No fresh R2 adjudication recorded; the R1 clean disposition is intentionally not inherited.,,R2 intake pending fresh stable-ID review,,
SB-1009,respective,adj.,відповідний,"Що стосується конкретних осіб або речей, кожен до кожного; особливий; власні.",needs-human,pending-r2-adjudication,No fresh R2 adjudication recorded; the R1 clean disposition is intentionally not inherited.,,R2 intake pending fresh stable-ID review,,
SB-1010,respectively,adv.,відповідно,"У відносний спосіб; часто використовується під час порівняння списків масивів, де цей термін означає, що елементи в списках відповідають один одному в тому порядку, в якому вони вказані.",needs-human,pending-r2-adjudication,No fresh R2 adjudication recorded; the R1 clean disposition is intentionally not inherited.,,R2 intake pending fresh stable-ID review,,
SB-1015,retrieve,v.,отримати,Отримати чи дістати щось назад; повернути собі.,P1,semantic-pedagogical-error,learner-facing ua 'отримати' is too generic and omits the essential back/recover direction that definitionUa supplies; ua conflicts with definitionUa.,high,R1-listed defect; severity normalized to P1 by Codex acceptance review,ua,повернути; дістати назад
SB-1016,revelation,n.,одкровення,Акт виявлення або розголошення.,needs-human,pending-r2-adjudication,No fresh R2 adjudication recorded; the R1 clean disposition is intentionally not inherited.,,R2 intake pending fresh stable-ID review,,
SB-1018,reverse,v.,змінювати на протилежне; рухатися назад,"Змінювати напрям, порядок або результат на протилежний; також рухатися назад.",needs-human,pending-r2-adjudication,No fresh R2 adjudication recorded; the R1 clean disposition is intentionally not inherited.,,R2 intake pending fresh stable-ID review,,
SB-1020,revive,v.,оживити,"(фігуративно) Змусити (щось) вийти зі стану занепаду, занедбаності, забуття чи невідомості; знову зробити (щось) активним або жвавим; реанімувати, оживляти.",needs-human,pending-r2-adjudication,No fresh R2 adjudication recorded; the R1 clean disposition is intentionally not inherited.,,R2 intake pending fresh stable-ID review,,
SB-1022,rhetoric,n.,риторика,"Мистецтво використання мови, особливо публічних виступів, як засобу переконання.",needs-human,pending-r2-adjudication,No fresh R2 adjudication recorded; the R1 clean disposition is intentionally not inherited.,,R2 intake pending fresh stable-ID review,,
SB-1024,riot,n.,бунт,"Бурхливе порушення громадського порядку великою групою людей, що часто супроводжується насильством або пошкодженням майна.",needs-human,pending-r2-adjudication,No fresh R2 adjudication recorded; the R1 clean disposition is intentionally not inherited.,,R2 intake pending fresh stable-ID review,,
SB-1025,rip,v.,рвати; розривати,"Розділяти або відокремлювати частини (особливо чогось тендітного, наприклад, паперу чи тканини), розрізаючи чи розриваючи; гвалтом відірвати або вирвати.",needs-human,pending-r2-adjudication,No fresh R2 adjudication recorded; the R1 clean disposition is intentionally not inherited.,,R2 intake pending fresh stable-ID review,,
SB-1026,ritual,n.,ритуал,"обряд; повторюваний набір дій, особливо в релігійному контексті.",needs-human,pending-r2-adjudication,No fresh R2 adjudication recorded; the R1 clean disposition is intentionally not inherited.,,R2 intake pending fresh stable-ID review,,
SB-1031,rotation,n.,обертання,Акт повороту навколо центру або осі.,needs-human,pending-r2-adjudication,No fresh R2 adjudication recorded; the R1 clean disposition is intentionally not inherited.,,R2 intake pending fresh stable-ID review,,
SB-1033,rumour,n.,чутка,"Неперевірена інформація, яка поширюється між людьми.",needs-human,pending-r2-adjudication,No fresh R2 adjudication recorded; the R1 clean disposition is intentionally not inherited.,,R2 intake pending fresh stable-ID review,,
SB-1037,saint,n.,святий,"Померла особа, яку церква чи інша релігійна група офіційно визнала особливо святою чи благочестивою; один видатний для благочестя та чесноти.",needs-human,pending-r2-adjudication,No fresh R2 adjudication recorded; the R1 clean disposition is intentionally not inherited.,,R2 intake pending fresh stable-ID review,,
SB-1041,scattered,adj.,розкиданий,"Розпорошені, розбиті на роз'єднані одиниці.",needs-human,pending-r2-adjudication,No fresh R2 adjudication recorded; the R1 clean disposition is intentionally not inherited.,,R2 intake pending fresh stable-ID review,,
SB-1042,sceptical,adj.,скептичний,Схильний сумніватися в правдивості або обґрунтованості твердження.,needs-human,pending-r2-adjudication,No fresh R2 adjudication recorded; the R1 clean disposition is intentionally not inherited.,,R2 intake pending fresh stable-ID review,,
SB-1045,scrutiny,n.,перевірка,Інтенсивне вивчення когось або чогось.,needs-human,pending-r2-adjudication,No fresh R2 adjudication recorded; the R1 clean disposition is intentionally not inherited.,,R2 intake pending fresh stable-ID review,,
SB-1047,secular,adj.,світський,"Не особливо релігійний; світський або цивільний, на відміну від духовного.",needs-human,pending-r2-adjudication,No fresh R2 adjudication recorded; the R1 clean disposition is intentionally not inherited.,,R2 intake pending fresh stable-ID review,,
SB-1048,seemingly,adv.,здавалося б,Як з'являється; мабуть.,P1,grammar-calque,'Як з'являється' is a false calque of 'as it appears'; Ukrainian requires 'як видається/на перший погляд'.,high,Codex seed-20260914 blinded acceptance challenge,,
SB-1049,segment,n.,сегмент,"Одна з частин, на яку природно поділяється або ділиться будь-яке тіло; розділена або відрізана частина; розділ; порція.",needs-human,pending-r2-adjudication,No fresh R2 adjudication recorded; the R1 clean disposition is intentionally not inherited.,,R2 intake pending fresh stable-ID review,,
SB-1051,seldom,adv.,рідко,"Нечасто, рідко.",needs-human,pending-r2-adjudication,No fresh R2 adjudication recorded; the R1 clean disposition is intentionally not inherited.,,R2 intake pending fresh stable-ID review,,
SB-1057,separation,n.,розділення,Акт роз'єднання двох або більше речей або умова роз'єднання.,needs-human,pending-r2-adjudication,No fresh R2 adjudication recorded; the R1 clean disposition is intentionally not inherited.,,R2 intake pending fresh stable-ID review,,
SB-1058,serial,adj.,серійний,Маючи відношення до або розташовані в ряд.,needs-human,pending-r2-adjudication,No fresh R2 adjudication recorded; the R1 clean disposition is intentionally not inherited.,,R2 intake pending fresh stable-ID review,,
SB-1060,set-up,n.,установка,"Спосіб організації або комплект обладнання, підготовлений для певної мети.",needs-human,pending-r2-adjudication,No fresh R2 adjudication recorded; the R1 clean disposition is intentionally not inherited.,,R2 intake pending fresh stable-ID review,,
SB-1062,shareholder,n.,акціонер,"Той, хто володіє акціями корпорації.",needs-human,pending-r2-adjudication,No fresh R2 adjudication recorded; the R1 clean disposition is intentionally not inherited.,,R2 intake pending fresh stable-ID review,,
SB-1063,shatter,v.,розбити,Сильно розбивати що-небудь на частини.,needs-human,pending-r2-adjudication,No fresh R2 adjudication recorded; the R1 clean disposition is intentionally not inherited.,,R2 intake pending fresh stable-ID review,,
SB-1065,sheer,adj.,чистий,прямо; повний; чистий.,needs-human,pending-r2-adjudication,No fresh R2 adjudication recorded; the R1 clean disposition is intentionally not inherited.,,R2 intake pending fresh stable-ID review,,
SB-1066,shipping,n.,доставка,Перевезення вантажів.,needs-human,pending-r2-adjudication,No fresh R2 adjudication recorded; the R1 clean disposition is intentionally not inherited.,,R2 intake pending fresh stable-ID review,,
SB-1068,shrink,v.,скорочуватися,Стати меншим; контрактувати.,needs-human,pending-r2-adjudication,No fresh R2 adjudication recorded; the R1 clean disposition is intentionally not inherited.,,R2 intake pending fresh stable-ID review,,
SB-1069,shrug,v.,знизати плечима,"Підняти (плечі), щоб висловити невпевненість, відсутність занепокоєння, (раніше) страх тощо.",needs-human,pending-r2-adjudication,No fresh R2 adjudication recorded; the R1 clean disposition is intentionally not inherited.,,R2 intake pending fresh stable-ID review,,
SB-1072,simulation,n.,моделювання,"Щось, що імітує систему чи середовище, щоб передбачити реальну поведінку.",needs-human,pending-r2-adjudication,No fresh R2 adjudication recorded; the R1 clean disposition is intentionally not inherited.,,R2 intake pending fresh stable-ID review,,
SB-1073,simultaneously,adv.,одночасно,Відбувається одночасно.,needs-human,pending-r2-adjudication,No fresh R2 adjudication recorded; the R1 clean disposition is intentionally not inherited.,,R2 intake pending fresh stable-ID review,,
SB-1074,sin,n.,гріх,Порушення божественної волі або релігійного закону.,needs-human,pending-r2-adjudication,No fresh R2 adjudication recorded; the R1 clean disposition is intentionally not inherited.,,R2 intake pending fresh stable-ID review,,
SB-1075,situated,adj.,розташований,Знаходиться в конкретному місці.,needs-human,pending-r2-adjudication,No fresh R2 adjudication recorded; the R1 clean disposition is intentionally not inherited.,,R2 intake pending fresh stable-ID review,,
SB-1076,sketch,n.,ескіз,"Швидко виконаний малюнок від руки, який не передбачається як закінчена робота, часто складається з безлічі ліній, що накладаються один на одного.",needs-human,pending-r2-adjudication,No fresh R2 adjudication recorded; the R1 clean disposition is intentionally not inherited.,,R2 intake pending fresh stable-ID review,,
SB-1078,slam,v.,грюкнути,"Закрити з раптовою силою, щоб створити удар і шум.",needs-human,pending-r2-adjudication,No fresh R2 adjudication recorded; the R1 clean disposition is intentionally not inherited.,,R2 intake pending fresh stable-ID review,,
SB-1081,slavery,n.,рабство,"Інститут або соціальна практика володіння людьми як власністю, особливо для використання в якості примусової праці.",P1,other,definitionUa uses the mild russianism/calque 'в якості примусової праці' (в качестве -> в якості); idiomatic Ukrainian prefers 'як примусову працю'/'у ролі'. Corroborated by the CP2 mechanical calque detector.,low,R1-listed defect; severity normalized to P1 by Codex acceptance review,definitionUa,"Інститут або соціальна практика, за якої одні люди володіють іншими як власністю та примусово використовують їхню працю."
SB-1082,slot,n.,слот,"Вузька западина, перфорація або отвір; особливо, один для прийому шматка, що підходить або ковзає в нього.",needs-human,pending-r2-adjudication,No fresh R2 adjudication recorded; the R1 clean disposition is intentionally not inherited.,,R2 intake pending fresh stable-ID review,,
SB-1083,smash,v.,розбити,Сильно ламати (щось крихке).,needs-human,pending-r2-adjudication,No fresh R2 adjudication recorded; the R1 clean disposition is intentionally not inherited.,,R2 intake pending fresh stable-ID review,,
SB-1085,soak,v.,замочити,Насичуватися рідиною шляхом занурення в неї.,needs-human,pending-r2-adjudication,No fresh R2 adjudication recorded; the R1 clean disposition is intentionally not inherited.,,R2 intake pending fresh stable-ID review,,
SB-1086,soar,v.,парити,"Літати високо без зусиль, як птах.",needs-human,pending-r2-adjudication,No fresh R2 adjudication recorded; the R1 clean disposition is intentionally not inherited.,,R2 intake pending fresh stable-ID review,,
SB-1087,socialist,adj.,соціалістичний,"Відносно, підтримка чи пропаганда соціалізму.",needs-human,pending-r2-adjudication,No fresh R2 adjudication recorded; the R1 clean disposition is intentionally not inherited.,,R2 intake pending fresh stable-ID review,,
SB-1089,solely,adv.,виключно,поодинці; виключно.,needs-human,pending-r2-adjudication,No fresh R2 adjudication recorded; the R1 clean disposition is intentionally not inherited.,,R2 intake pending fresh stable-ID review,,
SB-1091,solidarity,n.,солідарність,"Узи єдності чи згоди між індивідами, об’єднаними навколо спільної мети або проти спільного ворога, як-от принцип об’єднання, який визначає робітничий рух; взаємопідтримка всередині групи.",needs-human,pending-r2-adjudication,No fresh R2 adjudication recorded; the R1 clean disposition is intentionally not inherited.,,R2 intake pending fresh stable-ID review,,
SB-1092,solo,"adj., n.",соло,"Робота або виконання, виконане однією особою.",needs-human,pending-r2-adjudication,No fresh R2 adjudication recorded; the R1 clean disposition is intentionally not inherited.,,R2 intake pending fresh stable-ID review,,
SB-1094,sovereignty,n.,суверенітет,"Нації чи іншого державного устрою: стан здатний контролювати ресурси, самостійно приймати закони та іншим чином керувати собою без примусу чи згоди інших держав.",needs-human,pending-r2-adjudication,No fresh R2 adjudication recorded; the R1 clean disposition is intentionally not inherited.,,R2 intake pending fresh stable-ID review,,
SB-1095,spam,n.,спам,Небажані масові електронні повідомлення.,needs-human,pending-r2-adjudication,No fresh R2 adjudication recorded; the R1 clean disposition is intentionally not inherited.,,R2 intake pending fresh stable-ID review,,
SB-1096,span,"v., n.",охоплювати; тривати,Протягнути через відстань між або впоперек.,needs-human,pending-r2-adjudication,No fresh R2 adjudication recorded; the R1 clean disposition is intentionally not inherited.,,R2 intake pending fresh stable-ID review,,
SB-1099,specialized,adj.,спеціалізований,Має високу кваліфікацію в конкретній галузі або спеціально адаптована до неї.,needs-human,pending-r2-adjudication,No fresh R2 adjudication recorded; the R1 clean disposition is intentionally not inherited.,,R2 intake pending fresh stable-ID review,,
SB-1100,specification,n.,специфікація,"Чіткий набір вимог, яким має задовольняти матеріал, продукт або послуга.",needs-human,pending-r2-adjudication,No fresh R2 adjudication recorded; the R1 clean disposition is intentionally not inherited.,,R2 intake pending fresh stable-ID review,,
SB-1101,specimen,n.,зразок,"Окремий екземпляр, який представляє клас; приклад.",needs-human,pending-r2-adjudication,No fresh R2 adjudication recorded; the R1 clean disposition is intentionally not inherited.,,R2 intake pending fresh stable-ID review,,
SB-1102,spectacle,n.,видовище,"Захоплююча або надзвичайна сцена, виставка, вистава тощо.",needs-human,pending-r2-adjudication,No fresh R2 adjudication recorded; the R1 clean disposition is intentionally not inherited.,,R2 intake pending fresh stable-ID review,,
SB-1108,spotlight,n.,центр уваги; прожектор,Центр уваги; головна або найважливіша частина.,needs-human,pending-r2-adjudication,No fresh R2 adjudication recorded; the R1 clean disposition is intentionally not inherited.,,R2 intake pending fresh stable-ID review,,
SB-1111,squad,n.,загін,"Група людей, організована для якоїсь спільної мети, зазвичай із десяти членів.",P1,semantic-pedagogical,The claim that a squad usually has ten members is over-specific and false across ordinary military and nonmilitary senses.,high,Codex seed-20260914 blinded acceptance challenge,,
SB-1112,squeeze,v.,стискати,Чинити тиск одночасно з двох або більше сторін.,needs-human,pending-r2-adjudication,No fresh R2 adjudication recorded; the R1 clean disposition is intentionally not inherited.,,R2 intake pending fresh stable-ID review,,
SB-1114,stability,n.,стабільність,"Умова стабільності або рівноваги, а отже, стійкості до змін.",needs-human,pending-r2-adjudication,No fresh R2 adjudication recorded; the R1 clean disposition is intentionally not inherited.,,R2 intake pending fresh stable-ID review,,
SB-1115,stabilize,v.,стабілізувати,Зробити стабільним.,needs-human,pending-r2-adjudication,No fresh R2 adjudication recorded; the R1 clean disposition is intentionally not inherited.,,R2 intake pending fresh stable-ID review,,
SB-1118,stark,adj.,разючий; суворий,"Простий на вигляд; безплідний, безлюдний.",needs-human,pending-r2-adjudication,No fresh R2 adjudication recorded; the R1 clean disposition is intentionally not inherited.,,R2 intake pending fresh stable-ID review,,
SB-1119,statistical,adj.,статистичний,Статистики або пов’язані зі статистикою.,needs-human,pending-r2-adjudication,No fresh R2 adjudication recorded; the R1 clean disposition is intentionally not inherited.,,R2 intake pending fresh stable-ID review,,
SB-1120,steer,v.,керувати,"Керувати курсом судна, транспортного засобу, літального апарату тощо (за допомогою такого пристрою, як стерно, весло або штурвал).",needs-human,pending-r2-adjudication,No fresh R2 adjudication recorded; the R1 clean disposition is intentionally not inherited.,,R2 intake pending fresh stable-ID review,,
SB-1122,stereotype,n.,стереотип,"Загальноприйняте, шаблонне та часто надто спрощене або перебільшене уявлення, думка чи образ (особи чи групи людей).",needs-human,pending-r2-adjudication,No fresh R2 adjudication recorded; the R1 clean disposition is intentionally not inherited.,,R2 intake pending fresh stable-ID review,,
SB-1123,stimulus,n.,стимул,"Зовнішнє явище, яке впливає на систему, викликаючи або змінюючи внутрішнє явище; наприклад, поштовх або стимул, який спонукає людину вжити заходів або змінити поведінку.",needs-human,pending-r2-adjudication,No fresh R2 adjudication recorded; the R1 clean disposition is intentionally not inherited.,,R2 intake pending fresh stable-ID review,,
SB-1124,stir,v.,ворушити,"Порушувати взаємне розташування частинок (рідини чи подібного), пропускаючи через них предмет.",needs-human,pending-r2-adjudication,No fresh R2 adjudication recorded; the R1 clean disposition is intentionally not inherited.,,R2 intake pending fresh stable-ID review,,
SB-1125,storage,n.,зберігання,Акт зберігання товару; стан зберігання.,needs-human,pending-r2-adjudication,No fresh R2 adjudication recorded; the R1 clean disposition is intentionally not inherited.,,R2 intake pending fresh stable-ID review,,
SB-1129,strategic,adj.,стратегічний,Відносно стратегії.,needs-human,pending-r2-adjudication,No fresh R2 adjudication recorded; the R1 clean disposition is intentionally not inherited.,,R2 intake pending fresh stable-ID review,,
SB-1131,strip (long narrow piece),n.,смужка (довгий вузький шматок),"Довгий і вузький шматок матеріалу, землі або іншої поверхні.",needs-human,pending-r2-adjudication,No fresh R2 adjudication recorded; the R1 clean disposition is intentionally not inherited.,,R2 intake pending fresh stable-ID review,,
SB-1133,strive,v.,прагнути,Намагатися досягти результату; докладати напружених зусиль; намагатися щиро й наполегливо.,needs-human,pending-r2-adjudication,No fresh R2 adjudication recorded; the R1 clean disposition is intentionally not inherited.,,R2 intake pending fresh stable-ID review,,
SB-1135,stumble,v.,спотикатися,Спіткнутися або впасти; незграбно ходити.,needs-human,pending-r2-adjudication,No fresh R2 adjudication recorded; the R1 clean disposition is intentionally not inherited.,,R2 intake pending fresh stable-ID review,,
SB-1136,stun,v.,оглушити,"Виводити з ладу; особливо, викликаючи дезорієнтацію або втрату свідомості.",needs-human,pending-r2-adjudication,No fresh R2 adjudication recorded; the R1 clean disposition is intentionally not inherited.,,R2 intake pending fresh stable-ID review,,
SB-1137,submission,n.,подання,Акт подання або надання напр. завершена робота.,needs-human,pending-r2-adjudication,No fresh R2 adjudication recorded; the R1 clean disposition is intentionally not inherited.,,R2 intake pending fresh stable-ID review,,
SB-1139,subscription,n.,підписка,"Доступ до ресурсу на певний період часу, як правило, платний.",needs-human,pending-r2-adjudication,No fresh R2 adjudication recorded; the R1 clean disposition is intentionally not inherited.,,R2 intake pending fresh stable-ID review,,
SB-1140,subsidy,n.,субсидія,"Фінансова підтримка або допомога, наприклад грант.",needs-human,pending-r2-adjudication,No fresh R2 adjudication recorded; the R1 clean disposition is intentionally not inherited.,,R2 intake pending fresh stable-ID review,,
SB-1141,substantial,adj.,істотний,"Великі за розміром, кількістю або вартістю; достатній; значний.",needs-human,pending-r2-adjudication,No fresh R2 adjudication recorded; the R1 clean disposition is intentionally not inherited.,,R2 intake pending fresh stable-ID review,,
SB-1144,substitution,n.,заміна,Акт заміщення або стан заміщення.,needs-human,pending-r2-adjudication,No fresh R2 adjudication recorded; the R1 clean disposition is intentionally not inherited.,,R2 intake pending fresh stable-ID review,,
SB-1149,successor,n.,наступник,"Особа або річ, яка безпосередньо слідує за іншою у займанні посади чи титулу.",P1,russianism-calque,"'слідує за' and 'у займанні посади' are calqued, non-idiomatic constructions for succeeding someone in office.",high,Codex seed-20260914 blinded acceptance challenge,,
SB-1150,suck,v.,смоктати,"Використовувати рот і губи для втягування (рідини, особливо молока з грудей).",needs-human,pending-r2-adjudication,No fresh R2 adjudication recorded; the R1 clean disposition is intentionally not inherited.,,R2 intake pending fresh stable-ID review,,
SB-1151,sue,v.,судитися,"Подати судовий позов проти когось, як правило, некримінальний (цивільний) позов.",needs-human,pending-r2-adjudication,No fresh R2 adjudication recorded; the R1 clean disposition is intentionally not inherited.,,R2 intake pending fresh stable-ID review,,
SB-1152,suicide,n.,самогубство,Акт навмисного самогубства.,needs-human,pending-r2-adjudication,No fresh R2 adjudication recorded; the R1 clean disposition is intentionally not inherited.,,R2 intake pending fresh stable-ID review,,
SB-1155,superb,adj.,чудовий,Першокласний; найвищої якості; виключно добре.,needs-human,pending-r2-adjudication,No fresh R2 adjudication recorded; the R1 clean disposition is intentionally not inherited.,,R2 intake pending fresh stable-ID review,,
SB-1156,superior,adj.,вищий,"Вищий за рангом, статусом або якістю.",needs-human,pending-r2-adjudication,No fresh R2 adjudication recorded; the R1 clean disposition is intentionally not inherited.,,R2 intake pending fresh stable-ID review,,
SB-1158,supervision,n.,нагляд,Акт або випадок нагляду.,needs-human,pending-r2-adjudication,No fresh R2 adjudication recorded; the R1 clean disposition is intentionally not inherited.,,R2 intake pending fresh stable-ID review,,
SB-1162,supposedly,adv.,нібито,Як питання припущення; у переконаннях або згідно з твердженнями деяких людей.,needs-human,pending-r2-adjudication,No fresh R2 adjudication recorded; the R1 clean disposition is intentionally not inherited.,,R2 intake pending fresh stable-ID review,,
SB-1163,suppress,v.,придушити,"Покінчити, особливо силою, розчавити, знищити; забороняти, підкоряти.",needs-human,pending-r2-adjudication,No fresh R2 adjudication recorded; the R1 clean disposition is intentionally not inherited.,,R2 intake pending fresh stable-ID review,,
SB-1166,surgical,adj.,хірургічний,"Відносно, використовується під час хірургічного втручання або є результатом операції.",needs-human,pending-r2-adjudication,No fresh R2 adjudication recorded; the R1 clean disposition is intentionally not inherited.,,R2 intake pending fresh stable-ID review,,
SB-1168,surrender,v.,здатися,"Віддатися у владу іншого, особливо в полоні; подати або поступитися.",P1,grammar-semantic,'особливо в полоні; подати або поступитися' is malformed and adds verbs that do not express surrender.,high,Codex seed-20260914 blinded acceptance challenge,,
SB-1171,suspicion,n.,підозра,"Дія підозрювати щось або когось, особливо в чомусь недобре.",P1,grammar-syntax,'Дія підозрювати' and 'в чомусь недобре' are ungrammatical; the noun requires an idiomatic nominal definition.,high,Codex seed-20260914 blinded acceptance challenge,,
SB-1172,suspicious,adj.,підозрілий,Недовірливий або схильний підозрювати.,needs-human,pending-r2-adjudication,No fresh R2 adjudication recorded; the R1 clean disposition is intentionally not inherited.,,R2 intake pending fresh stable-ID review,,
SB-1175,sword,n.,меч,"Довга клинкова зброя з руків’ям і, як правило, навершям і поперечною гардою (разом утворюючи ефес), яка призначена для рубання, удару, рубання та/або рубання.",needs-human,pending-r2-adjudication,No fresh R2 adjudication recorded; the R1 clean disposition is intentionally not inherited.,,R2 intake pending fresh stable-ID review,,
SB-1176,symbolic,adj.,символічний,Непряме представлення або посилання на іншу річ.,needs-human,pending-r2-adjudication,No fresh R2 adjudication recorded; the R1 clean disposition is intentionally not inherited.,,R2 intake pending fresh stable-ID review,,
SB-1177,syndrome,n.,синдром,"Розпізнаваний зразок ознак, симптомів та/або поведінки, особливо хвороби, медичного чи психологічного стану.",needs-human,pending-r2-adjudication,No fresh R2 adjudication recorded; the R1 clean disposition is intentionally not inherited.,,R2 intake pending fresh stable-ID review,,
SB-1178,synthesis,n.,синтез,Утворення чогось складного або зв'язного шляхом поєднання більш простих речей.,needs-human,pending-r2-adjudication,No fresh R2 adjudication recorded; the R1 clean disposition is intentionally not inherited.,,R2 intake pending fresh stable-ID review,,
SB-1181,tactic,n.,тактика,"Маневр або дія, спрямована на досягнення якоїсь мети.",needs-human,pending-r2-adjudication,No fresh R2 adjudication recorded; the R1 clean disposition is intentionally not inherited.,,R2 intake pending fresh stable-ID review,,
SB-1183,taxpayer,n.,платник податків,"Особа, яка підлягає оподаткуванню, зобов’язана або сплачує податок.",needs-human,pending-r2-adjudication,No fresh R2 adjudication recorded; the R1 clean disposition is intentionally not inherited.,,R2 intake pending fresh stable-ID review,,
SB-1184,tempt,v.,спокусити,"Спровокувати когось на неправоту, особливо обіцяючи винагороду; заманювати.",needs-human,pending-r2-adjudication,No fresh R2 adjudication recorded; the R1 clean disposition is intentionally not inherited.,,R2 intake pending fresh stable-ID review,,
SB-1185,tenant,n.,орендар,"Той, хто має право оренди (найму).",needs-human,pending-r2-adjudication,No fresh R2 adjudication recorded; the R1 clean disposition is intentionally not inherited.,,R2 intake pending fresh stable-ID review,,
SB-1186,tender,adj.,ніжний,Чутливий або болючий на дотик.,needs-human,pending-r2-adjudication,No fresh R2 adjudication recorded; the R1 clean disposition is intentionally not inherited.,,R2 intake pending fresh stable-ID review,,
SB-1189,terminate,v.,припинити,"Закінчити щось, особливо коли воно залишилося в незавершеному стані.",P2,semantic-precision,The added condition that the thing remains unfinished overstates a nonessential nuance of terminate.,medium,Codex seed-20260914 blinded acceptance challenge,,
SB-1190,terrain,n.,місцевість; рельєф,Ділянка землі або її особливості.,needs-human,pending-r2-adjudication,No fresh R2 adjudication recorded; the R1 clean disposition is intentionally not inherited.,,R2 intake pending fresh stable-ID review,,
SB-1191,terrific,adj.,чудовий,"Надзвичайно добре; відмінно, дивовижно.",needs-human,pending-r2-adjudication,No fresh R2 adjudication recorded; the R1 clean disposition is intentionally not inherited.,,R2 intake pending fresh stable-ID review,,
SB-1192,testify,v.,свідчити,Робити заяву або давати свідчення під присягою.,needs-human,pending-r2-adjudication,No fresh R2 adjudication recorded; the R1 clean disposition is intentionally not inherited.,,R2 intake pending fresh stable-ID review,,
SB-1194,texture,n.,текстура,"Відчуття або форма поверхні або речовини; гладкість, шорсткість, м'якість і т. ін.",P2,semantic-precision,'Відчуття або форма поверхні' is vague and does not clearly explain surface structure or feel.,medium,Codex seed-20260914 blinded acceptance challenge,,
SB-1200,thereby,adv.,тим самим,За ним; цим; таким чином або як наслідок цього.,needs-human,pending-r2-adjudication,No fresh R2 adjudication recorded; the R1 clean disposition is intentionally not inherited.,,R2 intake pending fresh stable-ID review,,
SB-1202,thought-provoking,adj.,що спонукає до роздумів,"Цікавий у такий спосіб, що ставить під сумнів чиїсь переконання, погляди чи точку зору.",needs-human,pending-r2-adjudication,No fresh R2 adjudication recorded; the R1 clean disposition is intentionally not inherited.,,R2 intake pending fresh stable-ID review,,
SB-1203,thread,n.,нитка,"Шнур, утворений шляхом прядіння або скручування разом текстильних волокон або ниток в одне або кілька безперервних ниток, зазвичай використовується в рукоділлі.",needs-human,pending-r2-adjudication,No fresh R2 adjudication recorded; the R1 clean disposition is intentionally not inherited.,,R2 intake pending fresh stable-ID review,,
SB-1207,tide,n.,приплив,"Добове коливання рівня моря, викликане гравітаційним впливом Місяця і Сонця.",needs-human,pending-r2-adjudication,No fresh R2 adjudication recorded; the R1 clean disposition is intentionally not inherited.,,R2 intake pending fresh stable-ID review,,
SB-1208,tighten,v.,затягувати,Зробити щільніше.,needs-human,pending-r2-adjudication,No fresh R2 adjudication recorded; the R1 clean disposition is intentionally not inherited.,,R2 intake pending fresh stable-ID review,,
SB-1209,timber,n.,деревина,Дерева в лісі розглядаються як джерело деревини.,needs-human,pending-r2-adjudication,No fresh R2 adjudication recorded; the R1 clean disposition is intentionally not inherited.,,R2 intake pending fresh stable-ID review,,
SB-1211,tobacco,n.,тютюн,"Листя Nicotiana tabacum та деяких інших видів культивують і збирають для виготовлення сигарет, сигар, нюхального тютюну, для куріння в трубках або для жування.",P1,semantic-pedagogical-error,"'Листя ... культивують' says leaves (not plants) are cultivated; plants are cultivated, leaves harvested.",high,R1-listed defect; severity normalized to P1 by Codex acceptance review,definitionUa,"Рослини Nicotiana tabacum та деяких інших видів, які культивують, а їхнє листя збирають для виготовлення сигарет, сигар, нюхального тютюну, для куріння в трубках або для жування."
SB-1212,tolerance,n.,толерантність,"Здатність або практика толерантності; прийняття або терпляче ставлення до переконань, думок або практики інших; відсутність фанатизму.",needs-human,pending-r2-adjudication,No fresh R2 adjudication recorded; the R1 clean disposition is intentionally not inherited.,,R2 intake pending fresh stable-ID review,,
SB-1217,toss,v.,кинути,Кидати з початковим напрямком вгору.,needs-human,pending-r2-adjudication,No fresh R2 adjudication recorded; the R1 clean disposition is intentionally not inherited.,,R2 intake pending fresh stable-ID review,,
SB-1219,toxic,adj.,токсичний,Сильно негативний або шкідливий.,needs-human,pending-r2-adjudication,No fresh R2 adjudication recorded; the R1 clean disposition is intentionally not inherited.,,R2 intake pending fresh stable-ID review,,
SB-1221,trademark,n.,товарний знак,"Слово, символ або фраза, які використовуються для ідентифікації продукту певної компанії та відрізняють його від продуктів інших компаній.",needs-human,pending-r2-adjudication,No fresh R2 adjudication recorded; the R1 clean disposition is intentionally not inherited.,,R2 intake pending fresh stable-ID review,,
SB-1223,trailer,n.,трейлер,"Безмоторний колісний транспортний засіб (не караван або кемпер), який буксирується позаду іншого та використовується для перевезення обладнання тощо, яке не можна перевозити на передньому транспортному засобі.",needs-human,pending-r2-adjudication,No fresh R2 adjudication recorded; the R1 clean disposition is intentionally not inherited.,,R2 intake pending fresh stable-ID review,,
SB-1224,transaction,n.,транзакція,"Обмін або торгівля ідеями, грошима, товарами тощо.",needs-human,pending-r2-adjudication,No fresh R2 adjudication recorded; the R1 clean disposition is intentionally not inherited.,,R2 intake pending fresh stable-ID review,,
SB-1225,transcript,n.,стенограма,"Щось, що було транскрибовано; письмо або твір, що складається з тих самих слів, що й оригінал; письмова копія.",needs-human,pending-r2-adjudication,No fresh R2 adjudication recorded; the R1 clean disposition is intentionally not inherited.,,R2 intake pending fresh stable-ID review,,
SB-1227,transit,n.,транзит,"Перевезення людей або товарів з одного місця в інше, особливо в системі громадського транспорту; транспортні засоби, що використовуються для таких перевезень.",needs-human,pending-r2-adjudication,No fresh R2 adjudication recorded; the R1 clean disposition is intentionally not inherited.,,R2 intake pending fresh stable-ID review,,
SB-1228,transmission,n.,передача,"Акт передачі, напр. даних (сигналів) або електроенергії.",needs-human,pending-r2-adjudication,No fresh R2 adjudication recorded; the R1 clean disposition is intentionally not inherited.,,R2 intake pending fresh stable-ID review,,
SB-1229,transparency,n.,прозорість,відкритість; доступність для перевірки.,needs-human,pending-r2-adjudication,No fresh R2 adjudication recorded; the R1 clean disposition is intentionally not inherited.,,R2 intake pending fresh stable-ID review,,
SB-1232,treaty,n.,договір,"Формальна обов'язкова угода, укладена суб'єктами міжнародного права, а саме державами та міжнародними організаціями; конвенція, пакт.",needs-human,pending-r2-adjudication,No fresh R2 adjudication recorded; the R1 clean disposition is intentionally not inherited.,,R2 intake pending fresh stable-ID review,,
SB-1234,tribal,adj.,племінний,Що стосується племен.,needs-human,pending-r2-adjudication,No fresh R2 adjudication recorded; the R1 clean disposition is intentionally not inherited.,,R2 intake pending fresh stable-ID review,,
SB-1235,tribunal,n.,трибунал,"Збори, до складу яких входять один або більше суддів для ведення судових справ; суд.",needs-human,pending-r2-adjudication,No fresh R2 adjudication recorded; the R1 clean disposition is intentionally not inherited.,,R2 intake pending fresh stable-ID review,,
SB-1236,tribute,n.,данина,"Визнання вдячності, поваги чи захоплення; супутній подарунок.",needs-human,pending-r2-adjudication,No fresh R2 adjudication recorded; the R1 clean disposition is intentionally not inherited.,,R2 intake pending fresh stable-ID review,,
SB-1238,trio,n.,тріо,Група з трьох людей або речей.,needs-human,pending-r2-adjudication,No fresh R2 adjudication recorded; the R1 clean disposition is intentionally not inherited.,,R2 intake pending fresh stable-ID review,,
SB-1239,triumph,n.,тріумф,"Переконливий успіх після зусиль, конфлікту або зіткнення з перешкодами; перемога; завоювання.",needs-human,pending-r2-adjudication,No fresh R2 adjudication recorded; the R1 clean disposition is intentionally not inherited.,,R2 intake pending fresh stable-ID review,,
SB-1240,trophy,n.,трофей,"Предмет, як правило, у формі статуетки, кубка або щита, який вручається за успіх у змаганнях або для відзначення особливого досягнення.",needs-human,pending-r2-adjudication,No fresh R2 adjudication recorded; the R1 clean disposition is intentionally not inherited.,,R2 intake pending fresh stable-ID review,,
SB-1241,troubled,adj.,стурбований,"Тривожний, стурбований, змучений турботами.",needs-human,pending-r2-adjudication,No fresh R2 adjudication recorded; the R1 clean disposition is intentionally not inherited.,,R2 intake pending fresh stable-ID review,,
SB-1242,trustee,n.,довірена особа,"Особа, якій юридично передано майно в довірчу власність, що використовується або на користь певних осіб (бенефіціарів), або для суспільних потреб; той, кому довірено майно на користь іншого.",needs-human,pending-r2-adjudication,No fresh R2 adjudication recorded; the R1 clean disposition is intentionally not inherited.,,R2 intake pending fresh stable-ID review,,
SB-1244,turnout,n.,явка,"Кількість або частка людей, які відвідують або беруть участь у події (особливо у виборах) або присутні на місці проведення.",needs-human,pending-r2-adjudication,No fresh R2 adjudication recorded; the R1 clean disposition is intentionally not inherited.,,R2 intake pending fresh stable-ID review,,
SB-1245,turnover,n.,оборот,"Сума грошей, прийнята як продажі, здійснені за певний період.",needs-human,pending-r2-adjudication,No fresh R2 adjudication recorded; the R1 clean disposition is intentionally not inherited.,,R2 intake pending fresh stable-ID review,,
SB-1246,twist,"v., n.",крутити,"Повертати кінці чого-небудь, зазвичай нитки, мотузки тощо, у протилежних напрямках, часто із застосуванням сили.",needs-human,pending-r2-adjudication,No fresh R2 adjudication recorded; the R1 clean disposition is intentionally not inherited.,,R2 intake pending fresh stable-ID review,,
SB-1247,undergraduate,n.,студент,"Студент університету, який ще не отримав наукового ступеня.",P1,ua-definition-consistency,ua 'студент' is broader than undergraduate and conflicts with the definition's first-degree constraint.,high,Codex seed-20260914 blinded acceptance challenge,,
SB-1249,undermine,v.,підривати,"Послаблювати або діяти проти; перешкоджати, саботувати.",needs-human,pending-r2-adjudication,No fresh R2 adjudication recorded; the R1 clean disposition is intentionally not inherited.,,R2 intake pending fresh stable-ID review,,
SB-1250,undoubtedly,adv.,безсумнівно,Без сумніву; однозначно.,needs-human,pending-r2-adjudication,No fresh R2 adjudication recorded; the R1 clean disposition is intentionally not inherited.,,R2 intake pending fresh stable-ID review,,
SB-1252,unprecedented,adj.,безпрецедентний,"Ніколи раніше не бачив, не робив і не відчував; без прецеденту.",needs-human,pending-r2-adjudication,No fresh R2 adjudication recorded; the R1 clean disposition is intentionally not inherited.,,R2 intake pending fresh stable-ID review,,
SB-1253,unveil,v.,розкрити,Зняти вуаль з; розкривати; виявити щось приховане.,needs-human,pending-r2-adjudication,No fresh R2 adjudication recorded; the R1 clean disposition is intentionally not inherited.,,R2 intake pending fresh stable-ID review,,
SB-1254,upcoming,adj.,майбутній,Відбудеться або з'явиться у відносно близькому майбутньому.,needs-human,pending-r2-adjudication,No fresh R2 adjudication recorded; the R1 clean disposition is intentionally not inherited.,,R2 intake pending fresh stable-ID review,,
SB-1255,upgrade,"v., n.",оновлення,"Поліпшення, як правило, застосовується до технології, як правило, шляхом повної заміни одного або кількох компонентів.",P2,semantic-scope,The entry lists verb and noun but ua and definition cover only the noun upgrade.,medium,Codex seed-20260914 blinded acceptance challenge,,
SB-1258,utilize,v.,використовувати,Практично використовувати щось для певної мети.,needs-human,pending-r2-adjudication,No fresh R2 adjudication recorded; the R1 clean disposition is intentionally not inherited.,,R2 intake pending fresh stable-ID review,,
SB-1260,vacuum,n.,вакуум,"Область простору, яка не містить матерії.",needs-human,pending-r2-adjudication,No fresh R2 adjudication recorded; the R1 clean disposition is intentionally not inherited.,,R2 intake pending fresh stable-ID review,,
SB-1263,vanish,v.,зникати,Стати невидимим або непомітно зникнути з поля зору.,needs-human,pending-r2-adjudication,No fresh R2 adjudication recorded; the R1 clean disposition is intentionally not inherited.,,R2 intake pending fresh stable-ID review,,
SB-1266,vein,n.,вена,"Кровоносна судина, яка транспортує кров з капілярів назад до серця.",needs-human,pending-r2-adjudication,No fresh R2 adjudication recorded; the R1 clean disposition is intentionally not inherited.,,R2 intake pending fresh stable-ID review,,
SB-1270,verify,v.,перевірити,Щоб підтвердити або перевірити правдивість або точність чогось.,P1,grammar-calque,The definition begins with the purpose-clause calque 'Щоб підтвердити' instead of an infinitive definition.,high,Codex seed-20260914 blinded acceptance challenge,,
SB-1273,vessel,n.,судно,"Судно для пересування по воді, повітрі або в космосі.",needs-human,pending-r2-adjudication,No fresh R2 adjudication recorded; the R1 clean disposition is intentionally not inherited.,,R2 intake pending fresh stable-ID review,,
SB-1274,veteran,n.,ветеран,"Людина, яка служила в збройних силах, особливо старий солдат, який бачив довгу службу.",P2,semantic-scope,The definition is military-only and the 'old soldier' phrasing is dated; experienced-person senses are omitted.,medium,Codex seed-20260914 blinded acceptance challenge,,
SB-1275,viable,adj.,життєздатний,"Можна зробити, можливо, практично, здійсненно.",P1,grammar-syntax,"'Можна зробити, можливо, практично, здійсненно' mixes incompatible forms and is not a grammatical definition.",high,Codex seed-20260914 blinded acceptance challenge,,
SB-1277,vice,n.,порок,Погана або аморальна поведінка.,needs-human,pending-r2-adjudication,No fresh R2 adjudication recorded; the R1 clean disposition is intentionally not inherited.,,R2 intake pending fresh stable-ID review,,
SB-1280,violate,v.,порушувати,Порушувати або нехтувати (правилом або конвенцією).,needs-human,pending-r2-adjudication,No fresh R2 adjudication recorded; the R1 clean disposition is intentionally not inherited.,,R2 intake pending fresh stable-ID review,,
SB-1282,virtue,n.,чеснота,Відповідність моральним принципам; відповідність поведінки чи думки вимогам моралі; хороша моральна поведінка.,needs-human,pending-r2-adjudication,No fresh R2 adjudication recorded; the R1 clean disposition is intentionally not inherited.,,R2 intake pending fresh stable-ID review,,
SB-1288,warehouse,n.,склад,"Місце для зберігання великої кількості продуктів. У логістиці це місце, куди продукти надходять від виробника до роздрібного продавця.",needs-human,pending-r2-adjudication,No fresh R2 adjudication recorded; the R1 clean disposition is intentionally not inherited.,,R2 intake pending fresh stable-ID review,,
SB-1289,warfare,n.,війна,Ведення війни або збройного конфлікту проти ворога.,needs-human,pending-r2-adjudication,No fresh R2 adjudication recorded; the R1 clean disposition is intentionally not inherited.,,R2 intake pending fresh stable-ID review,,
SB-1291,warrior,n.,воїн,"Людина, яка активно бере участь у битві, конфлікті чи війні; солдат чи комбатант.",needs-human,pending-r2-adjudication,No fresh R2 adjudication recorded; the R1 clean disposition is intentionally not inherited.,,R2 intake pending fresh stable-ID review,,
SB-1292,weaken,v.,ослабити,Зробити слабшим або менш сильним.,needs-human,pending-r2-adjudication,No fresh R2 adjudication recorded; the R1 clean disposition is intentionally not inherited.,,R2 intake pending fresh stable-ID review,,
SB-1293,weave,v.,плести,Сформувати щось шляхом пропускання відрізків або ниток матеріалу один під одним.,needs-human,pending-r2-adjudication,No fresh R2 adjudication recorded; the R1 clean disposition is intentionally not inherited.,,R2 intake pending fresh stable-ID review,,
SB-1302,widen,v.,розширити,Зробити широким або ширшим.,needs-human,pending-r2-adjudication,No fresh R2 adjudication recorded; the R1 clean disposition is intentionally not inherited.,,R2 intake pending fresh stable-ID review,,
SB-1303,widow,n.,вдова,"Особа, яка втратила чоловіка і не одружилася повторно:",needs-human,pending-r2-adjudication,No fresh R2 adjudication recorded; the R1 clean disposition is intentionally not inherited.,,R2 intake pending fresh stable-ID review,,
SB-1304,width,n.,ширина,Вимірювання розміру чого-небудь з боку в бік.,needs-human,pending-r2-adjudication,No fresh R2 adjudication recorded; the R1 clean disposition is intentionally not inherited.,,R2 intake pending fresh stable-ID review,,
SB-1310,worship,"n., v.",поклоніння,Шанувати (божество тощо) з найвищою пошаною та шануванням; виконувати релігійні вправи на честь.,needs-human,pending-r2-adjudication,No fresh R2 adjudication recorded; the R1 clean disposition is intentionally not inherited.,,R2 intake pending fresh stable-ID review,,
SB-1311,worthwhile,adj.,вартий,"Хороший і достатньо важливий, щоб витратити на нього час, зусилля чи гроші.",needs-human,pending-r2-adjudication,No fresh R2 adjudication recorded; the R1 clean disposition is intentionally not inherited.,,R2 intake pending fresh stable-ID review,,
SB-1312,worthy,adj.,гідний,"Мати цінність, заслуги або цінність.",needs-human,pending-r2-adjudication,No fresh R2 adjudication recorded; the R1 clean disposition is intentionally not inherited.,,R2 intake pending fresh stable-ID review,,
SB-1316,analysis,word family,аналіз,"Розкладання на компоненти з метою вивчення (складна річ, концепція, теорія тощо).",needs-human,pending-r2-adjudication,No fresh R2 adjudication recorded; the R1 clean disposition is intentionally not inherited.,,R2 intake pending fresh stable-ID review,,
SB-1322,available,word family,доступний; наявний,Легко доступний.,needs-human,pending-r2-adjudication,No fresh R2 adjudication recorded; the R1 clean disposition is intentionally not inherited.,,R2 intake pending fresh stable-ID review,,
SB-1324,concept,word family,поняття; концепція,Абстрактна і загальна ідея; абстракція.,needs-human,pending-r2-adjudication,No fresh R2 adjudication recorded; the R1 clean disposition is intentionally not inherited.,,R2 intake pending fresh stable-ID review,,
SB-1325,consistent,word family,послідовний; узгоджений; сталий,"Регулярного, надійного характеру.",needs-human,pending-r2-adjudication,No fresh R2 adjudication recorded; the R1 clean disposition is intentionally not inherited.,,R2 intake pending fresh stable-ID review,,
SB-1327,contract,word family,договір; укладати контракт; скорочуватися,"Угода між двома чи більше сторонами про виконання певної роботи або замовлення, часто тимчасова або на фіксований термін і зазвичай регулюється письмовою угодою.",needs-human,pending-r2-adjudication,No fresh R2 adjudication recorded; the R1 clean disposition is intentionally not inherited.,,R2 intake pending fresh stable-ID review,,
SB-1329,data,word family,дані,"Матеріал, записаний і відомий або прийнятий як факти та використаний як основа для міркувань, обговорень або обчислень, представлений у формі чисел і зазвичай структурований (наприклад, статистика).",needs-human,pending-r2-adjudication,No fresh R2 adjudication recorded; the R1 clean disposition is intentionally not inherited.,,R2 intake pending fresh stable-ID review,,
SB-1330,definition,word family,визначення,"Виклад значення слова, групи слів, знака чи символу; особливо словникове визначення.",needs-human,pending-r2-adjudication,No fresh R2 adjudication recorded; the R1 clean disposition is intentionally not inherited.,,R2 intake pending fresh stable-ID review,,
SB-1332,distribution,word family,розподіл; поширення,Акт розповсюдження або стан розповсюдження.,needs-human,pending-r2-adjudication,No fresh R2 adjudication recorded; the R1 clean disposition is intentionally not inherited.,,R2 intake pending fresh stable-ID review,,
SB-1333,economic,word family,економічний,Що стосується економіки.,needs-human,pending-r2-adjudication,No fresh R2 adjudication recorded; the R1 clean disposition is intentionally not inherited.,,R2 intake pending fresh stable-ID review,,
SB-1335,established,word family,встановлений; усталений,"Існуючи протягом тривалого часу, тому визнаний і загальновизнаний.",P1,pos-morphology,Established is defined with the adverbial participle 'Існуючи' rather than an adjectival/participial construction.,high,Codex seed-20260914 blinded acceptance challenge,,
SB-1337,evidence,word family,докази; свідчення,"Факти або спостереження, представлені на підтримку твердження.",needs-human,pending-r2-adjudication,No fresh R2 adjudication recorded; the R1 clean disposition is intentionally not inherited.,,R2 intake pending fresh stable-ID review,,
SB-1338,export,word family,експорт; експортувати,Акт вивезення.,needs-human,pending-r2-adjudication,No fresh R2 adjudication recorded; the R1 clean disposition is intentionally not inherited.,,R2 intake pending fresh stable-ID review,,
SB-1339,factors,word family,чинники; фактори,"Один із елементів, обставин або впливів, які сприяють досягненню результату.",needs-human,pending-r2-adjudication,No fresh R2 adjudication recorded; the R1 clean disposition is intentionally not inherited.,,R2 intake pending fresh stable-ID review,,
SB-1340,financial,word family,фінансовий,Пов'язані з фінансами.,needs-human,pending-r2-adjudication,No fresh R2 adjudication recorded; the R1 clean disposition is intentionally not inherited.,,R2 intake pending fresh stable-ID review,,
SB-1341,function,word family,функція; функціонувати,Що щось робить або для чого використовується.,needs-human,pending-r2-adjudication,No fresh R2 adjudication recorded; the R1 clean disposition is intentionally not inherited.,,R2 intake pending fresh stable-ID review,,
SB-1342,identified,word family,визначений; ідентифікований,"Розпізнаний або визначений як конкретна особа, річ чи явище.",needs-human,pending-r2-adjudication,No fresh R2 adjudication recorded; the R1 clean disposition is intentionally not inherited.,,R2 intake pending fresh stable-ID review,,
SB-1345,individual,word family,окремий; індивідуальний; особа,"Людина, яку вважають самотньою, а не приналежною до групи людей.",needs-human,pending-r2-adjudication,No fresh R2 adjudication recorded; the R1 clean disposition is intentionally not inherited.,,R2 intake pending fresh stable-ID review,,
SB-1346,interpretation,word family,тлумачення; інтерпретація,Акт тлумачення або пояснення чогось незрозумілого; переклад; версія.,needs-human,pending-r2-adjudication,No fresh R2 adjudication recorded; the R1 clean disposition is intentionally not inherited.,,R2 intake pending fresh stable-ID review,,
SB-1348,issues,word family,питання; проблеми,"Важливі питання або проблеми, які потребують обговорення чи розв’язання.",needs-human,pending-r2-adjudication,No fresh R2 adjudication recorded; the R1 clean disposition is intentionally not inherited.,,R2 intake pending fresh stable-ID review,,
SB-1349,labour,word family,праця; робоча сила,"Зусилля, витрачені на певне завдання; трудитися, працювати.",needs-human,pending-r2-adjudication,No fresh R2 adjudication recorded; the R1 clean disposition is intentionally not inherited.,,R2 intake pending fresh stable-ID review,,
SB-1350,legal,word family,правовий; юридичний,Що стосується права або юристів.,needs-human,pending-r2-adjudication,No fresh R2 adjudication recorded; the R1 clean disposition is intentionally not inherited.,,R2 intake pending fresh stable-ID review,,
SB-1352,method,word family,метод,"Процес, за допомогою якого виконується завдання; спосіб виконання чогось (з наступним додаванням, до або для мети процесу).",needs-human,pending-r2-adjudication,No fresh R2 adjudication recorded; the R1 clean disposition is intentionally not inherited.,,R2 intake pending fresh stable-ID review,,
SB-1353,occur,word family,відбуватися; траплятися,Відбутися або мати місце.,needs-human,pending-r2-adjudication,No fresh R2 adjudication recorded; the R1 clean disposition is intentionally not inherited.,,R2 intake pending fresh stable-ID review,,
SB-1354,percent,word family,відсоток,"На кожну сотню (використовується з попереднім числівником для утворення іменника, що виражає пропорцію).",needs-human,pending-r2-adjudication,No fresh R2 adjudication recorded; the R1 clean disposition is intentionally not inherited.,,R2 intake pending fresh stable-ID review,,
SB-1356,policy,word family,політика; стратегічний курс,"Принцип поведінки, який суб’єкт (уряд, організація тощо) застосовує або прагне дотримуватися, особливо якщо формально виражено авторитетним органом.",needs-human,pending-r2-adjudication,No fresh R2 adjudication recorded; the R1 clean disposition is intentionally not inherited.,,R2 intake pending fresh stable-ID review,,
SB-1357,principle,word family,принцип,Фундаментальне припущення або керівне переконання.,needs-human,pending-r2-adjudication,No fresh R2 adjudication recorded; the R1 clean disposition is intentionally not inherited.,,R2 intake pending fresh stable-ID review,,
SB-1358,procedure,word family,процедура,Конкретний спосіб виконання завдання.,needs-human,pending-r2-adjudication,No fresh R2 adjudication recorded; the R1 clean disposition is intentionally not inherited.,,R2 intake pending fresh stable-ID review,,
SB-1359,process,word family,процес; обробляти,"Низка подій, що призводять до результату або продукту.",needs-human,pending-r2-adjudication,No fresh R2 adjudication recorded; the R1 clean disposition is intentionally not inherited.,,R2 intake pending fresh stable-ID review,,
SB-1361,research,word family,дослідження; досліджувати,"Старанне розслідування або перевірка з метою пошуку або перегляду фактів, принципів, теорій, застосувань тощо (які наразі доступні або знайомі).",needs-human,pending-r2-adjudication,No fresh R2 adjudication recorded; the R1 clean disposition is intentionally not inherited.,,R2 intake pending fresh stable-ID review,,
SB-1363,role,word family,роль,Очікувана поведінка індивіда в суспільстві.,needs-human,pending-r2-adjudication,No fresh R2 adjudication recorded; the R1 clean disposition is intentionally not inherited.,,R2 intake pending fresh stable-ID review,,
SB-1366,significant,word family,значний; суттєвий,Має помітний або великий ефект.,needs-human,pending-r2-adjudication,No fresh R2 adjudication recorded; the R1 clean disposition is intentionally not inherited.,,R2 intake pending fresh stable-ID review,,
SB-1368,source,word family,джерело,"Особа, місце або предмет, звідки щось (інформація, товари тощо) надходить або отримується.",needs-human,pending-r2-adjudication,No fresh R2 adjudication recorded; the R1 clean disposition is intentionally not inherited.,,R2 intake pending fresh stable-ID review,,
SB-1369,specific,word family,конкретний; специфічний,Явний або певний.,needs-human,pending-r2-adjudication,No fresh R2 adjudication recorded; the R1 clean disposition is intentionally not inherited.,,R2 intake pending fresh stable-ID review,,
SB-1370,structure,word family,структура; структурувати,"Згуртоване ціле, що складається з окремих частин.",needs-human,pending-r2-adjudication,No fresh R2 adjudication recorded; the R1 clean disposition is intentionally not inherited.,,R2 intake pending fresh stable-ID review,,
SB-1371,theory,word family,теорія,"Послідовне твердження або набір ідей, які пояснюють спостережувані факти чи явища та правильно передбачають нові факти чи явища, які раніше не спостерігалися, або які встановлюють закони та принципи чогось відомого чи спос...",needs-human,pending-r2-adjudication,No fresh R2 adjudication recorded; the R1 clean disposition is intentionally not inherited.,,R2 intake pending fresh stable-ID review,,
SB-1373,achieve,word family,досягти,Успішно виконувати; виконати.,needs-human,pending-r2-adjudication,No fresh R2 adjudication recorded; the R1 clean disposition is intentionally not inherited.,,R2 intake pending fresh stable-ID review,,
SB-1374,administration,word family,адміністрування,Акт адміністрування; управління громадськими справами; надані послуги або взяті на себе обов'язки у веденні справ; ведення будь-якої посади чи роботи; напрямок.,needs-human,pending-r2-adjudication,No fresh R2 adjudication recorded; the R1 clean disposition is intentionally not inherited.,,R2 intake pending fresh stable-ID review,,
SB-1375,affect,word family,впливати,Впливати або змінювати.,needs-human,pending-r2-adjudication,No fresh R2 adjudication recorded; the R1 clean disposition is intentionally not inherited.,,R2 intake pending fresh stable-ID review,,
SB-1377,aspects,word family,аспекти,"Будь-яка конкретна особливість, частина або елемент чогось.",needs-human,pending-r2-adjudication,No fresh R2 adjudication recorded; the R1 clean disposition is intentionally not inherited.,,R2 intake pending fresh stable-ID review,,
SB-1379,categories,word family,категорії,"Групи, до яких об’єднують речі з подібними властивостями.",needs-human,pending-r2-adjudication,No fresh R2 adjudication recorded; the R1 clean disposition is intentionally not inherited.,,R2 intake pending fresh stable-ID review,,
SB-1380,chapter,word family,розділ,"Один із основних розділів, на який поділяється опублікований твір, особливо книга.",needs-human,pending-r2-adjudication,No fresh R2 adjudication recorded; the R1 clean disposition is intentionally not inherited.,,R2 intake pending fresh stable-ID review,,
SB-1381,commission,word family,комісія,"Комісія, яку стягує агент або брокер за здійснення операції.",needs-human,pending-r2-adjudication,No fresh R2 adjudication recorded; the R1 clean disposition is intentionally not inherited.,,R2 intake pending fresh stable-ID review,,
SB-1382,community,word family,громада,"Група, що має спільні характеристики, такі як одна мова, закон, релігія чи традиція.",needs-human,pending-r2-adjudication,No fresh R2 adjudication recorded; the R1 clean disposition is intentionally not inherited.,,R2 intake pending fresh stable-ID review,,
SB-1384,computer,word family,комп'ютер,"Програмований електронний пристрій, який виконує математичні обчислення та логічні операції, особливо той, який може дуже швидко обробляти, зберігати та отримувати великі обсяги даних;",needs-human,pending-r2-adjudication,No fresh R2 adjudication recorded; the R1 clean disposition is intentionally not inherited.,,R2 intake pending fresh stable-ID review,,
SB-1385,conclusion,word family,висновок,"Кінець, завершення, закриття або остання частина чогось.",needs-human,pending-r2-adjudication,No fresh R2 adjudication recorded; the R1 clean disposition is intentionally not inherited.,,R2 intake pending fresh stable-ID review,,
SB-1386,conduct,word family,поведінка,Поведінка; манера поводитися.,P2,semantic-scope,The word-family entry covers noun conduct only and omits the verb sense.,medium,Codex seed-20260914 blinded acceptance challenge,,
SB-1388,construction,word family,будівництво,Процес конструювання.,needs-human,pending-r2-adjudication,No fresh R2 adjudication recorded; the R1 clean disposition is intentionally not inherited.,,R2 intake pending fresh stable-ID review,,
SB-1391,cultural,word family,культурний,Що стосується культури.,needs-human,pending-r2-adjudication,No fresh R2 adjudication recorded; the R1 clean disposition is intentionally not inherited.,,R2 intake pending fresh stable-ID review,,
SB-1392,design,word family,дизайн,"План (з більшою чи меншою кількістю деталей) структури та функцій артефакту, будівлі чи системи.",needs-human,pending-r2-adjudication,No fresh R2 adjudication recorded; the R1 clean disposition is intentionally not inherited.,,R2 intake pending fresh stable-ID review,,
SB-1394,evaluation,word family,оцінка,"Оцінка, як-от щорічна перевірка продуктивності персоналу, яка використовується як основа для підвищення зарплати чи премії, або короткий опис конкретної ситуації.",needs-human,pending-r2-adjudication,No fresh R2 adjudication recorded; the R1 clean disposition is intentionally not inherited.,,R2 intake pending fresh stable-ID review,,
SB-1397,focus,word family,фокус,Концентрація уваги.,needs-human,pending-r2-adjudication,No fresh R2 adjudication recorded; the R1 clean disposition is intentionally not inherited.,,R2 intake pending fresh stable-ID review,,
SB-1398,impact,word family,вплив,Значний або сильний вплив чи ефект.,P2,circular-definition,"The definition repeats 'вплив' and relies mostly on the near-synonym 'ефект', so it teaches little.",medium,Codex seed-20260914 blinded acceptance challenge,,
SB-1399,injury,word family,травма,Пошкодження тіла живої істоти.,needs-human,pending-r2-adjudication,No fresh R2 adjudication recorded; the R1 clean disposition is intentionally not inherited.,,R2 intake pending fresh stable-ID review,,
SB-1400,institute,word family,інститут,"Організація, заснована для просування справи",needs-human,pending-r2-adjudication,No fresh R2 adjudication recorded; the R1 clean disposition is intentionally not inherited.,,R2 intake pending fresh stable-ID review,,
SB-1401,investment,word family,інвестиції,Розміщення капіталу в очікуванні отримання доходу чи прибутку від його використання чи підвищення вартості.,needs-human,pending-r2-adjudication,No fresh R2 adjudication recorded; the R1 clean disposition is intentionally not inherited.,,R2 intake pending fresh stable-ID review,,
SB-1403,journal,word family,журнал,Періодичне видання з академічними чи професійними статтями; також особистий щоденник.,needs-human,pending-r2-adjudication,No fresh R2 adjudication recorded; the R1 clean disposition is intentionally not inherited.,,R2 intake pending fresh stable-ID review,,
SB-1405,obtained,word family,отримано,"Отриманий, здобутий або набутий певним способом.",needs-human,pending-r2-adjudication,No fresh R2 adjudication recorded; the R1 clean disposition is intentionally not inherited.,,R2 intake pending fresh stable-ID review,,
SB-1410,previous,word family,попередній,"попередній; що відбувається перед чимось іншим, у часі чи порядку.",needs-human,pending-r2-adjudication,No fresh R2 adjudication recorded; the R1 clean disposition is intentionally not inherited.,,R2 intake pending fresh stable-ID review,,
SB-1411,primary,word family,первинний,Перший або найраніший у групі чи серії.,needs-human,pending-r2-adjudication,No fresh R2 adjudication recorded; the R1 clean disposition is intentionally not inherited.,,R2 intake pending fresh stable-ID review,,
SB-1414,region,word family,область,"Будь-яка значна і зв'язана частина простору або поверхні; зокрема, ділянка землі чи моря значної, але невизначеної протяжності; країна; район;",needs-human,pending-r2-adjudication,No fresh R2 adjudication recorded; the R1 clean disposition is intentionally not inherited.,,R2 intake pending fresh stable-ID review,,
SB-1415,regulations,word family,нормативні акти,"Закон або адміністративне правило, видане організацією, яке використовується для керівництва чи приписування поведінки членів цієї організації.",needs-human,pending-r2-adjudication,No fresh R2 adjudication recorded; the R1 clean disposition is intentionally not inherited.,,R2 intake pending fresh stable-ID review,,
SB-1418,resources,word family,ресурси,"Щось, що використовується для досягнення мети, напр. сировини або персоналу.",needs-human,pending-r2-adjudication,No fresh R2 adjudication recorded; the R1 clean disposition is intentionally not inherited.,,R2 intake pending fresh stable-ID review,,
SB-1422,select,word family,вибрати,"Вибрати один або кілька елементів набору, особливо набору опцій.",needs-human,pending-r2-adjudication,No fresh R2 adjudication recorded; the R1 clean disposition is intentionally not inherited.,,R2 intake pending fresh stable-ID review,,
SB-1424,strategies,word family,стратегії,"План дій, спрямований на досягнення конкретної мети.",needs-human,pending-r2-adjudication,No fresh R2 adjudication recorded; the R1 clean disposition is intentionally not inherited.,,R2 intake pending fresh stable-ID review,,
SB-1430,circumstances,word family,обставини,"Умови та факти, які впливають на ситуацію або подію.",needs-human,pending-r2-adjudication,No fresh R2 adjudication recorded; the R1 clean disposition is intentionally not inherited.,,R2 intake pending fresh stable-ID review,,
SB-1431,comments,word family,коментарі,Усне або письмове зауваження.,needs-human,pending-r2-adjudication,No fresh R2 adjudication recorded; the R1 clean disposition is intentionally not inherited.,,R2 intake pending fresh stable-ID review,,
SB-1432,components,word family,компоненти,"Менша самодостатня частина більшої сутності. Часто стосується виготовленого об’єкта, який є частиною більшого пристрою.",needs-human,pending-r2-adjudication,No fresh R2 adjudication recorded; the R1 clean disposition is intentionally not inherited.,,R2 intake pending fresh stable-ID review,,
SB-1434,constant,word family,постійний,Незмінний у часі чи просторі; постійний.,needs-human,pending-r2-adjudication,No fresh R2 adjudication recorded; the R1 clean disposition is intentionally not inherited.,,R2 intake pending fresh stable-ID review,,
SB-1436,contribution,word family,внесок,"Щось дане або запропоноване, що додає до більшого цілого.",needs-human,pending-r2-adjudication,No fresh R2 adjudication recorded; the R1 clean disposition is intentionally not inherited.,,R2 intake pending fresh stable-ID review,,
SB-1438,core,word family,ядро,У загальному вживанні суттєва частина речі в оточенні інших істотних речей.,needs-human,pending-r2-adjudication,No fresh R2 adjudication recorded; the R1 clean disposition is intentionally not inherited.,,R2 intake pending fresh stable-ID review,,
SB-1439,corporate,word family,корпоративний,Що стосується корпорації.,needs-human,pending-r2-adjudication,No fresh R2 adjudication recorded; the R1 clean disposition is intentionally not inherited.,,R2 intake pending fresh stable-ID review,,
SB-1442,demonstrate,word family,продемонструвати,"Показувати, демонструвати або представляти; довести або зробити очевидним",needs-human,pending-r2-adjudication,No fresh R2 adjudication recorded; the R1 clean disposition is intentionally not inherited.,,R2 intake pending fresh stable-ID review,,
SB-1443,document,word family,документ,"Оригінал або офіційний документ, який використовується як основа, доказ або підтримка будь-чого іншого, включаючи будь-який письмовий документ, книгу чи інший документ, що передає інформацію, що має відношення до такого до...",needs-human,pending-r2-adjudication,No fresh R2 adjudication recorded; the R1 clean disposition is intentionally not inherited.,,R2 intake pending fresh stable-ID review,,
SB-1445,emphasis,word family,наголос,"Особлива вага чи сила, що надається чомусь, що вважається важливим.",needs-human,pending-r2-adjudication,No fresh R2 adjudication recorded; the R1 clean disposition is intentionally not inherited.,,R2 intake pending fresh stable-ID review,,
SB-1450,illustrated,word family,ілюстрований,Містить ілюстрації.,needs-human,pending-r2-adjudication,No fresh R2 adjudication recorded; the R1 clean disposition is intentionally not inherited.,,R2 intake pending fresh stable-ID review,,
SB-1451,immigration,word family,імміграція,"Акт імміграції; переїзд або в'їзд до країни, у якій людина не народилася, з метою постійного проживання.",needs-human,pending-r2-adjudication,No fresh R2 adjudication recorded; the R1 clean disposition is intentionally not inherited.,,R2 intake pending fresh stable-ID review,,
SB-1452,implies,word family,передбачає,Пропонується без прямого вказівки; причетні або натякані.,needs-human,pending-r2-adjudication,No fresh R2 adjudication recorded; the R1 clean disposition is intentionally not inherited.,,R2 intake pending fresh stable-ID review,,
SB-1455,interaction,word family,взаємодія,Розмова або обмін між людьми.,needs-human,pending-r2-adjudication,No fresh R2 adjudication recorded; the R1 clean disposition is intentionally not inherited.,,R2 intake pending fresh stable-ID review,,
SB-1456,layer,word family,шар,"Одна товщина якогось матеріалу, що покриває поверхню.",needs-human,pending-r2-adjudication,No fresh R2 adjudication recorded; the R1 clean disposition is intentionally not inherited.,,R2 intake pending fresh stable-ID review,,
SB-1457,link,word family,посилання,"Зв’язок між місцями, людьми, подіями, речами чи ідеями.",needs-human,pending-r2-adjudication,No fresh R2 adjudication recorded; the R1 clean disposition is intentionally not inherited.,,R2 intake pending fresh stable-ID review,,
SB-1458,location,word family,розташування,Конкретна точка або місце у фізичному просторі.,needs-human,pending-r2-adjudication,No fresh R2 adjudication recorded; the R1 clean disposition is intentionally not inherited.,,R2 intake pending fresh stable-ID review,,
SB-1459,maximum,word family,максимум,Найвища межа.,needs-human,pending-r2-adjudication,No fresh R2 adjudication recorded; the R1 clean disposition is intentionally not inherited.,,R2 intake pending fresh stable-ID review,,
SB-1461,negative,word family,негативний,Не позитивний або нейтральний; поганий; небажаний; несприятливий.,needs-human,pending-r2-adjudication,No fresh R2 adjudication recorded; the R1 clean disposition is intentionally not inherited.,,R2 intake pending fresh stable-ID review,,
SB-1462,outcomes,word family,результати,"Те, що виробляється або відбувається в результаті події чи процесу.",needs-human,pending-r2-adjudication,No fresh R2 adjudication recorded; the R1 clean disposition is intentionally not inherited.,,R2 intake pending fresh stable-ID review,,
SB-1463,partnership,word family,партнерство,Об’єднання двох або більше осіб для ведення бізнесу.,needs-human,pending-r2-adjudication,No fresh R2 adjudication recorded; the R1 clean disposition is intentionally not inherited.,,R2 intake pending fresh stable-ID review,,
SB-1464,philosophy,word family,філософія,"Академічна дисципліна, яка шукає істину через міркування, а не через емпіризм, часто намагаючись надати пояснення щодо загальних понять, таких як існування та раціональність.",P1,semantic-pedagogical-error,Falsely frames philosophy as seeking truth 'а не через емпіризм' (opposed to empiricism); empiricism is itself a philosophical stance.,medium,R1-listed defect; severity normalized to P1 by Codex acceptance review,definitionUa,"Дисципліна, що за допомогою критичного міркування досліджує фундаментальні питання буття, знання, цінностей, розуму та мови."
SB-1465,physical,word family,фізичний,"Відноситься до світу, як його розуміють почуттями, а не розумом; матеріальний, конкретний; справжній. Має відношення до матеріального світу.",needs-human,pending-r2-adjudication,No fresh R2 adjudication recorded; the R1 clean disposition is intentionally not inherited.,,R2 intake pending fresh stable-ID review,,
SB-1466,proportion,word family,пропорція,"Кількість чогось, що є частиною цілої суми або числа.",needs-human,pending-r2-adjudication,No fresh R2 adjudication recorded; the R1 clean disposition is intentionally not inherited.,,R2 intake pending fresh stable-ID review,,
SB-1468,reaction,word family,реакція,Дія або твердження у відповідь на стимул або іншу подію.,needs-human,pending-r2-adjudication,No fresh R2 adjudication recorded; the R1 clean disposition is intentionally not inherited.,,R2 intake pending fresh stable-ID review,,
SB-1469,registered,word family,зареєстрований,Внесення свого імені до офіційного списку або внесення до реєстру.,needs-human,pending-r2-adjudication,No fresh R2 adjudication recorded; the R1 clean disposition is intentionally not inherited.,,R2 intake pending fresh stable-ID review,,
SB-1472,scheme,word family,схема,Систематичний план майбутніх дій.,needs-human,pending-r2-adjudication,No fresh R2 adjudication recorded; the R1 clean disposition is intentionally not inherited.,,R2 intake pending fresh stable-ID review,,
SB-1473,sequence,word family,послідовність,Набір речей поруч один з одним у встановленому порядку; серія.,needs-human,pending-r2-adjudication,No fresh R2 adjudication recorded; the R1 clean disposition is intentionally not inherited.,,R2 intake pending fresh stable-ID review,,
SB-1476,specified,word family,зазначено,Ретельно пояснено.,needs-human,pending-r2-adjudication,No fresh R2 adjudication recorded; the R1 clean disposition is intentionally not inherited.,,R2 intake pending fresh stable-ID review,,
SB-1477,sufficient,word family,достатній,"Достатнього типу або виду, який задовольняє вимоги чи потреби.",needs-human,pending-r2-adjudication,No fresh R2 adjudication recorded; the R1 clean disposition is intentionally not inherited.,,R2 intake pending fresh stable-ID review,,
SB-1478,task,word family,завдання,"Частина роботи, яка виконується як частина обов’язків.",needs-human,pending-r2-adjudication,No fresh R2 adjudication recorded; the R1 clean disposition is intentionally not inherited.,,R2 intake pending fresh stable-ID review,,
SB-1479,technical,word family,технічний,Технології або пов’язані з ними.,needs-human,pending-r2-adjudication,No fresh R2 adjudication recorded; the R1 clean disposition is intentionally not inherited.,,R2 intake pending fresh stable-ID review,,
SB-1480,techniques,word family,техніки,"Спосіб досягнення чогось або здійснення чогось, особливо такий, що вимагає певних навичок або знань.",needs-human,pending-r2-adjudication,No fresh R2 adjudication recorded; the R1 clean disposition is intentionally not inherited.,,R2 intake pending fresh stable-ID review,,
SB-1481,technology,word family,технології,"Будь-які корисні навички чи механізми, які люди розробили чи винайшли (зокрема, у донаукові епохи).",needs-human,pending-r2-adjudication,No fresh R2 adjudication recorded; the R1 clean disposition is intentionally not inherited.,,R2 intake pending fresh stable-ID review,,
SB-1482,volume,word family,обсяг,"Тривимірна міра простору, яка складається з довжини, ширини та висоти. Він вимірюється в одиницях кубічних сантиметрів у метричних, кубічних дюймах або кубічних футах в англійській мові.",needs-human,pending-r2-adjudication,No fresh R2 adjudication recorded; the R1 clean disposition is intentionally not inherited.,,R2 intake pending fresh stable-ID review,,
SB-1484,adequate,word family,адекватний,Дорівнює або виконує певну вимогу.,needs-human,pending-r2-adjudication,No fresh R2 adjudication recorded; the R1 clean disposition is intentionally not inherited.,,R2 intake pending fresh stable-ID review,,
SB-1485,annual,word family,річний,Відбувається раз на рік.,needs-human,pending-r2-adjudication,No fresh R2 adjudication recorded; the R1 clean disposition is intentionally not inherited.,,R2 intake pending fresh stable-ID review,,
SB-1487,approximated,word family,наближений,Розраховується наближено,needs-human,pending-r2-adjudication,No fresh R2 adjudication recorded; the R1 clean disposition is intentionally not inherited.,,R2 intake pending fresh stable-ID review,,
SB-1491,code,word family,код,"Інструкція до комп'ютера, написана мовою програмування; вхідні дані транслятора, інтерпретатора або браузера, а саме: вихідний код, машинний код, байт-код.",needs-human,pending-r2-adjudication,No fresh R2 adjudication recorded; the R1 clean disposition is intentionally not inherited.,,R2 intake pending fresh stable-ID review,,
SB-1493,communication,word family,спілкування,Концепція або стан обміну даними чи інформацією між об’єктами.,needs-human,pending-r2-adjudication,No fresh R2 adjudication recorded; the R1 clean disposition is intentionally not inherited.,,R2 intake pending fresh stable-ID review,,
SB-1494,concentration,word family,концентрація,"Дія, процес або здатність концентрації; процес зосередження або стан зосередженості.",needs-human,pending-r2-adjudication,No fresh R2 adjudication recorded; the R1 clean disposition is intentionally not inherited.,,R2 intake pending fresh stable-ID review,,
SB-1495,conference,word family,конференції,"Офіційний захід, на якому науковці презентують результати своїх досліджень у промовах, семінарах, плакатах або іншими засобами.",P1,pos-morphology,"Singular conference is translated with 'конференції', not nominative singular 'конференція'.",high,Codex seed-20260914 blinded acceptance challenge,,
SB-1496,contrast,word family,контраст,"Різниця між двома об’єктами, людьми чи поняттями.",needs-human,pending-r2-adjudication,No fresh R2 adjudication recorded; the R1 clean disposition is intentionally not inherited.,,R2 intake pending fresh stable-ID review,,
SB-1497,cycle,word family,цикл,"Процес, який повертається до свого початку, а потім повторюється в тій же послідовності.",needs-human,pending-r2-adjudication,No fresh R2 adjudication recorded; the R1 clean disposition is intentionally not inherited.,,R2 intake pending fresh stable-ID review,,
SB-1498,debate,word family,дебати,"Аргумент або дискусія, як правило, в упорядкованій або офіційній обстановці, часто за участю більше двох осіб, яка зазвичай закінчується голосуванням або іншим рішенням.",needs-human,pending-r2-adjudication,No fresh R2 adjudication recorded; the R1 clean disposition is intentionally not inherited.,,R2 intake pending fresh stable-ID review,,
SB-1500,dimensions,word family,розміри,Вимірювані характеристики розміру; також окремі аспекти складного питання.,needs-human,pending-r2-adjudication,No fresh R2 adjudication recorded; the R1 clean disposition is intentionally not inherited.,,R2 intake pending fresh stable-ID review,,
SB-1502,emerged,word family,виник,Прийти в поле зору.,needs-human,pending-r2-adjudication,No fresh R2 adjudication recorded; the R1 clean disposition is intentionally not inherited.,,R2 intake pending fresh stable-ID review,,
SB-1503,error,word family,помилка,"помилка; випадкова неправильна дія або неправдива заява, зроблена не навмисно.",needs-human,pending-r2-adjudication,No fresh R2 adjudication recorded; the R1 clean disposition is intentionally not inherited.,,R2 intake pending fresh stable-ID review,,
SB-1507,hence,word family,отже,"В результаті; отже, з цієї причини.",needs-human,pending-r2-adjudication,No fresh R2 adjudication recorded; the R1 clean disposition is intentionally not inherited.,,R2 intake pending fresh stable-ID review,,
SB-1508,hypothesis,word family,гіпотеза,"Попереднє припущення, що пояснює спостереження, явище чи наукову проблему, яке можна перевірити шляхом подальших спостережень, досліджень або експериментів.",needs-human,pending-r2-adjudication,No fresh R2 adjudication recorded; the R1 clean disposition is intentionally not inherited.,,R2 intake pending fresh stable-ID review,,
SB-1509,implications,word family,наслідки,Можливий або непрямий ефект або результат рішення чи дії.,needs-human,pending-r2-adjudication,No fresh R2 adjudication recorded; the R1 clean disposition is intentionally not inherited.,,R2 intake pending fresh stable-ID review,,
SB-1510,imposed,word family,нав'язаний,викладено авторитетно як обов'язкові,needs-human,pending-r2-adjudication,No fresh R2 adjudication recorded; the R1 clean disposition is intentionally not inherited.,,R2 intake pending fresh stable-ID review,,
SB-1511,internal,word family,внутрішній,З або розташована всередині.,needs-human,pending-r2-adjudication,No fresh R2 adjudication recorded; the R1 clean disposition is intentionally not inherited.,,R2 intake pending fresh stable-ID review,,
SB-1513,job,word family,робота,завдання.,needs-human,pending-r2-adjudication,No fresh R2 adjudication recorded; the R1 clean disposition is intentionally not inherited.,,R2 intake pending fresh stable-ID review,,
SB-1515,mechanism,word family,механізм,"Будь-який механічний засіб для перетворення або керування рухом, або передачі чи керування потужністю.",needs-human,pending-r2-adjudication,No fresh R2 adjudication recorded; the R1 clean disposition is intentionally not inherited.,,R2 intake pending fresh stable-ID review,,
SB-1516,obvious,word family,очевидний,"Легко відкрити, побачити або зрозуміти; зрозумілий сам за себе.",needs-human,pending-r2-adjudication,No fresh R2 adjudication recorded; the R1 clean disposition is intentionally not inherited.,,R2 intake pending fresh stable-ID review,,
SB-1518,option,word family,варіант,"Один із набору варіантів, які можна зробити.",needs-human,pending-r2-adjudication,No fresh R2 adjudication recorded; the R1 clean disposition is intentionally not inherited.,,R2 intake pending fresh stable-ID review,,
SB-1520,overall,word family,в цілому,Загалом; з урахуванням усього.,needs-human,pending-r2-adjudication,No fresh R2 adjudication recorded; the R1 clean disposition is intentionally not inherited.,,R2 intake pending fresh stable-ID review,,
SB-1521,parallel,word family,паралельний,У всіх точках однаково віддалені один від одного.,needs-human,pending-r2-adjudication,No fresh R2 adjudication recorded; the R1 clean disposition is intentionally not inherited.,,R2 intake pending fresh stable-ID review,,
SB-1522,parameters,word family,параметри,"Значення, яке залишається постійним під час експерименту, рівняння, розрахунку чи подібного, але змінюється в інших версіях експерименту, рівняння, розрахунку тощо.",needs-human,pending-r2-adjudication,No fresh R2 adjudication recorded; the R1 clean disposition is intentionally not inherited.,,R2 intake pending fresh stable-ID review,,
SB-1523,phase,word family,фаза,"Визначна частина послідовності або циклу, що відбувається з часом.",P1,semantic-pedagogical,"'Визначна частина' means a notable/prominent part, not a distinct stage or phase.",high,Codex seed-20260914 blinded acceptance challenge,,
SB-1524,predicted,word family,передбачив,відомо заздалегідь,needs-human,pending-r2-adjudication,No fresh R2 adjudication recorded; the R1 clean disposition is intentionally not inherited.,,R2 intake pending fresh stable-ID review,,
SB-1525,prior,word family,попередній,"Прихід раніше за порядком або часом; раніше, колишній, попередній.",needs-human,pending-r2-adjudication,No fresh R2 adjudication recorded; the R1 clean disposition is intentionally not inherited.,,R2 intake pending fresh stable-ID review,,
SB-1527,project,word family,проект,"Запланована спроба, як правило, з конкретною метою, яка виконується в кілька кроків або етапів.",needs-human,pending-r2-adjudication,No fresh R2 adjudication recorded; the R1 clean disposition is intentionally not inherited.,,R2 intake pending fresh stable-ID review,,
SB-1530,retained,word family,зберігається,"продовжується у вашому зберіганні, використанні чи пам’яті",needs-human,pending-r2-adjudication,No fresh R2 adjudication recorded; the R1 clean disposition is intentionally not inherited.,,R2 intake pending fresh stable-ID review,,
SB-1532,statistics,word family,статистика,"Систематичний збір даних вимірювань або спостережень, часто пов’язаних із демографічною інформацією, такою як підрахунок населення, доходи, підрахунок населення в різному віці тощо.",needs-human,pending-r2-adjudication,No fresh R2 adjudication recorded; the R1 clean disposition is intentionally not inherited.,,R2 intake pending fresh stable-ID review,,
SB-1533,status,word family,статус,"Стан, положення або становище людини відносно інших.",needs-human,pending-r2-adjudication,No fresh R2 adjudication recorded; the R1 clean disposition is intentionally not inherited.,,R2 intake pending fresh stable-ID review,,
SB-1534,stress,word family,стрес,"Емоційний тиск, який відчуває людина чи інша тварина.",needs-human,pending-r2-adjudication,No fresh R2 adjudication recorded; the R1 clean disposition is intentionally not inherited.,,R2 intake pending fresh stable-ID review,,
SB-1536,sum,word family,сума,"Величина, отримана додаванням або агрегацією.",needs-human,pending-r2-adjudication,No fresh R2 adjudication recorded; the R1 clean disposition is intentionally not inherited.,,R2 intake pending fresh stable-ID review,,
SB-1539,academic,word family,академічний,"Належність до академії чи іншого вищого навчального закладу, наукового товариства чи організації.",needs-human,pending-r2-adjudication,No fresh R2 adjudication recorded; the R1 clean disposition is intentionally not inherited.,,R2 intake pending fresh stable-ID review,,
SB-1540,alter,word family,змінювати,Щоб змінити форму або структуру.,needs-human,pending-r2-adjudication,No fresh R2 adjudication recorded; the R1 clean disposition is intentionally not inherited.,,R2 intake pending fresh stable-ID review,,
SB-1542,capacity,word family,місткість,"Здатність утримувати, приймати або поглинати.",needs-human,pending-r2-adjudication,No fresh R2 adjudication recorded; the R1 clean disposition is intentionally not inherited.,,R2 intake pending fresh stable-ID review,,
SB-1544,clause,word family,пункт,"Група слів, яка містить підмет і дієслово; це може бути частиною речення або може становити все речення, залежно від синтаксису в кожному випадку.",needs-human,pending-r2-adjudication,No fresh R2 adjudication recorded; the R1 clean disposition is intentionally not inherited.,,R2 intake pending fresh stable-ID review,,
SB-1545,compounds,word family,сполуки,"Все, що зроблено шляхом поєднання кількох речей.",needs-human,pending-r2-adjudication,No fresh R2 adjudication recorded; the R1 clean disposition is intentionally not inherited.,,R2 intake pending fresh stable-ID review,,
SB-1546,conflict,word family,конфлікт,"Зіткнення або розбіжності, часто насильницькі, між двома чи більше протиборчими групами чи особами.",needs-human,pending-r2-adjudication,No fresh R2 adjudication recorded; the R1 clean disposition is intentionally not inherited.,,R2 intake pending fresh stable-ID review,,
SB-1547,contact,word family,контакт,Встановлення зв'язку (з).,needs-human,pending-r2-adjudication,No fresh R2 adjudication recorded; the R1 clean disposition is intentionally not inherited.,,R2 intake pending fresh stable-ID review,,
SB-1552,entities,word family,сутності,"Те, що існує як окрема одиниця, часто використовується для організацій, які не мають фізичної форми.",needs-human,pending-r2-adjudication,No fresh R2 adjudication recorded; the R1 clean disposition is intentionally not inherited.,,R2 intake pending fresh stable-ID review,,
SB-1554,evolution,word family,еволюція,Процес розвитку.,needs-human,pending-r2-adjudication,No fresh R2 adjudication recorded; the R1 clean disposition is intentionally not inherited.,,R2 intake pending fresh stable-ID review,,
SB-1555,expansion,word family,розширення,"Дія, процес або випадок розширення.",needs-human,pending-r2-adjudication,No fresh R2 adjudication recorded; the R1 clean disposition is intentionally not inherited.,,R2 intake pending fresh stable-ID review,,
SB-1557,external,word family,зовнішній,Поза чим-небудь; на зовнішній вигляд.,needs-human,pending-r2-adjudication,No fresh R2 adjudication recorded; the R1 clean disposition is intentionally not inherited.,,R2 intake pending fresh stable-ID review,,
SB-1558,fundamental,word family,фундаментальний,Основний; надзвичайно важливо.,needs-human,pending-r2-adjudication,No fresh R2 adjudication recorded; the R1 clean disposition is intentionally not inherited.,,R2 intake pending fresh stable-ID review,,
SB-1559,generated,word family,створений,Приводити в життя; породжувати.,needs-human,pending-r2-adjudication,No fresh R2 adjudication recorded; the R1 clean disposition is intentionally not inherited.,,R2 intake pending fresh stable-ID review,,
SB-1560,generation,word family,покоління,"Група людей, які народилися в певний період років і члени якої можуть мати культурні стосунки один з одним.",needs-human,pending-r2-adjudication,No fresh R2 adjudication recorded; the R1 clean disposition is intentionally not inherited.,,R2 intake pending fresh stable-ID review,,
SB-1561,image,word family,зображення,Візуальне чи інше зображення зовнішньої форми чогось у мистецтві.,needs-human,pending-r2-adjudication,No fresh R2 adjudication recorded; the R1 clean disposition is intentionally not inherited.,,R2 intake pending fresh stable-ID review,,
SB-1562,licence,word family,ліцензія,"Офіційний дозвіл на певну діяльність, володіння або використання чогось.",needs-human,pending-r2-adjudication,No fresh R2 adjudication recorded; the R1 clean disposition is intentionally not inherited.,,R2 intake pending fresh stable-ID review,,
SB-1563,medical,word family,медичний,Про медичну практику або пов’язану з нею.,needs-human,pending-r2-adjudication,No fresh R2 adjudication recorded; the R1 clean disposition is intentionally not inherited.,,R2 intake pending fresh stable-ID review,,
SB-1564,mental,word family,психічний,Що стосується розуму чи конкретно повної емоційної та інтелектуальної реакції індивіда на зовнішню реальність.,needs-human,pending-r2-adjudication,No fresh R2 adjudication recorded; the R1 clean disposition is intentionally not inherited.,,R2 intake pending fresh stable-ID review,,
SB-1565,modified,word family,змінений,змінений; змінено,needs-human,pending-r2-adjudication,No fresh R2 adjudication recorded; the R1 clean disposition is intentionally not inherited.,,R2 intake pending fresh stable-ID review,,
SB-1566,monitoring,word family,моніторинг,"Здійснення спостереження за навколишнім середовищем чи людьми або безперервне чи регулярне спостереження за ними з метою виявлення сигналів, рухів або змін стану чи якості.",needs-human,pending-r2-adjudication,No fresh R2 adjudication recorded; the R1 clean disposition is intentionally not inherited.,,R2 intake pending fresh stable-ID review,,
SB-1568,notion,word family,поняття,"Ментальне сприйняття всього, що можна знати, думати або уявляти; ідея, концепція.",needs-human,pending-r2-adjudication,No fresh R2 adjudication recorded; the R1 clean disposition is intentionally not inherited.,,R2 intake pending fresh stable-ID review,,
SB-1570,perspective,word family,перспектива,"Вибір єдиного ракурсу або точки зору, з якої можна відчути, класифікувати, виміряти або кодифікувати досвід.",P1,semantic-pedagogical,Perspective is incorrectly reduced to the choice of one angle rather than a viewpoint or way of understanding.,high,Codex seed-20260914 blinded acceptance challenge,,
SB-1573,psychology,word family,психологія,Вивчення людського розуму.,needs-human,pending-r2-adjudication,No fresh R2 adjudication recorded; the R1 clean disposition is intentionally not inherited.,,R2 intake pending fresh stable-ID review,,
SB-1575,rejected,word family,відхилено,Відхилений або не прийнятий після розгляду.,needs-human,pending-r2-adjudication,No fresh R2 adjudication recorded; the R1 clean disposition is intentionally not inherited.,,R2 intake pending fresh stable-ID review,,
SB-1576,revenue,word family,дохід,"Загальний дохід, отриманий із певного джерела.",needs-human,pending-r2-adjudication,No fresh R2 adjudication recorded; the R1 clean disposition is intentionally not inherited.,,R2 intake pending fresh stable-ID review,,
SB-1579,target,word family,мета,Ціль або завдання.,needs-human,pending-r2-adjudication,No fresh R2 adjudication recorded; the R1 clean disposition is intentionally not inherited.,,R2 intake pending fresh stable-ID review,,
SB-1580,transition,word family,перехід,"Процес зміни однієї форми, стану, стилю чи місця в інше.",needs-human,pending-r2-adjudication,No fresh R2 adjudication recorded; the R1 clean disposition is intentionally not inherited.,,R2 intake pending fresh stable-ID review,,
SB-1582,version,word family,версія,Певна форма або варіація чогось.,needs-human,pending-r2-adjudication,No fresh R2 adjudication recorded; the R1 clean disposition is intentionally not inherited.,,R2 intake pending fresh stable-ID review,,
SB-1585,abstract,word family,анотація,Скорочення або підсумок більшої публікації.,P1,semantic-pedagogical,"Academic abstract is defined with 'Скорочення' (abbreviation/shortening), not a concise summary; the wording misleads.",high,Codex seed-20260914 blinded acceptance challenge,,
SB-1590,attached,word family,додається,Підключений; приєднався.,P1,pos-morphology,Attached is rendered with impersonal/present 'додається' and then mixed adjective/past-verb forms 'Підключений; приєднався'.,high,Codex seed-20260914 blinded acceptance challenge,,
SB-1591,author,word family,автор,"Автор або творець твору, особливо літературного твору; або один із творців спільного твору.",needs-human,pending-r2-adjudication,No fresh R2 adjudication recorded; the R1 clean disposition is intentionally not inherited.,,R2 intake pending fresh stable-ID review,,
SB-1593,brief,word family,короткий,Короткочасний; відбувається швидко.,needs-human,pending-r2-adjudication,No fresh R2 adjudication recorded; the R1 clean disposition is intentionally not inherited.,,R2 intake pending fresh stable-ID review,,
SB-1594,capable,word family,здатний,"Умілий та ефективний; наявність здібностей, необхідних для конкретного завдання; наявність бажання щось зробити; дозволяти або бути сприйнятливим до чогось.",needs-human,pending-r2-adjudication,No fresh R2 adjudication recorded; the R1 clean disposition is intentionally not inherited.,,R2 intake pending fresh stable-ID review,,
SB-1597,diversity,word family,різноманітність,Якість різноманітності або відмінності; відмінність чи несхожість.,needs-human,pending-r2-adjudication,No fresh R2 adjudication recorded; the R1 clean disposition is intentionally not inherited.,,R2 intake pending fresh stable-ID review,,
SB-1598,edition,word family,видання,"Повна кількість примірників твору, надрукованого та виданого за один раз.",needs-human,pending-r2-adjudication,No fresh R2 adjudication recorded; the R1 clean disposition is intentionally not inherited.,,R2 intake pending fresh stable-ID review,,
SB-1599,enhanced,word family,посилений,"У версії або формі, яка була вдосконалена або краща за іншу стандартну форму.",needs-human,pending-r2-adjudication,No fresh R2 adjudication recorded; the R1 clean disposition is intentionally not inherited.,,R2 intake pending fresh stable-ID review,,
SB-1601,exceed,word family,перевищувати,Виходити за (якусь межу); перевершити; бути довшим ніж.,needs-human,pending-r2-adjudication,No fresh R2 adjudication recorded; the R1 clean disposition is intentionally not inherited.,,R2 intake pending fresh stable-ID review,,
SB-1602,expert,word family,експерт,Людина з широкими знаннями або здібностями в певній темі.,needs-human,pending-r2-adjudication,No fresh R2 adjudication recorded; the R1 clean disposition is intentionally not inherited.,,R2 intake pending fresh stable-ID review,,
SB-1603,federal,word family,федеральний,"Відноситься до рівня національного уряду у федеративній країні, на відміну від рівня штату, провінції, округу, міста чи селища.",needs-human,pending-r2-adjudication,No fresh R2 adjudication recorded; the R1 clean disposition is intentionally not inherited.,,R2 intake pending fresh stable-ID review,,
SB-1606,gender,word family,стать,"Ідентифікація як чоловіка, жінки чи чогось іншого та асоціація з (соціальною) роллю або набором поведінкових і культурних рис, одягу тощо; категорія, до якої за цією ознакою належить особа.",needs-human,pending-r2-adjudication,No fresh R2 adjudication recorded; the R1 clean disposition is intentionally not inherited.,,R2 intake pending fresh stable-ID review,,
SB-1608,incentive,word family,стимул,"Щось, що мотивує, збуджує або заохочує.",needs-human,pending-r2-adjudication,No fresh R2 adjudication recorded; the R1 clean disposition is intentionally not inherited.,,R2 intake pending fresh stable-ID review,,
SB-1610,index,word family,індекс,Алфавітний список предметів і їх розташування.,needs-human,pending-r2-adjudication,No fresh R2 adjudication recorded; the R1 clean disposition is intentionally not inherited.,,R2 intake pending fresh stable-ID review,,
SB-1613,input,word family,введення,"Дані, що вводяться в процес, мають намір формувати чи впливати на результат цього процесу.",needs-human,pending-r2-adjudication,No fresh R2 adjudication recorded; the R1 clean disposition is intentionally not inherited.,,R2 intake pending fresh stable-ID review,,
SB-1614,instructions,word family,інструкції,"Вказівки, які пояснюють, що або як потрібно зробити.",needs-human,pending-r2-adjudication,No fresh R2 adjudication recorded; the R1 clean disposition is intentionally not inherited.,,R2 intake pending fresh stable-ID review,,
SB-1615,intelligence,word family,інтелект,"Здатність розуму, особливо розуміти принципи, істини, факти чи значення, здобувати знання та застосовувати їх на практиці; здатність осягати і вчитися;",needs-human,pending-r2-adjudication,No fresh R2 adjudication recorded; the R1 clean disposition is intentionally not inherited.,,R2 intake pending fresh stable-ID review,,
SB-1617,lecture,word family,лекція,"Розмовний урок або експозиція, як правило, для групи.",needs-human,pending-r2-adjudication,No fresh R2 adjudication recorded; the R1 clean disposition is intentionally not inherited.,,R2 intake pending fresh stable-ID review,,
SB-1618,minimum,word family,мінімум,Найменша сума.,needs-human,pending-r2-adjudication,No fresh R2 adjudication recorded; the R1 clean disposition is intentionally not inherited.,,R2 intake pending fresh stable-ID review,,
SB-1619,motivation,word family,мотивація,Стимул або причина щось робити.,needs-human,pending-r2-adjudication,No fresh R2 adjudication recorded; the R1 clean disposition is intentionally not inherited.,,R2 intake pending fresh stable-ID review,,
SB-1622,overseas,word family,за кордоном,"За кордон, особливо за море.",P2,semantic-scope,Only directional 'за кордон' is represented; locative 'за кордоном' and overseas-across-the-sea use are not distinguished.,medium,Codex seed-20260914 blinded acceptance challenge,,
SB-1623,preceding,word family,попередній,"Відбувається до або перед чимось іншим, у часі, місці, ранзі чи послідовності.",needs-human,pending-r2-adjudication,No fresh R2 adjudication recorded; the R1 clean disposition is intentionally not inherited.,,R2 intake pending fresh stable-ID review,,
SB-1627,subsidiary,word family,дочірнє підприємство,"Компанія, що належить материнській компанії або холдинговій компанії, також називається дочірньою компанією або дочірньою компанією.",needs-human,pending-r2-adjudication,No fresh R2 adjudication recorded; the R1 clean disposition is intentionally not inherited.,,R2 intake pending fresh stable-ID review,,
SB-1628,tapes,word family,стрічки,Гнучкий матеріал в рулоні з липкою поверхнею з одного або обох боків; липка стрічка.,needs-human,pending-r2-adjudication,No fresh R2 adjudication recorded; the R1 clean disposition is intentionally not inherited.,,R2 intake pending fresh stable-ID review,,
SB-1630,adults,word family,дорослі,"Особа, яка досягла повноліття.",P1,pos-morphology,Plural adults/дорослі is defined with singular 'Особа'.,high,Codex seed-20260914 blinded acceptance challenge,,
SB-1633,chemical,word family,хімічний,З хімії або пов'язаної з нею.,needs-human,pending-r2-adjudication,No fresh R2 adjudication recorded; the R1 clean disposition is intentionally not inherited.,,R2 intake pending fresh stable-ID review,,
SB-1635,comprehensive,word family,комплексний,Широко або повністю покриває; включаючи велику частку чогось.,P1,pos-morphology-mismatch,Adjective 'comprehensive' defined with finite verb 'покриває' (3sg 'covers'); should be adjectival.,high,R1-listed defect; severity normalized to P1 by Codex acceptance review,definitionUa,"Такий, що охоплює всі або майже всі аспекти чогось; всебічний."
SB-1637,confirmed,word family,підтверджено,Перевірено або ратифіковано.,needs-human,pending-r2-adjudication,No fresh R2 adjudication recorded; the R1 clean disposition is intentionally not inherited.,,R2 intake pending fresh stable-ID review,,
SB-1638,converted,word family,перетворений,змінилася форма чи функція тощо.,needs-human,pending-r2-adjudication,No fresh R2 adjudication recorded; the R1 clean disposition is intentionally not inherited.,,R2 intake pending fresh stable-ID review,,
SB-1639,couple,word family,пара,Два партнери в романтичних або сексуальних стосунках.,needs-human,pending-r2-adjudication,No fresh R2 adjudication recorded; the R1 clean disposition is intentionally not inherited.,,R2 intake pending fresh stable-ID review,,
SB-1640,decades,word family,десятиліть,Періоди тривалістю по десять років.,needs-human,pending-r2-adjudication,No fresh R2 adjudication recorded; the R1 clean disposition is intentionally not inherited.,,R2 intake pending fresh stable-ID review,,
SB-1641,definite,word family,певний,Без жодних сумнівів.,needs-human,pending-r2-adjudication,No fresh R2 adjudication recorded; the R1 clean disposition is intentionally not inherited.,,R2 intake pending fresh stable-ID review,,
SB-1642,deny,word family,заперечувати,"Стверджувати, що щось неправда.",needs-human,pending-r2-adjudication,No fresh R2 adjudication recorded; the R1 clean disposition is intentionally not inherited.,,R2 intake pending fresh stable-ID review,,
SB-1644,eliminate,word family,ліквідувати,"Повністю прибрати, позбутися, покінчити.",needs-human,pending-r2-adjudication,No fresh R2 adjudication recorded; the R1 clean disposition is intentionally not inherited.,,R2 intake pending fresh stable-ID review,,
SB-1645,equipment,word family,обладнання,"Будь-які предмети, які використовуються для спорядження чогось або когось, наприклад речі, необхідні для експедиції чи плавання.",needs-human,pending-r2-adjudication,No fresh R2 adjudication recorded; the R1 clean disposition is intentionally not inherited.,,R2 intake pending fresh stable-ID review,,
SB-1646,file,word family,файл,"Збірка документів, зібраних і архівованих разом.",needs-human,pending-r2-adjudication,No fresh R2 adjudication recorded; the R1 clean disposition is intentionally not inherited.,,R2 intake pending fresh stable-ID review,,
SB-1647,finite,word family,кінцевий,"Такий, що має визначену межу, кінець або обмежену кількість.",needs-human,pending-r2-adjudication,No fresh R2 adjudication recorded; the R1 clean disposition is intentionally not inherited.,,R2 intake pending fresh stable-ID review,,
SB-1648,foundation,word family,основа,"Те, на чому все засновано; те, на чому що-небудь стоїть і чим воно підтримується; нижній і опорний шар надбудови; підбудова.",needs-human,pending-r2-adjudication,No fresh R2 adjudication recorded; the R1 clean disposition is intentionally not inherited.,,R2 intake pending fresh stable-ID review,,
SB-1649,global,word family,глобальний,Щодо всіх частин світу.,needs-human,pending-r2-adjudication,No fresh R2 adjudication recorded; the R1 clean disposition is intentionally not inherited.,,R2 intake pending fresh stable-ID review,,
SB-1650,grade,word family,клас,"Виконання тесту чи іншого оцінювання, виражене цифрою, літерою чи іншим символом; оцінка.",needs-human,pending-r2-adjudication,No fresh R2 adjudication recorded; the R1 clean disposition is intentionally not inherited.,,R2 intake pending fresh stable-ID review,,
SB-1651,guarantee,word family,гарантія,"Все, що забезпечує певний результат.",needs-human,pending-r2-adjudication,No fresh R2 adjudication recorded; the R1 clean disposition is intentionally not inherited.,,R2 intake pending fresh stable-ID review,,
SB-1652,hierarchical,word family,ієрархічний,Що стосується ієрархії.,needs-human,pending-r2-adjudication,No fresh R2 adjudication recorded; the R1 clean disposition is intentionally not inherited.,,R2 intake pending fresh stable-ID review,,
SB-1653,identical,word family,однакові,"Маючи повну схожість, маючи абсолютно однаковий набір характеристик; нерозрізнений.",needs-human,pending-r2-adjudication,No fresh R2 adjudication recorded; the R1 clean disposition is intentionally not inherited.,,R2 intake pending fresh stable-ID review,,
SB-1658,media,word family,ЗМІ,Засоби та інститути публікації та трансляції інформації.,needs-human,pending-r2-adjudication,No fresh R2 adjudication recorded; the R1 clean disposition is intentionally not inherited.,,R2 intake pending fresh stable-ID review,,
SB-1660,paradigm,word family,парадигма,"Зразок, спосіб виконання чогось; особливо модель мислення, система вірувань, концептуальна основа.",needs-human,pending-r2-adjudication,No fresh R2 adjudication recorded; the R1 clean disposition is intentionally not inherited.,,R2 intake pending fresh stable-ID review,,
SB-1661,phenomenon,word family,явище,"Річ або істота, подія або процес, що сприймаються органами чуття; або факт чи подія цього.",needs-human,pending-r2-adjudication,No fresh R2 adjudication recorded; the R1 clean disposition is intentionally not inherited.,,R2 intake pending fresh stable-ID review,,
SB-1662,priority,word family,пріоритет,Відносна важливість елемента.,needs-human,pending-r2-adjudication,No fresh R2 adjudication recorded; the R1 clean disposition is intentionally not inherited.,,R2 intake pending fresh stable-ID review,,
SB-1663,prohibited,word family,заборонено,Заборонено; заборонений; недозволено.,needs-human,pending-r2-adjudication,No fresh R2 adjudication recorded; the R1 clean disposition is intentionally not inherited.,,R2 intake pending fresh stable-ID review,,
SB-1664,publication,word family,публікація,Акт видання друкованого чи іншого видання.,needs-human,pending-r2-adjudication,No fresh R2 adjudication recorded; the R1 clean disposition is intentionally not inherited.,,R2 intake pending fresh stable-ID review,,
SB-1665,quotation,word family,цитата,"Фрагмент людського виразу, який повторює хтось інший, наприклад, з літератури чи відомої промови.",needs-human,pending-r2-adjudication,No fresh R2 adjudication recorded; the R1 clean disposition is intentionally not inherited.,,R2 intake pending fresh stable-ID review,,
SB-1667,somewhat,word family,дещо,В обмеженій мірі або ступені; не повністю.,needs-human,pending-r2-adjudication,No fresh R2 adjudication recorded; the R1 clean disposition is intentionally not inherited.,,R2 intake pending fresh stable-ID review,,
SB-1668,submitted,word family,подано,"Внести або винести на затвердження, розгляд, відмітку тощо.",P1,pos-morphology,Submitted is rendered as impersonal 'подано' but defined by active infinitives 'Внести або винести'.,high,Codex seed-20260914 blinded acceptance challenge,,
SB-1669,survive,word family,вижити,"Про людину, продовжувати жити; залишитися живим.",needs-human,pending-r2-adjudication,No fresh R2 adjudication recorded; the R1 clean disposition is intentionally not inherited.,,R2 intake pending fresh stable-ID review,,
SB-1670,thesis,word family,теза,"Розгорнута наукова робота або основне твердження, яке автор обґрунтовує доказами.",needs-human,pending-r2-adjudication,No fresh R2 adjudication recorded; the R1 clean disposition is intentionally not inherited.,,R2 intake pending fresh stable-ID review,,
SB-1672,ultimately,word family,зрештою,Зрештою; нарешті.,needs-human,pending-r2-adjudication,No fresh R2 adjudication recorded; the R1 clean disposition is intentionally not inherited.,,R2 intake pending fresh stable-ID review,,
SB-1675,voluntary,word family,добровільний,"Робиться, дається або діє за власним бажанням.",needs-human,pending-r2-adjudication,No fresh R2 adjudication recorded; the R1 clean disposition is intentionally not inherited.,,R2 intake pending fresh stable-ID review,,
SB-1677,accompanied,word family,у супроводі,Наявність супроводу; бути частиною групи щонайменше з двох.,needs-human,pending-r2-adjudication,No fresh R2 adjudication recorded; the R1 clean disposition is intentionally not inherited.,,R2 intake pending fresh stable-ID review,,
SB-1678,ambiguous,word family,неоднозначний,Відкритий для багатьох інтерпретацій.,needs-human,pending-r2-adjudication,No fresh R2 adjudication recorded; the R1 clean disposition is intentionally not inherited.,,R2 intake pending fresh stable-ID review,,
SB-1680,automatically,word family,автоматично,Автоматичним способом.,needs-human,pending-r2-adjudication,No fresh R2 adjudication recorded; the R1 clean disposition is intentionally not inherited.,,R2 intake pending fresh stable-ID review,,
SB-1683,conformity,word family,відповідність,"Стан відповідності, дотримання набору правил, норми чи стандарту.",needs-human,pending-r2-adjudication,No fresh R2 adjudication recorded; the R1 clean disposition is intentionally not inherited.,,R2 intake pending fresh stable-ID review,,
SB-1686,currency,word family,валюта,"Гроші чи інші предмети, які використовуються для здійснення операцій.",needs-human,pending-r2-adjudication,No fresh R2 adjudication recorded; the R1 clean disposition is intentionally not inherited.,,R2 intake pending fresh stable-ID review,,
SB-1688,detected,word family,виявлено,Будучи поміченим.,needs-human,pending-r2-adjudication,No fresh R2 adjudication recorded; the R1 clean disposition is intentionally not inherited.,,R2 intake pending fresh stable-ID review,,
SB-1690,displacement,word family,переміщення,Акт витіснення або стан витіснення; постановка з місця.,needs-human,pending-r2-adjudication,No fresh R2 adjudication recorded; the R1 clean disposition is intentionally not inherited.,,R2 intake pending fresh stable-ID review,,
SB-1692,eventually,word family,зрештою,"Зрештою; пізніше, особливо після тривалого часу, серія проблем, боротьби, затримок або невдач.",needs-human,pending-r2-adjudication,No fresh R2 adjudication recorded; the R1 clean disposition is intentionally not inherited.,,R2 intake pending fresh stable-ID review,,
SB-1695,guidelines,word family,настанови,"Неконкретне правило або принцип, який забезпечує напрямок дій або поведінки.",P1,pos-morphology-mismatch,Plural headword 'guidelines' glossed with singular 'правило/принцип'; number mismatch.,medium,R1-listed defect; severity normalized to P1 by Codex acceptance review,definitionUa,"Загальні правила, принципи або рекомендації, що спрямовують дії чи поведінку."
SB-1697,implicit,word family,неявний,"Пропонується опосередковано, без прямого вираження.",needs-human,pending-r2-adjudication,No fresh R2 adjudication recorded; the R1 clean disposition is intentionally not inherited.,,R2 intake pending fresh stable-ID review,,
SB-1699,inevitably,word family,неминуче,"Таким чином, якого неможливо уникнути або запобігти.",needs-human,pending-r2-adjudication,No fresh R2 adjudication recorded; the R1 clean disposition is intentionally not inherited.,,R2 intake pending fresh stable-ID review,,
SB-1700,infrastructure,word family,інфраструктура,"Об’єкти, послуги та обладнання, необхідні для функціонування спільноти чи суспільства.",needs-human,pending-r2-adjudication,No fresh R2 adjudication recorded; the R1 clean disposition is intentionally not inherited.,,R2 intake pending fresh stable-ID review,,
SB-1701,minimised,word family,зведений до мінімуму,"Зменшений до найнижчого можливого рівня, кількості або ступеня.",needs-human,pending-r2-adjudication,No fresh R2 adjudication recorded; the R1 clean disposition is intentionally not inherited.,,R2 intake pending fresh stable-ID review,,
SB-1705,plus,word family,плюс,Позитивна величина.,needs-human,pending-r2-adjudication,No fresh R2 adjudication recorded; the R1 clean disposition is intentionally not inherited.,,R2 intake pending fresh stable-ID review,,
SB-1707,prospect,word family,перспектива,"Потенційні речі, які можуть статися, часто сприятливі.",P1,pos-morphology-mismatch,Singular 'prospect' defined with plural 'Потенційні речі'; number/morphology mismatch.,medium,R1-listed defect; severity normalized to P1 by Codex acceptance review,definitionUa,"Можливість або очікування майбутньої події, часто сприятливої."
SB-1708,random,word family,випадковий,"Виникає без особливої ​​причини; випадковий, непередбачуваний.",needs-human,pending-r2-adjudication,No fresh R2 adjudication recorded; the R1 clean disposition is intentionally not inherited.,,R2 intake pending fresh stable-ID review,,
SB-1709,reinforced,word family,посилений,Був або містить підкріплення.,needs-human,pending-r2-adjudication,No fresh R2 adjudication recorded; the R1 clean disposition is intentionally not inherited.,,R2 intake pending fresh stable-ID review,,
SB-1711,revision,word family,перегляд,"Дія або процес перегляду, редагування та внесення змін.",needs-human,pending-r2-adjudication,No fresh R2 adjudication recorded; the R1 clean disposition is intentionally not inherited.,,R2 intake pending fresh stable-ID review,,
SB-1712,schedule,word family,графік,"Процедурний план, як правило, але не обов’язково табличного характеру, із зазначенням послідовності операцій і запланованого часу, коли ці операції мають виконуватися.",needs-human,pending-r2-adjudication,No fresh R2 adjudication recorded; the R1 clean disposition is intentionally not inherited.,,R2 intake pending fresh stable-ID review,,
SB-1713,tension,word family,напруга,"Умова перебування в стані між двома або більше силами, які діють протилежно одна одній.",needs-human,pending-r2-adjudication,No fresh R2 adjudication recorded; the R1 clean disposition is intentionally not inherited.,,R2 intake pending fresh stable-ID review,,
SB-1714,termination,word family,припинення,Процес припинення або стан припинення.,needs-human,pending-r2-adjudication,No fresh R2 adjudication recorded; the R1 clean disposition is intentionally not inherited.,,R2 intake pending fresh stable-ID review,,
SB-1715,theme,word family,тема,"Предмет, тепер особливо розмови чи художнього твору; тема.",needs-human,pending-r2-adjudication,No fresh R2 adjudication recorded; the R1 clean disposition is intentionally not inherited.,,R2 intake pending fresh stable-ID review,,
SB-1716,uniform,word family,уніформа,"Відмітний одяг, який служить для ідентифікації членів групи, компанії, ув'язнених тощо.",needs-human,pending-r2-adjudication,No fresh R2 adjudication recorded; the R1 clean disposition is intentionally not inherited.,,R2 intake pending fresh stable-ID review,,
SB-1717,vehicle,word family,транспортний засіб,"Транспортний засіб: місткий пристрій для перенесення або транспортування речовин, предметів, людей або тварин.",needs-human,pending-r2-adjudication,No fresh R2 adjudication recorded; the R1 clean disposition is intentionally not inherited.,,R2 intake pending fresh stable-ID review,,
SB-1719,virtually,word family,практично,"Майже, але не зовсім.",needs-human,pending-r2-adjudication,No fresh R2 adjudication recorded; the R1 clean disposition is intentionally not inherited.,,R2 intake pending fresh stable-ID review,,
SB-1721,visual,word family,візуальний,Пов’язані із зором або впливають на нього.,needs-human,pending-r2-adjudication,No fresh R2 adjudication recorded; the R1 clean disposition is intentionally not inherited.,,R2 intake pending fresh stable-ID review,,
SB-1722,accommodation,word family,проживання,"Проживання в житлі чи подібних житлових приміщеннях, які надаються мандрівникам у готелях або на круїзних суднах, або ув’язненим тощо.",needs-human,pending-r2-adjudication,No fresh R2 adjudication recorded; the R1 clean disposition is intentionally not inherited.,,R2 intake pending fresh stable-ID review,,
SB-1723,analogous,word family,аналогічний,"Наявність аналога, статус аналога; відповідний чомусь іншому; має певну схожість або схожу пропорцію (часто після «до».)",needs-human,pending-r2-adjudication,No fresh R2 adjudication recorded; the R1 clean disposition is intentionally not inherited.,,R2 intake pending fresh stable-ID review,,
SB-1724,anticipated,word family,очікуваний,очікується прибуття; заплановано,needs-human,pending-r2-adjudication,No fresh R2 adjudication recorded; the R1 clean disposition is intentionally not inherited.,,R2 intake pending fresh stable-ID review,,
SB-1730,concurrent,word family,одночасний,Відбувається одночасно; одночасний.,needs-human,pending-r2-adjudication,No fresh R2 adjudication recorded; the R1 clean disposition is intentionally not inherited.,,R2 intake pending fresh stable-ID review,,
SB-1731,confined,word family,обмежений,Не вільно рухатися.,P1,pos-morphology-mismatch,Adjective/participle 'confined' glossed with infinitive phrase 'Не вільно рухатися'; POS mismatch.,high,R1-listed defect; severity normalized to P1 by Codex acceptance review,definitionUa,Обмежений у русі; не здатний вільно рухатися.
SB-1732,controversy,word family,суперечка,Дебати або обговорення протилежних думок; (загалом) сварка.,needs-human,pending-r2-adjudication,No fresh R2 adjudication recorded; the R1 clean disposition is intentionally not inherited.,,R2 intake pending fresh stable-ID review,,
SB-1733,conversely,word family,навпаки,З іншої точки зору; з іншого боку.,needs-human,pending-r2-adjudication,No fresh R2 adjudication recorded; the R1 clean disposition is intentionally not inherited.,,R2 intake pending fresh stable-ID review,,
SB-1734,device,word family,пристрій,"Будь-яка частина обладнання, виготовлена ​​для певної мети, особливо механічна чи електрична.",needs-human,pending-r2-adjudication,No fresh R2 adjudication recorded; the R1 clean disposition is intentionally not inherited.,,R2 intake pending fresh stable-ID review,,
SB-1735,devoted,word family,відданий,Сильна емоційна прив'язаність; дуже любити когось або щось.,P1,pos-morphology-mismatch,Adjective 'devoted' glossed with noun phrase 'Сильна емоційна прив'язаність' + infinitive 'любити'; POS mismatch.,high,R1-listed defect; severity normalized to P1 by Codex acceptance review,definitionUa,Який має сильну емоційну прив'язаність; відданий; дуже любить когось або щось.
SB-1737,duration,word family,тривалість,Проміжок часу або певний проміжок часу.,needs-human,pending-r2-adjudication,No fresh R2 adjudication recorded; the R1 clean disposition is intentionally not inherited.,,R2 intake pending fresh stable-ID review,,
SB-1738,erosion,word family,ерозія,"Результат зносу або ерозії, як льодовик на скелі або море на скелі.",needs-human,pending-r2-adjudication,No fresh R2 adjudication recorded; the R1 clean disposition is intentionally not inherited.,,R2 intake pending fresh stable-ID review,,
SB-1739,ethical,word family,етичний,"Що стосується загальноприйнятих принципів правильного й неправильного, особливо в певній організації чи професії.",needs-human,pending-r2-adjudication,No fresh R2 adjudication recorded; the R1 clean disposition is intentionally not inherited.,,R2 intake pending fresh stable-ID review,,
SB-1740,format,word family,формат,Макет публікації чи документа.,needs-human,pending-r2-adjudication,No fresh R2 adjudication recorded; the R1 clean disposition is intentionally not inherited.,,R2 intake pending fresh stable-ID review,,
SB-1744,mediation,word family,посередництво,"Переговори для вирішення розбіжностей, які проводяться неупередженою стороною.",needs-human,pending-r2-adjudication,No fresh R2 adjudication recorded; the R1 clean disposition is intentionally not inherited.,,R2 intake pending fresh stable-ID review,,
SB-1746,military,word family,військовий,"Стосовно збройних сил, таких як армія, морська піхота, флот і авіація (часто на відміну від цивільних чи поліцейських сил).",needs-human,pending-r2-adjudication,No fresh R2 adjudication recorded; the R1 clean disposition is intentionally not inherited.,,R2 intake pending fresh stable-ID review,,
SB-1747,norms,word family,норми,"Те, що є нормальним або типовим.",P1,pos-morphology,"Plural norms/норми is defined with singular 'Те, що є нормальним', losing the plural social-standard sense.",high,Codex seed-20260914 blinded acceptance challenge,,
SB-1749,portion,word family,частина,Виділена сума.,needs-human,pending-r2-adjudication,No fresh R2 adjudication recorded; the R1 clean disposition is intentionally not inherited.,,R2 intake pending fresh stable-ID review,,
SB-1750,qualitative,word family,якісний,"Описів або відмінностей, заснованих на певній якості, а не на певній кількості.",needs-human,pending-r2-adjudication,No fresh R2 adjudication recorded; the R1 clean disposition is intentionally not inherited.,,R2 intake pending fresh stable-ID review,,
SB-1752,relaxed,word family,розслаблений,Вільний від напруги або тривоги; невимушено; неквапливий.,needs-human,pending-r2-adjudication,No fresh R2 adjudication recorded; the R1 clean disposition is intentionally not inherited.,,R2 intake pending fresh stable-ID review,,
SB-1753,restraints,word family,обмеження,контроль або обережність; резерв,needs-human,pending-r2-adjudication,No fresh R2 adjudication recorded; the R1 clean disposition is intentionally not inherited.,,R2 intake pending fresh stable-ID review,,
SB-1754,revolution,word family,революція,"Політичний переворот в уряді чи державі, що характеризується великими змінами.",P2,semantic-scope,The definition covers political revolution only and uses the awkward phrase 'переворот в уряді чи державі'.,medium,Codex seed-20260914 blinded acceptance challenge,,
SB-1755,rigid,word family,жорсткий,"Жорсткий, а не гнучкий.",needs-human,pending-r2-adjudication,No fresh R2 adjudication recorded; the R1 clean disposition is intentionally not inherited.,,R2 intake pending fresh stable-ID review,,
SB-1757,scenario,word family,сценарій,Схема або модель очікуваної чи передбачуваної послідовності подій.,needs-human,pending-r2-adjudication,No fresh R2 adjudication recorded; the R1 clean disposition is intentionally not inherited.,,R2 intake pending fresh stable-ID review,,
SB-1758,subordinate,word family,підлеглий,"Поставлений у нижчий клас, ранг або посаду.",needs-human,pending-r2-adjudication,No fresh R2 adjudication recorded; the R1 clean disposition is intentionally not inherited.,,R2 intake pending fresh stable-ID review,,
SB-1759,supplementary,word family,додатковий,"додатковий; додано, щоб забезпечити те, що потрібно.",needs-human,pending-r2-adjudication,No fresh R2 adjudication recorded; the R1 clean disposition is intentionally not inherited.,,R2 intake pending fresh stable-ID review,,
SB-1760,suspended,word family,призупинено,Змусив на деякий час зупинитися; переривається або затримується.,needs-human,pending-r2-adjudication,No fresh R2 adjudication recorded; the R1 clean disposition is intentionally not inherited.,,R2 intake pending fresh stable-ID review,,
SB-1761,team,word family,команда,"Будь-яка група людей, які займаються однією діяльністю, особливо спортом або роботою.",needs-human,pending-r2-adjudication,No fresh R2 adjudication recorded; the R1 clean disposition is intentionally not inherited.,,R2 intake pending fresh stable-ID review,,
SB-1762,temporary,word family,тимчасовий,Не постійний; існує лише протягом періоду або періодів часу.,P2,learner-register,'протягом періоду або періодів часу' is redundant and needlessly opaque.,medium,Codex seed-20260914 blinded acceptance challenge,,
SB-1768,conceived,word family,задуманий,сформований у свідомості,needs-human,pending-r2-adjudication,No fresh R2 adjudication recorded; the R1 clean disposition is intentionally not inherited.,,R2 intake pending fresh stable-ID review,,
SB-1769,convinced,word family,переконаний,"У стані віри, особливо на основі доказів, але не обов'язково.",needs-human,pending-r2-adjudication,No fresh R2 adjudication recorded; the R1 clean disposition is intentionally not inherited.,,R2 intake pending fresh stable-ID review,,
SB-1770,depression,word family,депресія,"Душевний стан, що викликає серйозне довгострокове зниження задоволення від життя або нездатність уявити собі щасливе майбутнє; будь-який із кількох психічних розладів, головною ознакою якого є цей стан розуму.",P2,semantic-scope,"The definition is dense, clinical-only, and omits ordinary and economic senses carried by this word-family entry.",medium,Codex seed-20260914 blinded acceptance challenge,,
SB-1771,encountered,word family,зіткнувся,"Зустріти (когось) або знайти (щось), особливо несподівано.",needs-human,pending-r2-adjudication,No fresh R2 adjudication recorded; the R1 clean disposition is intentionally not inherited.,,R2 intake pending fresh stable-ID review,,
SB-1772,enormous,word family,величезний,"Надзвичайно великий; значно перевищує звичайний розмір, протяжність тощо.",needs-human,pending-r2-adjudication,No fresh R2 adjudication recorded; the R1 clean disposition is intentionally not inherited.,,R2 intake pending fresh stable-ID review,,
SB-1774,intrinsic,word family,внутрішній,"Вроджений, властивий, невіддільний від самої речі, істотний.",needs-human,pending-r2-adjudication,No fresh R2 adjudication recorded; the R1 clean disposition is intentionally not inherited.,,R2 intake pending fresh stable-ID review,,
SB-1777,likewise,word family,так само,також; крім того; теж.,needs-human,pending-r2-adjudication,No fresh R2 adjudication recorded; the R1 clean disposition is intentionally not inherited.,,R2 intake pending fresh stable-ID review,,
SB-1778,notwithstanding,word family,незважаючи на це,"Тим не менш, все так само.",needs-human,pending-r2-adjudication,No fresh R2 adjudication recorded; the R1 clean disposition is intentionally not inherited.,,R2 intake pending fresh stable-ID review,,
SB-1783,so-called,word family,т. зв,Так названо; зазвичай називають.,needs-human,pending-r2-adjudication,No fresh R2 adjudication recorded; the R1 clean disposition is intentionally not inherited.,,R2 intake pending fresh stable-ID review,,
SB-1784,undergo,word family,пройти,Переживати; пройти через фазу.,P2,semantic-scope,"The definition narrows undergo to experiences or a phase and does not cover processes, treatment, or change generally.",medium,Codex seed-20260914 blinded acceptance challenge,,
