id,stage,source_stage,proposal_source,word,pos,category,confidence,provenance,finding_evidence,proposal_rationale,current_ua,current_definitionUa,source_proposed_target,source_proposed_value,proposed_ua,proposed_definitionUa,proposal_fields,effective_fields,current_pair_sha256,finding_rationale,finding_confidence,proposal_evidence_quote
SB-0009,A,part1-floor,docs/G4A_RESIDUAL_AUDIT_R2_INTAKE.csv,accelerate,v.,grammar-calque-fragment,high,R1-listed defect; severity normalized to P1 by Codex acceptance review,"definitionUa ends with dangling purpose-clause fragment 'щоб збільшити швидкість' appended to two finished glosses; grammatically a fragment, not a definition.",,прискорити,Змусити рухатися швидше; прискорити рух; щоб збільшити швидкість.,definitionUa,Змусити рухатися швидше; збільшити швидкість.,,Змусити рухатися швидше; збільшити швидкість.,definitionUa,definitionUa,5604bc386fa829d9462ec2cb2639d7f3b4a2487d609984eb761b32bc524f6fbe,,high,
SB-0014,A,part1-floor,docs/G4A_RESIDUAL_AUDIT_R2_INTAKE.csv,accordingly,adv.,semantic-pedagogical-error,low,R1-listed defect; severity normalized to P1 by Codex acceptance review,'accordingly' primary gloss 'У природній послідовності' (in natural sequence) is a dubious archaic sense; core sense 'отже' present.,,відповідно,У природній послідовності; отже; так.,definitionUa,Відповідним чином; отже; таким чином.,,Відповідним чином; отже; таким чином.,definitionUa,definitionUa,2c549c8fc01b381210bdba95c4a1842805dc72ffb5ed9002a1ee8f90bb8e888d,,low,
SB-0015,A,r2-reconciliation,docs/G4A_R2_RECON_CHUNK2.csv,accountability,n.,calque-russianism,high,R2 A/B reconciliation (union-defect roster),викликати звіт,,підзвітність,Стан підзвітності; зобов'язання викликати звіт або дати пояснення; зобов'язання нести відповідальність або відповідати за щось.,definitionUa,Обов’язок пояснювати свої дії та нести за них відповідальність.,,Обов’язок пояснювати свої дії та нести за них відповідальність.,definitionUa,definitionUa,2a4b9624b808e5c8469a75b50d8429ec944be7086d1039db35e4730064a829b3,"«викликати звіт» is a literal calque of 'call to account', non-idiomatic Ukrainian — confirmed (Pass B wrongly cleared it).",high,
SB-0024,A,part1-floor,docs/G4A_RESIDUAL_AUDIT_R2_INTAKE.csv,activation,n.,pos-morphology-mismatch,medium,R1-listed defect; severity normalized to P1 by Codex acceptance review,"noun 'activation' led with an infinitive-verb phrase 'Робити активними та ефективними'; a correct nominal gloss follows, so partial POS inconsistency.",,активація,Робити активними та ефективними; приведення в стан активності.,definitionUa,Процес приведення в активний стан; уведення в дію.,,Процес приведення в активний стан; уведення в дію.,definitionUa,definitionUa,736aa6b187184946c2498e802eb9af1669cd7240d84fe65666c6c05431f2ad0d,,medium,
SB-0039,A,r2-reconciliation,docs/G4A_R2_RECON_CHUNK2.csv,aesthetic,adj.,calque-russianism,high,R2 A/B reconciliation (union-defect roster),Стурбований красою,,естетичний,"Стурбований красою, художнім ефектом або зовнішнім виглядом.",definitionUa,"Пов’язаний із красою, мистецтвом або привабливим зовнішнім виглядом.",,"Пов’язаний із красою, мистецтвом або привабливим зовнішнім виглядом.",definitionUa,definitionUa,86ae8789b3e3d0c6c57b32c1bb9efd96d173799ac846e31ce3fc662e05d6ccd4,«Стурбований красою» mistranslates 'concerned with' and gives the wrong Ukrainian sense of aesthetic — confirmed (Pass B wrongly cleared it).,high,
SB-0043,A,part1-floor,docs/G4A_R2_SUPPLEMENTAL_PROPOSALS.csv,agricultural,adj.,pos-morphology,high,Codex seed-20260914 blinded acceptance challenge,"Adjective agricultural is defined by the noun phrase 'Сільське господарство' plus an elliptical fragment; use 'Такий, що стосується сільського господарства'.","Narrow-token case: original was led by the bare noun phrase 'Сільське господарство' plus an elliptical 'або пов'язане з ним', not an adjectival formula. Rebuilt using the standard dictionary formula 'Такий, що стосується X або пов'язаний із ним', matching the recorded claim's proposed pattern and the formula already used elsewhere in this batch (SB-0428), while keeping both original elements (the referent and the 'пов'язаний з ним' idea).",сільськогосподарський,Сільське господарство або пов'язане з ним.,,,,"Такий, що стосується сільського господарства або пов'язаний із ним.",definitionUa,definitionUa,57e4ea57318045c0a20151471edc854a7edd2c2eb7be7cc9eff7f2608b2b9384,,high,Сільське господарство
SB-0047,A,r2-reconciliation,docs/G4A_R2_RECON_CHUNK2.csv,alien,adj.,grammar-syntax,high,R2 A/B reconciliation (union-defect roster),Не належать до тієї самої країни,,чужий,"Не належать до тієї самої країни, землі чи уряду, чи до їхніх громадян чи підданих; іноземні.",definitionUa,"Такий, що належить іншій країні або є чужим для певного середовища.",,"Такий, що належить іншій країні або є чужим для певного середовища.",definitionUa,definitionUa,29616cd5a0ee159a8afc7ed3a14c2597afeb56380e836836066ac973238af423,"the singular adjective alien is defined with plural verb and adjective forms, making the sentence grammatically incoherent — confirmed (Pass B wrongly cleared it).",high,
SB-0048,A,r2-reconciliation,docs/G4A_R2_RECON_CHUNK3.csv,align,v.,semantic-fidelity,high,R2 A/B reconciliation (union-defect roster),діапазон,,вирівняти,Підлаштовуватися під лінію; діапазон або форму в лінію; привести у відповідність.,both,ua: вирівнювати; узгоджувати | definitionUa: Розташовувати по прямій лінії або приводити у відповідність.,вирівнювати; узгоджувати,Розташовувати по прямій лінії або приводити у відповідність.,ua|definitionUa,ua|definitionUa,55bb41039e678d38b676aa9fb82116252db88af3ad78a54b1b8a5af674f1a4dc,the definition includes the unrelated noun «діапазон» and does not clearly separate physical alignment from agreement — confirmed over Pass B's clean.,high,
SB-0055,A,r2-reconciliation,docs/G4A_R2_RECON_CHUNK3.csv,allocate,v.,semantic-fidelity,high,R2 A/B reconciliation (union-defect roster),Відкладати для певної мети,,виділити,Відкладати для певної мети.,definitionUa,Призначати або виділяти щось для певної мети.,,Призначати або виділяти щось для певної мети.,definitionUa,definitionUa,433bea9e9c2b7ec433069304f62f51838a2ae0030a90c501b53ccb1296714570,«Відкладати» suggests postponement and does not reliably express allocating for a purpose — semantic defect confirmed.,high,
SB-0058,A,part1-floor,docs/G4A_RESIDUAL_AUDIT_R2_INTAKE.csv,ally,n.,pos-morphology-mismatch,medium,R1-listed defect; severity normalized to P1 by Codex acceptance review,"For noun 'ally', gloss includes adjective/participle 'асоційований' as a synonym; POS mismatch.",,союзник,"Людина, яка співпрацює або допомагає іншому; асоційований; друг.",definitionUa,"Той, хто співпрацює з іншим або допомагає йому; спільник, союзник.",,"Той, хто співпрацює з іншим або допомагає йому; спільник, союзник.",definitionUa,definitionUa,69f68a66fa5c765da3a832977458b3fba1f6731555018e9af541206de0b0c4f9,,medium,
SB-0060,A,r2-reconciliation,docs/G4A_R2_RECON_CHUNK1.csv,amateur,"adj., n.",pos-alignment,high,R2 A/B reconciliation (union-defect roster),не займаючись цим професійно,,любитель,"Людина, прив’язана до певної діяльності, навчання, науки чи мистецтва (наприклад, музики чи живопису), особливо та, яка розвиває будь-які дослідження, інтереси, смаки чи прихильності, не займаючись цим професійно.",both,"ua: аматор; аматорський | definitionUa: Людина, яка займається чимось не професійно; також такий, що стосується непрофесійної діяльності.",аматор; аматорський,"Людина, яка займається чимось не професійно; також такий, що стосується непрофесійної діяльності.",ua|definitionUa,ua|definitionUa,72cbadb2df9934c8214fbfdc196bdb50c4fd7231ffb306647a37424d46e96091,"amateur is adj.,n. but ua «любитель» and the definition cover only the noun, omitting the adjective — the coverage defect is confirmed (Pass B wrongly claimed noun/adj matched).",high,
SB-0061,A,part1-floor,docs/G4A_R2_SUPPLEMENTAL_PROPOSALS.csv,ambassador,n.,semantic-pedagogical,high,Codex seed-20260914 blinded acceptance challenge,"The parenthetical says the ambassador is sometimes called the ambassador's residence, which is false and likely leaked from another sense.","Narrow-token case: the parenthetical '(Іноді його називають резиденцією посла)' literally claims the ambassador (a person) is sometimes called 'the ambassador's residence' (a building), which is false and appears to be leaked from the separate 'embassy/residence' sense. Deleted only the erroneous parenthetical; the preceding sentence was accurate and preserved verbatim.",посол,"Дипломат найвищого рангу, посланий до іноземного двору, щоб представляти там свого суверена або країну. (Іноді його називають резиденцією посла)",,,,"Дипломат найвищого рангу, посланий до іноземного двору, щоб представляти там свого суверена або країну.",definitionUa,definitionUa,79d6b9f75778995cf04a7fc7cd9cf8bcfc150de2df39d056f737369924e495de,,high,резиденцією посла
SB-0063,A,r2-reconciliation,docs/G4A_R2_RECON_CHUNK1.csv,amendment,n.,sense-coverage,high,R2 A/B reconciliation (union-defect roster),до Конституції,,поправка,Доповнення та/або зміни до Конституції.,definitionUa,"Зміна або доповнення до документа, закону чи угоди, зокрема до конституції.",,"Зміна або доповнення до документа, закону чи угоди, зокрема до конституції.",definitionUa,definitionUa,908f7cc103429126c72a24d8fe0438623b1ddaaf53cc7dc4e6bf9e1daa251d6c,"amendment is defined only «до Конституції», misinforming that it is constitution-specific and omitting laws/agreements/documents — confirmed.",high,
SB-0067,A,part1-floor,docs/G4A_RESIDUAL_AUDIT_R2_INTAKE.csv,angel,n.,grammar-calque-fragment,high,R1-listed defect; severity normalized to P1 by Codex acceptance review,definitionUa 'в розвіваються шатах' is ungrammatical: finite verb 'розвіваються' where an attributive participle ('розвіяних/розвіюваних') is required.,,ангел,"Безтілесний і святий або напівбожественний посланець божества чи іншої божественної сутності, традиційно зображується як молода крилата фігура в розвіваються шатах.",definitionUa,"Безтілесний святий або напівбожественний посланець божества чи іншої божественної сутності, якого традиційно зображують молодою крилатою постаттю у просторих шатах, що розвіваються.",,"Безтілесний святий або напівбожественний посланець божества чи іншої божественної сутності, якого традиційно зображують молодою крилатою постаттю у просторих шатах, що розвіваються.",definitionUa,definitionUa,ff52a1b3b13116dd743881b99e61dc72de2674e81da6d878907c6cf2e4ea8bed,,high,
SB-0069,A,r2-reconciliation,docs/G4A_R2_RECON_CHUNK2.csv,apparatus,n.,semantic-fidelity,high,R2 A/B reconciliation (union-defect roster),конкретне виробництво,,апарат,"Сукупність засобів, за допомогою яких створюється конкретне виробництво або виконується завдання.",definitionUa,"Набір обладнання або засобів, потрібних для виконання певного завдання.",,"Набір обладнання або засобів, потрібних для виконання певного завдання.",definitionUa,definitionUa,9fabd653238455f7ac69db41a74ae1d3379ca3dbd96d30615ed93522ad52c097,«конкретне виробництво» is not an accurate account of apparatus as equipment for a task — semantic defect confirmed.,high,
SB-0070,A,part1-floor,docs/G4A_RESIDUAL_AUDIT_R2_INTAKE.csv,appealing,adj.,semantic-pedagogical-error,medium,R1-listed defect; severity normalized to P1 by Codex acceptance review,"'appealing' (attractive) led with 'Наявність апеляції' (presence of a legal appeal), a wrong-sense calque; correct 'привабливий' follows.",,привабливий,Наявність апеляції; привабливий.,definitionUa,"Привабливий; такий, що викликає інтерес або симпатію.",,"Привабливий; такий, що викликає інтерес або симпатію.",definitionUa,definitionUa,bfeb3d93b554ea9d10ebf90edb4acc0f6f87426c583c66793524a4354a7dc085,,medium,
SB-0073,A,part1-floor,docs/G4A_R2_SUPPLEMENTAL_PROPOSALS.csv,applicable,adj.,grammar-syntax,high,Codex seed-20260914 blinded acceptance challenge,The predicate switches from masculine 'Підходить' to feminine 'актуальна' for the same adjective gloss.,"Narrow-token case: the recorded claim targets only the gender disagreement on 'актуальна' vs the masculine gloss 'застосовний'. Changed only that final token to 'актуальний' and restored 'Підходить для застосування' verbatim, since that opening clause was outside the recorded defect. Separate observation for the reviewer: 'Підходить' is a finite verb form, not an adjectival predicate, so the opening clause may itself be a non-adjectival-formula defect worth a future pass -- not folded into this correction.",застосовний,"Підходить для застосування, актуальна.",,,,"Підходить для застосування, актуальний.",definitionUa,definitionUa,23a871ec063b531027df6116355b5bae2e9132c3b5c8cd891ee9e7edd7e2edd6,,high,актуальна
SB-0081,A,r2-reconciliation,docs/G4A_R2_RECON_CHUNK2.csv,arm,v.,grammar-syntax,high,R2 A/B reconciliation (union-defect roster),Для забезпечення бронею,,озброювати,Для забезпечення бронею або (особливо пізніше) зброєю.,definitionUa,Забезпечувати когось зброєю або готувати до збройної дії.,,Забезпечувати когось зброєю або готувати до збройної дії.,definitionUa,definitionUa,fed4110fba1f74b564a940e95f77d96a45a3607559db50ce3f19d6a8b66913b5,the definition begins with the purpose construction «Для забезпечення» instead of defining the verb arm — confirmed.,high,
SB-0084,A,r2-reconciliation,docs/G4A_R2_RECON_CHUNK3.csv,ash,n.,semantic-fidelity,high,R2 A/B reconciliation (union-defect roster),Суцільні залишки пожежі,,попіл,Суцільні залишки пожежі.,definitionUa,Твердий порошкоподібний залишок після згоряння речовини.,,Твердий порошкоподібний залишок після згоряння речовини.,definitionUa,definitionUa,dff945364af2d3594b261918b3370598233bf8a6d1780bc21f84967f4aa31966,"«Суцільні залишки» means continuous remains, not the solid residue left after burning — semantic defect confirmed.",high,
SB-0087,A,r2-reconciliation,docs/G4A_R2_RECON_CHUNK3.csv,assassination,n.,sense-coverage,high,R2 A/B reconciliation (union-defect roster),з політичних мотивів,,вбивство,"Вбивство людини, особливо з політичних мотивів або заради особистої вигоди.",ua,політичне або замовне вбивство,політичне або замовне вбивство,,ua,ua,e15d642e5c238b1437038bddad4097af0a28a722a91eee9a2f44bb93ebc3d39b,"the bare gloss «вбивство» loses the targeted, often political character of assassination — sense-coverage confirmed.",high,
SB-0088,A,r2-reconciliation,docs/G4A_R2_RECON_CHUNK1.csv,assault,"n., v.",pos-alignment,high,R2 A/B reconciliation (union-defect roster),Нападати,,напад,"Нападати, фізично чи фігурально; атакувати.",both,ua: напад; нападати | definitionUa: Фізична або словесна атака; також нападати на когось чи щось.,напад; нападати,Фізична або словесна атака; також нападати на когось чи щось.,ua|definitionUa,ua|definitionUa,23ef741b0e2cc5aa066d85c1d48b8ddbb239130bd405ecf0bc181e1b10b1cf4b,"assault is n.,v. but ua «напад» is noun-only while the definition «Нападати… атакувати» is verb-only — an internal POS mismatch confirmed.",high,
SB-0092,A,r2-reconciliation,docs/G4A_R2_RECON_CHUNK1.csv,assertion,n.,learner-register,high,R2 A/B reconciliation (union-defect roster),авермент,,твердження,Акт ствердження; позитивна декларація або авермент.,definitionUa,Упевнене й чітке твердження або заява.,,Упевнене й чітке твердження або заява.,definitionUa,definitionUa,0ed4ad4cf3256aee013620419d28e1f31c848d4554741bce5fae754b825c55bc,"«авермент» is a rare, unexplained borrowing unsuitable for learner-facing Ukrainian — the register defect is confirmed.",high,
SB-0099,A,r2-reconciliation,docs/G4A_R2_RECON_CHUNK3.csv,attribute,"v., n.",pos-alignment,high,R2 A/B reconciliation (union-defect roster),Пов'язувати право власності,,атрибут,Пов'язувати право власності чи авторство на (щось) з кимось.,both,ua: ознака; приписувати | definitionUa: Характерна риса; також вважати щось наслідком чи твором певної особи або причини.,ознака; приписувати,Характерна риса; також вважати щось наслідком чи твором певної особи або причини.,ua|definitionUa,ua|definitionUa,7f52361297b753326ec9713a3be305236aa4b109df1de7b6929ad44324f1ce80,"attribute is v.,n. but ua «атрибут» gives only the noun while the definition «Пов’язувати…» gives only the verb — coverage defect confirmed over Pass B's P2.",high,
SB-0114,A,r2-reconciliation,docs/G4A_R2_RECON_CHUNK3.csv,barrel,n.,semantic-fidelity,high,R2 A/B reconciliation (union-defect roster),зроблена з держаків,,бочка,"Кругла (циліндрична) посудина, така як бочка, більша за довжину, ніж завширшки, і опукла в середині, зроблена з держаків, зв’язаних обручами, і має плоскі кінці (голови).",definitionUa,"Циліндрична посудина, довша, ніж ширша, опукла посередині й складена з клепок, стягнутих обручами.",,"Циліндрична посудина, довша, ніж ширша, опукла посередині й складена з клепок, стягнутих обручами.",definitionUa,definitionUa,a19a4f803b88e62bd45f9009293bb194ff687d99bf722a7338fa35543cf08e08,the definition reverses the dimensions and mistranslates staves as «держаки» — confirmed over Pass B's P2.,high,
SB-0118,A,r2-reconciliation,docs/G4A_R2_RECON_CHUNK2.csv,bay,n.,calque-russianism,high,R2 A/B reconciliation (union-defect roster),Тіло води,,затока,"Тіло води (особливо море), яке міститься увігнутою береговою лінією.",definitionUa,"Частина моря чи озера, що вдається в суходіл і частково оточена берегом.",,"Частина моря чи озера, що вдається в суходіл і частково оточена берегом.",definitionUa,definitionUa,8add59dbee33e78fd6ef8d29c38c1d4583ee0e96a6e384f2154d70d84324190f,«Тіло води … міститься увігнутою береговою лінією» is an unintelligible literal calque — confirmed over Pass B's P2.,high,
SB-0122,A,r2-reconciliation,docs/G4A_R2_RECON_CHUNK3.csv,beloved,adj.,grammar-syntax,high,R2 A/B reconciliation (union-defect roster),"Дуже любив, ніжно любив",,коханий,"Дуже любив, ніжно любив.",definitionUa,Дуже дорогий або коханий.,,Дуже дорогий або коханий.,definitionUa,definitionUa,e95b0f68dcf6a122621eb3ee993f111ce2fc1a346ceeee189f5a08a3d33e27ce,past-tense «Дуже любив» neither agrees with nor defines the adjective beloved — POS/grammar defect confirmed over Pass B's P2.,high,
SB-0129,A,r2-reconciliation,docs/G4A_R2_RECON_CHUNK1.csv,biography,n.,grammar-syntax,high,R2 A/B reconciliation (union-defect roster),особливо опублікованої,,біографія,"Історія життя людини, особливо опублікованої.",definitionUa,"Опис життя людини, написаний іншою особою.",,"Опис життя людини, написаний іншою особою.",definitionUa,definitionUa,52f19e19a4dc4360dc0222f409099c2ba892ae88776f4006fe30c2f2b3972dd5,«особливо опублікованої» grammatically attaches to the person rather than the life-account — the syntax defect is confirmed.,high,
SB-0134,A,r2-reconciliation,docs/G4A_R2_RECON_CHUNK3.csv,bleed,v.,semantic-fidelity,high,R2 A/B reconciliation (union-defect roster),Пролити кров,,кровоточити,Пролити кров через ушкоджену кровоносну судину.,definitionUa,Втрачати кров через ушкодження кровоносної судини.,,Втрачати кров через ушкодження кровоносної судини.,definitionUa,definitionUa,05d137ffbe9da5e102c19038acfeb08d53e4157d4a44f3d9382096a8ff301017,the transitive perfective «Пролити кров» does not define the intransitive verb кровоточити — confirmed.,high,
SB-0142,A,part1-floor,docs/G4A_RESIDUAL_AUDIT_R2_INTAKE.csv,boundary,n.,semantic-pedagogical-error,high,R1-listed defect; severity normalized to P1 by Codex acceptance review,'розташування' (location/arrangement) is wrong for boundary; boundary is a line of division ('поділу/межа').,,межа,Лінія розмежування або розташування між двома областями.,definitionUa,Лінія поділу між двома областями; межа.,,Лінія поділу між двома областями; межа.,definitionUa,definitionUa,f35ef274dbebb16630f82acdf65cc6c9fde9da0de928c75d04c5ea96a3fd2918,,high,
SB-0152,A,r2-reconciliation,docs/G4A_R2_RECON_CHUNK1.csv,buddy,n.,semantic-fidelity,high,R2 A/B reconciliation (union-defect roster),випадковий знайомий,,приятель,Друг або випадковий знайомий.,definitionUa,"Друг або приятель, з яким мають близькі чи невимушені стосунки.",,"Друг або приятель, з яким мають близькі чи невимушені стосунки.",definitionUa,definitionUa,208a75dfa41719995f44057557aa688317305b25b177ff5a78b32e89a2c3ab18,buddy is a pal/close informal friend; «випадковий знайомий» (chance acquaintance) mis-teaches the relationship as distant — Pass A's semantic defect confirmed on the frozen text.,high,
SB-0156,A,r2-reconciliation,docs/G4A_R2_RECON_CHUNK2.csv,bureaucracy,n.,calque-russianism,high,R2 A/B reconciliation (union-defect roster),Уряд через бюро,,бюрократія,Уряд через бюро або їхніх адміністраторів чи службовців.,definitionUa,"Система управління, у якій важливу роль відіграють численні установи, правила й посадовці.",,"Система управління, у якій важливу роль відіграють численні установи, правила й посадовці.",definitionUa,definitionUa,feb990bb9b240cfa756a44d1dd21b3c17198972f26d2abd8be9651a55bd5cb74,"«Уряд через бюро» is a literal, unidiomatic rendering that does not explain bureaucracy — confirmed.",high,
SB-0158,A,r2-reconciliation,docs/G4A_R2_RECON_CHUNK3.csv,burst,v.,grammar-syntax,high,R2 A/B reconciliation (union-defect roster),Зламати від внутрішнього тиску,,лопнути,Зламати від внутрішнього тиску.,definitionUa,Раптово розірватися або лопнути під внутрішнім тиском.,,Раптово розірватися або лопнути під внутрішнім тиском.,definitionUa,definitionUa,8af74610b45cb3eb0f1e23628b3412d08a19c78a8e623b5d1eb287b691c63ede,«Зламати від внутрішнього тиску» is transitive and does not match the intransitive лопнути/burst sense — confirmed.,high,
SB-0172,A,r2-reconciliation,docs/G4A_R2_RECON_CHUNK2.csv,cattle,n.,number-agreement,high,R2 A/B reconciliation (union-defect roster),Домашня тварина виду,,худоба,"Домашня тварина виду Bos taurus (корови, бики, бички, воли тощо) та інші копитні ссавці роду Bos.",definitionUa,"Свійські тварини виду Bos taurus, зокрема корови, бики й воли.",,"Свійські тварини виду Bos taurus, зокрема корови, бики й воли.",definitionUa,definitionUa,fefb74fb54e032e00491f3de276610736532ba4a400f5a09b400e3864dcb57f2,the plural mass noun cattle is defined as one «Домашня тварина» and then broadened inconsistently — number-agreement confirmed.,high,
SB-0188,A,r2-reconciliation,docs/G4A_R2_RECON_CHUNK3.csv,civilian,"n., adj.",pos-alignment,high,R2 A/B reconciliation (union-defect roster),займається цивільним життям,,цивільний,"Людина, яка займається цивільним життям, особливо та, яка не є активним членом збройних сил.",both,"ua: цивільна особа; цивільний | definitionUa: Людина, яка не є військовослужбовцем; також пов’язаний із цивільним життям.",цивільна особа; цивільний,"Людина, яка не є військовослужбовцем; також пов’язаний із цивільним життям.",ua|definitionUa,ua|definitionUa,c9048547cfedaabc3ef36672b5d118efcc2a72681b8f48b131dd41daedf3c08b,"civilian is n.,adj. but ua «цивільний» is adjective-only while the definition is noun-only — coverage defect confirmed.",high,
SB-0191,A,part1-floor,docs/G4A_RESIDUAL_AUDIT_R2_INTAKE.csv,classification,n.,grammar-calque-fragment,high,R1-listed defect; severity normalized to P1 by Codex acceptance review,'формування в клас' is a malformed calque; Ukrainian would be 'формування класів'/'розподіл на класи'.,,класифікація,"Акт формування в клас або класи; розподіл на групи, як класи, порядки, родини тощо, відповідно до деяких спільних відносин або атрибутів.",definitionUa,"Акт розподілу на класи; поділ на групи (класи, порядки, родини тощо) за спільними ознаками або атрибутами.",,"Акт розподілу на класи; поділ на групи (класи, порядки, родини тощо) за спільними ознаками або атрибутами.",definitionUa,definitionUa,1ecb9c37eaa56114e1052cb8f89d1ba9a66780b4cd362aef90a1bc3b0faa24af,,high,
SB-0199,A,r2-reconciliation,docs/G4A_R2_RECON_CHUNK2.csv,cognitive,adj.,calque-russianism,high,R2 A/B reconciliation (union-defect roster),Відноситься до,,когнітивний,"Відноситься до тієї частини розумових функцій, яка має справу з логікою, на відміну від афективної, яка має справу з емоціями.",definitionUa,"Пов’язаний із пізнанням, мисленням, пам’яттю та іншими розумовими процесами.",,"Пов’язаний із пізнанням, мисленням, пам’яттю та іншими розумовими процесами.",definitionUa,definitionUa,62cb0693bacee631001d5de31fcf00b3b09982b3d4017efe73d6f4d4126ce654,«Відноситься до» is a Russian-influenced calque and the definition is unnecessarily narrow — confirmed.,high,
SB-0205,A,r2-reconciliation,docs/G4A_R2_RECON_CHUNK1.csv,colonial,adj.,calque-russianism,high,R2 A/B reconciliation (union-defect roster),відноситься до неї,,колоніальний,З колонії або відноситься до неї.,definitionUa,"Такий, що стосується колонії або колоніалізму.",,"Такий, що стосується колонії або колоніалізму.",definitionUa,definitionUa,6a5da69d9af4170837492934bc1abcd98b6a8baa93bc9399e52b8581448e29d0,«відноситься до» is a Russian-influenced calque and the coordination is defective — confirmed.,high,
SB-0215,A,r2-reconciliation,docs/G4A_R2_RECON_CHUNK3.csv,companion,n.,grammar-syntax,high,R2 A/B reconciliation (union-defect roster),з ким проводять час або супроводжують,,компаньйон,"Друг, знайомий або партнер; хтось, з ким проводять час або супроводжують",definitionUa,"Людина, з якою проводять час або яка супроводжує когось; товариш чи партнер.",,"Людина, з якою проводять час або яка супроводжує когось; товариш чи партнер.",definitionUa,definitionUa,1764125d8fc30c96ea24c913e6c426f83ba9e865e6d38f73b3e5f7fb86f23507,the definition lacks a period and ends with a subjectless plural verb not agreeing with «хтось» — confirmed.,high,
SB-0217,A,r2-reconciliation,docs/G4A_R2_RECON_CHUNK3.csv,compassion,n.,grammar-syntax,high,R2 A/B reconciliation (union-defect roster),вони мотивовані,,співчуття,"Глибоке усвідомлення страждань інших людей настільки, що вони мотивовані полегшити такі стани.",definitionUa,"Глибоке співчуття до чужих страждань, що спонукає допомогти.",,"Глибоке співчуття до чужих страждань, що спонукає допомогти.",definitionUa,definitionUa,78ab563eafbae7782732abca49ebe18f3a78011d2afeb7ace306a7007dffd773,"plural «вони» has no valid antecedent after singular «усвідомлення», breaking the definition of compassion — confirmed.",high,
SB-0257,A,r2-reconciliation,docs/G4A_R2_RECON_CHUNK1.csv,consolidate,v.,grammar-syntax,high,R2 A/B reconciliation (union-defect roster),щоб об’єднатися або приєднатися,,консолідувати,Об'єднати в єдине ціле; щоб об’єднатися або приєднатися.,definitionUa,Об’єднувати окремі частини в єдине ціле; зміцнювати досягнуте.,,Об’єднувати окремі частини в єдине ціле; зміцнювати досягнуте.,definitionUa,definitionUa,0b5c241729cb89fae89ec6529e198b3ad5daf3a615c9743af3c13ed4c09adce2,«щоб об’єднатися» breaks the infinitive definition and shifts the agent — the syntax defect is confirmed.,high,
SB-0271,A,r2-reconciliation,docs/G4A_R2_RECON_CHUNK2.csv,contractor,n.,sense-coverage,high,R2 A/B reconciliation (union-defect roster),будує або вдосконалює будівлі,,підрядник,"Особа або компанія, яка будує або вдосконалює будівлі чи споруди.",definitionUa,"Особа або компанія, що за договором виконує роботи чи надає послуги.",,"Особа або компанія, що за договором виконує роботи чи надає послуги.",definitionUa,definitionUa,64257d00c654c6c292c76cced65eac81f5f15184b44d9e195bf23e5741dca356,"the definition restricts contractor to construction, omitting contracted services and other work — sense-coverage confirmed.",high,
SB-0276,A,r2-reconciliation,docs/G4A_R2_RECON_CHUNK1.csv,convict,v.,grammar-syntax,high,R2 A/B reconciliation (union-defect roster),(неофіційного) в моральному сенсі,,засуджувати,Визнати винним в результаті судового розгляду або (неофіційного) в моральному сенсі.,definitionUa,Офіційно визнати особу винною за рішенням суду.,,Офіційно визнати особу винною за рішенням суду.,definitionUa,definitionUa,10df89cbc0e80050e7a74e63721025fba8df27a541eba0c68e9e3409818a24d9,the parenthetical «(неофіційного) в моральному сенсі» is not valid Ukrainian syntax — confirmed.,high,
SB-0285,A,r2-reconciliation,docs/G4A_R2_RECON_CHUNK3.csv,copyright,n.,calque-russianism,high,R2 A/B reconciliation (union-defect roster),"бути суб’єктом, який визначає",,авторське право,"Право за законом бути суб’єктом, який визначає, хто може публікувати, копіювати та поширювати твір, музику, малюнок чи інший авторський твір.",definitionUa,"Закріплене законом виключне право автора визначати, хто може відтворювати, публікувати й поширювати твір.",,"Закріплене законом виключне право автора визначати, хто може відтворювати, публікувати й поширювати твір.",definitionUa,definitionUa,4f4f3384b048898e85d21085a63a72dac009494f449805197a14426dc92de9b0,"«Право … бути суб’єктом, який визначає» is a literal legalistic calque unsuitable for learners — confirmed.",high,
SB-0290,A,r2-reconciliation,docs/G4A_R2_RECON_CHUNK3.csv,correspondence,n.,semantic-fidelity,high,R2 A/B reconciliation (union-defect roster),Взаємний обмін люб'язністю,,листування,"Взаємний обмін люб'язністю, особливо розмова між людьми за допомогою листів.",definitionUa,Обмін листами або іншими письмовими повідомленнями.,,Обмін листами або іншими письмовими повідомленнями.,definitionUa,definitionUa,5b7054d58e8e94e6f8e0778fb81cfba3f8c04b9eac9f5deddcfd14901c4973de,«обмін люб’язністю» means exchange of courtesy and does not define correspondence — confirmed over Pass B's P2.,high,
SB-0295,A,part1-floor,docs/G4A_RESIDUAL_AUDIT_R2_INTAKE.csv,costly,adj.,grammar-calque-fragment,high,R1-listed defect; severity normalized to P1 by Codex acceptance review,'Від високої вартості' is a malformed prepositional fragment used as a definition head for an adjective.,,дорогий,Від високої вартості; дорогий.,definitionUa,"Такий, що коштує дорого; дорогий.",,"Такий, що коштує дорого; дорогий.",definitionUa,definitionUa,87dbec5b7e250e23ceb9dc9fc864ca6f2c77747389db852d933cacd627813a9b,,high,
SB-0306,A,part1-floor,docs/G4A_RESIDUAL_AUDIT_R2_INTAKE.csv,creator,n.,pos-morphology-mismatch,medium,R1-listed defect; severity normalized to P1 by Codex acceptance review,"Relative-pronoun agreement error 'Щось або хтось, який' (should be 'що'); morphology/agreement defect.",,творець,"Щось або хтось, який щось створює або робить.",definitionUa,"Той або те, що щось створює чи виготовляє.",,"Той або те, що щось створює чи виготовляє.",definitionUa,definitionUa,e72c999b70ff170474b65e107d8df68aafe41e37b47d279dda4f26921de29fd0,,medium,
SB-0313,A,r2-reconciliation,docs/G4A_R2_RECON_CHUNK3.csv,crush,v.,semantic-fidelity,high,R2 A/B reconciliation (union-defect roster),згуртовувати в масу,,розчавити,"Натиснути між двома твердими предметами; стискати так, щоб змінити природну форму чи цілісність, або згуртовувати в масу.",definitionUa,"Сильно стискати або розчавлювати щось так, що воно деформується чи руйнується.",,"Сильно стискати або розчавлювати щось так, що воно деформується чи руйнується.",definitionUa,definitionUa,9150ad66bc983fd739eee494fcc4eed3bd26e538c7103f68a2651412c8f61e10,«згуртовувати в масу» is the wrong verb and obscures the physical crush sense — confirmed.,high,
SB-0328,A,part1-floor,docs/G4A_R2_SUPPLEMENTAL_PROPOSALS.csv,declaration,n.,grammar-syntax,medium,Codex seed-20260914 blinded acceptance challenge,The phrase ending 'усним або письмовим' does not agree cleanly with 'акт' and the definition is a malformed source-language calque.,"Narrow-token case: confirmed 'усним або письмовим' is in the instrumental case with nothing to govern it, while the head noun 'акт' is nominative masculine, producing a calque-like case mismatch. Changed only the case of that phrase to nominative masculine 'усний або письмовий', keeping the original conjunction 'або' unchanged (the recorded defect concerned case agreement, not the conjunction); the rest of the sentence, including 'чи' in the final clause, is unchanged.",декларація,"Емфатичний або формальний акт висловлювання, розповіді або ствердження чогось, усним або письмовим; рішуче твердження чи проголошення.",,,,"Емфатичний або формальний акт висловлювання, розповіді або ствердження чогось, усний або письмовий; рішуче твердження чи проголошення.",definitionUa,definitionUa,9aea7cc764a7b791ba14fff97025ec997e87fb629ac1d3b690f7cac9c7a45372,,high,усним або письмовим
SB-0337,A,r2-reconciliation,docs/G4A_R2_RECON_CHUNK3.csv,deficit,n.,grammar-syntax,high,R2 A/B reconciliation (union-defect roster),"Ситуація, коли або сума, за якої",,дефіцит,"Ситуація, коли або сума, за якої витрати перевищують (наприклад, державні) доходи.",definitionUa,"Нестача коштів або сума, на яку витрати перевищують доходи.",,"Нестача коштів або сума, на яку витрати перевищують доходи.",definitionUa,definitionUa,ab1efddba656f7cfacf6cb1f938022f85110382467ff4297565cf575257a284c,"«Ситуація, коли або сума, за якої» is grammatically malformed and not usable as a definition — confirmed.",high,
SB-0352,A,r2-reconciliation,docs/G4A_R2_RECON_CHUNK3.csv,deprive,v.,pedagogical-accuracy,high,R2 A/B reconciliation (union-defect roster),Вживається з «від»,,позбавляти,"Вживається з «від», щоб забрати щось у (когось) і тримати подалі; відмовляти комусь у чомусь.",definitionUa,"Позбавляти когось чогось або не давати йому того, що він має чи потребує.",,"Позбавляти когось чогось або не давати йому того, що він має чи потребує.",definitionUa,definitionUa,0122eb5adc5fb8f20d8dd9f344a7e8747429e2cb8259538d298e5df6f6d0152d,the usage note wrongly says deprive is used with «від» rather than the genitive «позбавляти когось чогось» — pedagogical-accuracy defect confirmed.,high,
SB-0353,A,r2-reconciliation,docs/G4A_R2_RECON_CHUNK1.csv,deputy,n.,grammar-syntax,high,R2 A/B reconciliation (union-defect roster),від їхнього імені або від їхнього імені,,заступник,"Той, кого призначають на заміну інших і мають право діяти за них від їхнього імені або від їхнього імені; заступник на посаді.",definitionUa,"Особа, призначена діяти замість іншої або допомагати посадовцеві як його заступник.",,"Особа, призначена діяти замість іншої або допомагати посадовцеві як його заступник.",definitionUa,definitionUa,eca0ee5092bb58129b4fd3d95df16254373671a1bf6345c2ea718827908488e6,the definition has singular/plural disagreement and nonsensically repeats «від їхнього імені» — the broken syntax is confirmed.,high,
SB-0360,A,r2-reconciliation,docs/G4A_R2_RECON_CHUNK2.csv,detain,v.,semantic-fidelity,high,R2 A/B reconciliation (union-defect roster),висуваючи претензії на їх увагу,,затримувати,"Перешкоджати комусь продовжити, стримуючи їх або висуваючи претензії на їх увагу.",definitionUa,Не дозволяти комусь піти або тимчасово тримати під вартою.,,Не дозволяти комусь піти або тимчасово тримати під вартою.,definitionUa,definitionUa,692d2a44ebb2a96f299fc2aab8171660c0c629537754d61d8d287087dd93ee0e,the definition uses mismatched plural pronouns and an opaque attention-claim sense instead of detention — confirmed.,high,
SB-0363,A,part1-floor,docs/G4A_RESIDUAL_AUDIT_R2_INTAKE.csv,deteriorate,v.,grammar-calque-fragment,high,R1-listed defect; severity normalized to P1 by Codex acceptance review,'Гірше рости' ('to grow worse') is a malformed/calqued gloss for deteriorate; should be 'погіршуватися'.,,погіршуватися,Гірше рости; мати погіршення якості; вироджуватися.,definitionUa,Ставати гіршим за якістю; погіршуватися; вироджуватися.,,Ставати гіршим за якістю; погіршуватися; вироджуватися.,definitionUa,definitionUa,b5580fc09243ec0c2ee9eee5a6921696e71e2e9311b48ba662d4da891385789a,,high,
SB-0371,A,part1-floor,docs/G4A_RESIDUAL_AUDIT_R2_INTAKE.csv,differentiate,v.,grammar-calque-fragment,high,R1-listed defect; severity normalized to P1 by Codex acceptance review,'бути різницею' is a calque of 'to be the difference'; malformed Ukrainian construction.,,диференціювати,Показувати або бути різницею чи відмінністю між речами.,definitionUa,Показувати відмінність між речами або встановлювати її; розрізняти.,,Показувати відмінність між речами або встановлювати її; розрізняти.,definitionUa,definitionUa,2c1adc7db2cb26d833c9351f49d59a72e2922b5c35bfe8bf590cf630adcacc32,,high,
SB-0385,A,r2-reconciliation,docs/G4A_R2_RECON_CHUNK2.csv,discourse,n.,grammar-syntax,high,R2 A/B reconciliation (union-defect roster),"Вираження словами, усним або письмовим",,дискурс,"Вираження словами, усним або письмовим.",definitionUa,Усне або письмове висловлення думок; зв’язна мова чи обговорення певної теми.,,Усне або письмове висловлення думок; зв’язна мова чи обговорення певної теми.,definitionUa,definitionUa,e9a42519b9bb49123de93842c3270855a4376ead349e5facbf68513e671869c3,"«Вираження словами, усним або письмовим» has broken case and adjective agreement — confirmed.",high,
SB-0428,A,part1-floor,docs/G4A_R2_SUPPLEMENTAL_PROPOSALS.csv,electoral,adj.,grammar-calque,medium,Codex seed-20260914 blinded acceptance challenge,'Щодо виборів або щодо них' repeats the same object and is not a usable Ukrainian definition.,"Whole-definition case: verified the claim -- 'Щодо виборів або щодо них' uses 'щодо' twice pointing at the same referent (elections), which is not a coherent Ukrainian definition, so a minimal token swap could not fix it. Rewrote as a standard adjectival formula 'Такий, що стосується X, або пов'язаний із ним(и)' using two distinct predicates instead of the redundant repetition.",виборчий,Щодо виборів або щодо них.,,,,"Такий, що стосується виборів, або пов'язаний із ними.",definitionUa,definitionUa,f30b8a641c9f47d0c63e5fc2159b80b566a667015b10686764220d7bd7e3e44c,,high,Щодо виборів або щодо них
SB-0430,A,r2-reconciliation,docs/G4A_R2_RECON_CHUNK2.csv,eligible,adj.,pos-alignment,high,R2 A/B reconciliation (union-defect roster),Дозвіл і відповідність необхідним умовам,,придатний,Дозвіл і відповідність необхідним умовам для участі в чомусь або бути обраним для чогось,both,"ua: той, хто має право; придатний | definitionUa: Такий, що відповідає вимогам і тому має право брати участь або бути обраним.","той, хто має право; придатний","Такий, що відповідає вимогам і тому має право брати участь або бути обраним.",ua|definitionUa,ua|definitionUa,b8c4bed30957bdb7dc7a4f8fc47187ec61ccd2f8440763730061780e5eedae6b,"the noun-phrase definition does not define an adjective, and «придатний» alone misses having the right to participate — confirmed.",high,
SB-0435,A,r2-reconciliation,docs/G4A_R2_RECON_CHUNK3.csv,embed,v.,grammar-syntax,high,R2 A/B reconciliation (union-defect roster),Для інкапсуляції,,вбудовувати,Для інкапсуляції в інший документ або файл даних.,definitionUa,"Вставляти один об’єкт, файл або фрагмент даних в інший.",,"Вставляти один об’єкт, файл або фрагмент даних в інший.",definitionUa,definitionUa,5144e4865fa06ca6ea6628e7153e6ff8bd4f2ac64ee6582b005e1476406703ec,the purpose noun phrase «Для інкапсуляції» does not define the verb вбудовувати — confirmed.,high,
SB-0437,A,r2-reconciliation,docs/G4A_R2_RECON_CHUNK1.csv,emergence,n.,semantic-fidelity,high,R2 A/B reconciliation (union-defect roster),зовнішній вигляд,,поява,"Акт підйому з рідини, виходу з огортання чи приховування, або підняття в поле зору; зовнішній вигляд.",definitionUa,"Процес появи, виникнення або виходу з прихованого стану.",,"Процес появи, виникнення або виходу з прихованого стану.",definitionUa,definitionUa,a45906cac57edb00a7862411d5c0507ef4d3691d9c784748c46dc7dd9fade44b,"the definition ends «зовнішній вигляд» (physical looks), a false-friend reading of 'appearance' that mis-teaches emergence — confirmed over Pass B's P2.",high,
SB-0441,A,r2-reconciliation,docs/G4A_R2_RECON_CHUNK3.csv,encompass,v.,semantic-fidelity,high,R2 A/B reconciliation (union-defect roster),підкладати,,охоплювати,"Включити в його сферу дії; обвести або обійти так, щоб оточити; підкладати; містити.",definitionUa,"Охоплювати, включати до свого складу або оточувати.",,"Охоплювати, включати до свого складу або оточувати.",definitionUa,definitionUa,63e754c51575d5a453609d086187e5a59ec26c75ecbae107b51766d624536c60,the definition contains unclear pronoun reference and the unrelated verb «підкладати» — confirmed.,high,
SB-0446,A,r2-reconciliation,docs/G4A_R2_RECON_CHUNK2.csv,endorse,v.,learner-register,high,R2 A/B reconciliation (union-defect roster),індосамент,,схвалити,"Виражати підтримку чи схвалення, особливо офіційно чи публічно; надати індосамент.",definitionUa,Публічно або офіційно висловлювати підтримку чи схвалення.,,Публічно або офіційно висловлювати підтримку чи схвалення.,definitionUa,definitionUa,54d146b60d359889f972993dae453f30ce08a61918e85c825273dc39d83f7a22,the unexplained specialist borrowing «індосамент» is inappropriate in a general definition of endorse — register confirmed.,high,
SB-0467,A,part1-floor,docs/G4A_RESIDUAL_AUDIT_R2_INTAKE.csv,establishment,n.,grammar-calque-fragment,medium,R1-listed defect; severity normalized to P1 by Codex acceptance review,"Run-on, malformed establishment list ('...постійна організація, бізнес або сила...'); 'сила' is an off gloss and the list is grammatically awkward.",,заклад,"Те, що встановлено; як форма правління, постійна організація, бізнес або сила, або місце, де людина постійно проживає.",definitionUa,"Установа, заклад або підприємство, створені для сталої діяльності; також сам процес заснування.",,"Установа, заклад або підприємство, створені для сталої діяльності; також сам процес заснування.",definitionUa,definitionUa,9b81dc72b1c84da9defec6e41b4b52e49863560ff9c36a96b29d429694081305,,medium,
SB-0471,A,r2-reconciliation,docs/G4A_R2_RECON_CHUNK1.csv,evolutionary,adj.,calque-russianism,high,R2 A/B reconciliation (union-defect roster),Відносно біологічної теорії еволюції або до неї,,еволюційний,Відносно біологічної теорії еволюції або до неї.,definitionUa,Пов’язаний з еволюцією або теорією еволюції.,,Пов’язаний з еволюцією або теорією еволюції.,definitionUa,definitionUa,9a4d853fdac013b6c1017a63248b29ba5e432f9e5907413eabf6da4ca6cf3150,«Відносно… або до неї» is a malformed Russian-influenced calque — confirmed.,high,
SB-0474,A,part1-floor,docs/G4A_RESIDUAL_AUDIT_R2_INTAKE.csv,exceptional,adj.,grammar-calque-fragment,medium,R1-listed defect; severity normalized to P1 by Codex acceptance review,'exceptional' led with awkward calque 'Формування винятку' (formation of an exception) and ends with number-disagreeing plural adj 'рідкісні' (should be sing. 'рідкісний'); core sense 'незвичайний' present.,,винятковий,Формування винятку; не звичайний; незвичайний; рідкісні.,definitionUa,"Такий, що становить виняток; незвичайний; рідкісний.",,"Такий, що становить виняток; незвичайний; рідкісний.",definitionUa,definitionUa,a67df83062089775df1a4c066b4cc41ec084c8b3e7fd841e7b83ae584be43390,,medium,
SB-0475,A,r2-reconciliation,docs/G4A_R2_RECON_CHUNK1.csv,excess,"n., adj.",pos-alignment,high,R2 A/B reconciliation (union-defect roster),Стан перевищення,,надлишок,"Стан перевищення або виходу за межі; стан поза достатністю, необхідністю або обов'язком; більше, ніж те, що є звичайним або належним.",both,"ua: надлишок; надмірний | definitionUa: Кількість понад необхідну норму; також більший, ніж потрібно або дозволено.",надлишок; надмірний,"Кількість понад необхідну норму; також більший, ніж потрібно або дозволено.",ua|definitionUa,ua|definitionUa,5016e1ba0e7b01b80c4ed2b9a6fe44a23e0ce95bdd2bffea21b3869b64e18927,"excess is n.,adj. but ua «надлишок» and the definition cover only the noun sense — the coverage defect is confirmed.",high,
SB-0478,A,r2-reconciliation,docs/G4A_R2_RECON_CHUNK3.csv,exclusively,adv.,calque-russianism,high,R2 A/B reconciliation (union-defect roster),на виключення будь-чого,,виключно,на виключення будь-чого або будь-кого іншого; виключно або цілком,definitionUa,"Лише для когось або чогось, без залучення інших; винятково.",,"Лише для когось або чогось, без залучення інших; винятково.",definitionUa,definitionUa,1af694a4daa6dcb19c022c83219db713326901833dfccec3234d68ee1eaca095,lowercase «на виключення» is an unidiomatic calque and the definition lacks terminal punctuation — confirmed.,high,
SB-0485,A,r2-reconciliation,docs/G4A_R2_RECON_CHUNK1.csv,experimental,adj.,calque-russianism,high,R2 A/B reconciliation (union-defect roster),засноване,,експериментальний,Відносно або засноване на експерименті.,definitionUa,"Такий, що стосується експерименту або ґрунтується на ньому.",,"Такий, що стосується експерименту або ґрунтується на ньому.",definitionUa,definitionUa,e3b87d36cfdd4bd8938a8f140c09b20029d1a8da80a6940f5069357daa206ecb,«Відносно» calque plus neuter «засноване» not agreeing with the masculine adjective — confirmed.,high,
SB-0493,A,part1-floor,docs/G4A_RESIDUAL_AUDIT_R2_INTAKE.csv,facilitate,v.,grammar-calque-fragment,low,R1-listed defect; severity normalized to P1 by Codex acceptance review,'facilitate' glossed 'Зробити легко' uses adverb 'легко' where 'зробити легким/полегшити' is required; 'або легше' is fine.,,сприяти,Зробити легко або легше.,definitionUa,Робити легшим; полегшувати.,,Робити легшим; полегшувати.,definitionUa,definitionUa,5a19a78b9f7f7dc84943a5b581de25df7c0707296e5f573ccd8a87c09cfb0a01,,low,
SB-0494,A,r2-reconciliation,docs/G4A_R2_RECON_CHUNK1.csv,faction,n.,semantic-fidelity,high,R2 A/B reconciliation (union-defect roster),відмінну від людей,,фракція,"Група людей, особливо всередині політичної організації, яка висловлює спільні переконання або думку, відмінну від людей, які не є частиною групи.",definitionUa,"Група всередині більшої організації, члени якої мають спільні погляди, відмінні від поглядів інших членів.",,"Група всередині більшої організації, члени якої мають спільні погляди, відмінні від поглядів інших членів.",definitionUa,definitionUa,7511f3f2de569e0ec31b75ba9f563b761a64740ad1acf90f3b4a3aac701d3810,"«думку, відмінну від людей» contrasts an opinion with people rather than with their views — the semantic slip is confirmed.",high,
SB-0498,A,part1-floor,docs/G4A_RESIDUAL_AUDIT_R2_INTAKE.csv,fatal,adj.,pos-morphology-mismatch,high,R1-listed defect; severity normalized to P1 by Codex acceptance review,Adjective 'fatal' defined with a noun head 'Заподіяння' ('the causing'); should be adjectival (смертельний/згубний).,,фатальний,Заподіяння смерті або руйнування.,definitionUa,"Такий, що спричиняє смерть або руйнування; смертельний, згубний.",,"Такий, що спричиняє смерть або руйнування; смертельний, згубний.",definitionUa,definitionUa,b0a16c5b3eff9bc2e341b3d293bf2fc59e5471b8d55c6a106059b0010794d6ba,,high,
SB-0500,A,r2-reconciliation,docs/G4A_R2_RECON_CHUNK1.csv,favourable,adj.,pos-alignment,high,R2 A/B reconciliation (union-defect roster),Вираження або вказівка,,сприятливий,"Вираження або вказівка ​​на прихильність чи доброзичливість; схвалюючи, заохочуючи.",definitionUa,"Такий, що виражає схвалення або створює добрі умови для успіху.",,"Такий, що виражає схвалення або створює добрі умови для успіху.",definitionUa,definitionUa,1ff5b7516f5fbb21af80e7cd7c6599e6ea94fe3649a52a82bb81f3f998479920,the definition uses a noun phrase plus adverbial participles instead of defining the adjective favourable — confirmed.,high,
SB-0516,A,part1-floor,docs/G4A_R2_SUPPLEMENTAL_PROPOSALS.csv,flexibility,n.,grammar-calque,high,Codex seed-20260914 blinded acceptance challenge,'Якість бути гнучким' is an English-pattern calque; idiomatic Ukrainian requires 'здатність/властивість бути гнучким'.,"Narrow-token case: confirmed 'Якість бути гнучким' calques the English 'quality of being flexible' pattern, which is unidiomatic in Ukrainian. Replaced only 'Якість' with 'Здатність' (the standard здатність+infinitive construction used for abilities/properties), leaving 'бути гнучким, фізично чи метафорично' untouched.",гнучкість,"Якість бути гнучким, фізично чи метафорично.",,,,"Здатність бути гнучким, фізично чи метафорично.",definitionUa,definitionUa,3481787de618a464d1719915b85ea5df594576ce678a6838464bd8263d75c9aa,,high,Якість бути гнучким
SB-0518,A,r2-reconciliation,docs/G4A_R2_RECON_CHUNK1.csv,fluid,n.,semantic-fidelity,high,R2 A/B reconciliation (union-defect roster),на відміну від твердого або газоподібного,,рідина,Рідина (на відміну від твердого або газоподібного).,both,"ua: рідина; текуча речовина | definitionUa: Речовина, що може текти й набувати форми посудини, зокрема рідина або газ.",рідина; текуча речовина,"Речовина, що може текти й набувати форми посудини, зокрема рідина або газ.",ua|definitionUa,ua|definitionUa,11e03209b5637029631a85b2ea1cd9592996b23c7caa0a96be3dc64c94cb6c2f,"the definition contrasts fluid with gas and ua gives only «рідина», whereas a fluid includes gases — the semantic defect is confirmed.",high,
SB-0519,A,r2-reconciliation,docs/G4A_R2_RECON_CHUNK3.csv,footage,n.,semantic-fidelity,high,R2 A/B reconciliation (union-defect roster),Кількість плівки або стрічки,,кадри,"Кількість плівки або стрічки, яка була використана для запису чогось.",definitionUa,"Відеоматеріал або кадри, записані для фільму, телебачення чи іншої мети.",,"Відеоматеріал або кадри, записані для фільму, телебачення чи іншої мети.",definitionUa,definitionUa,74cd0c1874adbebfe2de09655331f441a1873fe263498aa89f46fe131a500e00,"footage is recorded moving-image material, not «Кількість плівки або стрічки» consumed — semantic defect confirmed.",high,
SB-0539,A,r2-reconciliation,docs/G4A_R2_RECON_CHUNK1.csv,gaze,"n., v.",pos-alignment,high,R2 A/B reconciliation (union-defect roster),Дивитися пильно або серйозно,,погляд,Дивитися пильно або серйозно.,both,ua: пильний погляд; пильно дивитися | definitionUa: Тривалий уважний погляд; також довго й уважно дивитися.,пильний погляд; пильно дивитися,Тривалий уважний погляд; також довго й уважно дивитися.,ua|definitionUa,ua|definitionUa,efafeacc4022bb1abbe28fd85e4fffa5368128daa45e4ae0afeaaef270dbe1b2,"gaze is n.,v. but ua «погляд» is noun-only while the definition is verb-only — the coverage defect is confirmed.",high,
SB-0543,A,r2-reconciliation,docs/G4A_R2_RECON_CHUNK3.csv,glance,"n., v.",pos-alignment,high,R2 A/B reconciliation (union-defect roster),Звернути (очі чи погляд),,погляд,"Звернути (очі чи погляд) на щось, часто ненадовго.",both,ua: швидкий погляд; швидко глянути | definitionUa: Короткий погляд; також швидко подивитися на когось або щось.,швидкий погляд; швидко глянути,Короткий погляд; також швидко подивитися на когось або щось.,ua|definitionUa,ua|definitionUa,308d9b1c325aeaf158e219e9d7036e29fbaf94248621be35e956509255ea77be,"glance is n.,v. but ua «погляд» is noun-only while the definition is verb-only — coverage defect confirmed.",high,
SB-0545,A,r2-reconciliation,docs/G4A_R2_RECON_CHUNK1.csv,glorious,adj.,pos-alignment,high,R2 A/B reconciliation (union-defect roster),Демонстрація атрибутів,,славний,"Демонстрація атрибутів, якостей або вчинків, які гідні чи отримують славу.",definitionUa,"Такий, що заслуговує великої слави або викликає захоплення.",,"Такий, що заслуговує великої слави або викликає захоплення.",definitionUa,definitionUa,c7cbf341947be5ba9bd3cabd11629acc740ba5573e8bbfe0419e5b5d97f6190e,«Демонстрація атрибутів…» is a noun phrase rather than an adjective definition for glorious — confirmed.,high,
SB-0547,A,r2-reconciliation,docs/G4A_R2_RECON_CHUNK2.csv,governance,n.,grammar-syntax,high,R2 A/B reconciliation (union-defect roster),"Процес, або сила, управління",,управління,"Процес, або сила, управління; уряд або адміністрація.",definitionUa,"Система й процеси, за допомогою яких організацією або державою керують і контролюють її діяльність.",,"Система й процеси, за допомогою яких організацією або державою керують і контролюють її діяльність.",definitionUa,definitionUa,053df36d4a7a4074edbc6208060ce805df0c454d7d872db423ef7fe98cbf3d2d,"«Процес, або сила, управління» has invalid punctuation and does not coherently define governance — confirmed.",high,
SB-0556,A,part1-floor,docs/G4A_R2_SUPPLEMENTAL_PROPOSALS.csv,grind,v.,semantic-pedagogical,medium,Codex seed-20260914 blinded acceptance challenge,"Grind is rendered as cutting by sideways movements; the core action is crushing, rubbing, or milling into smaller particles.","Whole-definition case: the recorded claim criticises the whole rendering as cutting by sideways movements, not a single token, and the gloss is 'молоти' (to mill/grind), so rewrote the full definition rather than swapping one word. Built on imperfective verbs ('Перетворювати', gerunds of 'розтирати'/'розмелювати') to match this bank's convention for verb entries (cf. 'Обговорювати', 'Брати участь'), and avoided circularity -- my prior draft's 'Розтерти ... шляхом подрібнення' said crush by means of crushing, which this version does not repeat. Confidence is medium: the exact choice of manner verbs (розтирати/розмелювати) is a defensible but not uniquely determined rendering of 'grind'.",молоти,Розрізати на дрібніші шматки шляхом подрібнення бічними рухами.,,,,"Перетворювати щось на дрібні частинки, розтираючи або розмелюючи його.",definitionUa,definitionUa,ad394d01d2204cc9f3e050f3842cecb8cba3e7df1e08050d719ba2b12974b2e5,,high,Розрізати на дрібніші шматки
SB-0567,A,r2-reconciliation,docs/G4A_R2_RECON_CHUNK3.csv,handling,n.,grammar-syntax,high,R2 A/B reconciliation (union-defect roster),або як руками,,поводження,"Торкатися, контролювати, керувати, використовувати, піклуватися тощо рукою або руками або як руками.",definitionUa,"Спосіб поводження з предметом, ситуацією або питанням; керування чи оброблення.",,"Спосіб поводження з предметом, ситуацією або питанням; керування чи оброблення.",definitionUa,definitionUa,ec830c1fcea7320e078c3ea15bea021076a5ecdc9520089a3112d7a5e21cd0b5,the ending «або як руками» is nonsensical and leaves handling undefined — confirmed.,high,
SB-0571,A,part1-floor,docs/G4A_RESIDUAL_AUDIT_R2_INTAKE.csv,harmony,n.,semantic-pedagogical-error,high,R1-listed defect; severity normalized to P1 by Codex acceptance review,'Договір' (a contract) is wrong for harmony; harmony = 'співзвуччя/злагода'.,,гармонія,Договір чи згода.,definitionUa,Злагода або співзвуччя; погодженість.,,Злагода або співзвуччя; погодженість.,definitionUa,definitionUa,36f26c69b7178a4afacd16f38ca297ddbdeece0b436e6d2b1edd0c23c0965dad,,high,
SB-0573,A,r2-reconciliation,docs/G4A_R2_RECON_CHUNK2.csv,harvest,"n., v.",pos-alignment,high,R2 A/B reconciliation (union-defect roster),Принести врожай; жати; підбирати,,урожай,Принести врожай; жати; підбирати.,both,ua: урожай; збирати врожай | definitionUa: Зібрані сільськогосподарські культури; також збирати їх після дозрівання.,урожай; збирати врожай,Зібрані сільськогосподарські культури; також збирати їх після дозрівання.,ua|definitionUa,ua|definitionUa,538b231b2a643b9c5567a04822303dfb1f684678ca9e7454aa23438588e6adb9,"harvest is n.,v. but ua «урожай» is noun-only while the definition is verb-only — coverage defect confirmed.",high,
SB-0581,A,r2-reconciliation,docs/G4A_R2_RECON_CHUNK1.csv,hint,"n., v.",pos-alignment,high,R2 A/B reconciliation (union-defect roster),Мати на увазі без прямого твердження,,підказка,Мати на увазі без прямого твердження; щоб надати підказку.,both,ua: натяк; натякати | definitionUa: Непряма підказка; також давати зрозуміти щось без прямого твердження.,натяк; натякати,Непряма підказка; також давати зрозуміти щось без прямого твердження.,ua|definitionUa,ua|definitionUa,271fb2bb7aedc3ed0af32fedbc7822653405ab10759abbf120218ac9f51a4c8d,"hint is n.,v. but ua «підказка» is noun-only while the definition is verb-framed and breaks its own pattern — the POS coverage/consistency defect is confirmed.",high,
SB-0588,A,r2-reconciliation,docs/G4A_R2_RECON_CHUNK1.csv,hostile,adj.,semantic-fidelity,high,R2 A/B reconciliation (union-defect roster),показ розташування ворога,,ворожий,Не доброзичливий; відповідний ворогові; показ розташування ворога; прояв злої волі та зловмисності або бажання перешкодити та завдати шкоди.,definitionUa,"Недружній або ворожий; такий, що виявляє злу волю чи бажання завдати шкоди.",,"Недружній або ворожий; такий, що виявляє злу волю чи бажання завдати шкоди.",definitionUa,definitionUa,0c1d43487171819814ac79f750ac20b5ee6f65303c8f6f9251465e6371d86bcd,«показ розташування ворога» is a false rendering of 'showing the disposition of an enemy' (розташування = physical position) — confirmed.,high,
SB-0599,A,r2-reconciliation,docs/G4A_R2_RECON_CHUNK3.csv,imagery,n.,semantic-fidelity,high,R2 A/B reconciliation (union-defect roster),фігури в дискурсі,,зображення,"Риторичне оформлення в письмовій чи усній формі; яскраві описи, що представляють або навіюють образи чуттєвих об'єктів; фігури в дискурсі.",both,"ua: образність; образи | definitionUa: Виразні мовні образи й описи, що викликають чуттєві уявлення.",образність; образи,"Виразні мовні образи й описи, що викликають чуттєві уявлення.",ua|definitionUa,ua|definitionUa,155d7d9760e70426a83fa395cbf2924eb10297469f4bb1e964bafac17be959ab,ua «зображення» misses literary imagery and «фігури в дискурсі» is opaque and unidiomatic — confirmed.,high,
SB-0602,A,r2-reconciliation,docs/G4A_R2_RECON_CHUNK3.csv,implementation,n.,calque-russianism,high,R2 A/B reconciliation (union-defect roster),реалізація відноситься до,,впровадження,"Процес переходу ідеї від концепції до реальності. У бізнесі, інженерії та інших сферах реалізація відноситься до процесу будівництва, а не до процесу проектування.",definitionUa,"Процес практичного здійснення плану, ідеї, системи або рішення.",,"Процес практичного здійснення плану, ідеї, системи або рішення.",definitionUa,definitionUa,9c98c8d20fa27f1db35e5bf0aeed72b481007a8c1e5f924084b92047cb088918,«відноситься до» is a Russian-influenced calque and the definition wrongly equates implementation with construction — confirmed.,high,
SB-0614,A,r2-reconciliation,docs/G4A_R2_RECON_CHUNK3.csv,indigenous,adj.,pos-alignment,high,R2 A/B reconciliation (union-defect roster),особливо до вторгнення,,корінний,"Народився або походить з країни чи регіону, особливо до вторгнення.",definitionUa,"Корінний для певної країни чи регіону; такий, що походить звідти природно або історично.",,"Корінний для певної країни чи регіону; такий, що походить звідти природно або історично.",definitionUa,definitionUa,3a414f1a985ed8cbe393effb327c6e1c3e13926bb881752946f84fd49f6e32bc,past-tense «Народився» does not define the adjective and the invasion qualifier is inaccurate — confirmed.,high,
SB-0634,A,r2-reconciliation,docs/G4A_R2_RECON_CHUNK2.csv,inspiration,n.,grammar-syntax,high,R2 A/B reconciliation (union-defect roster),стимулювання впливу,,натхнення,"Акт або процес піднесення чи стимулювання впливу на інтелект, емоції чи творчість.",definitionUa,"Вплив або ідея, що спонукає до творчості, дії чи нового задуму.",,"Вплив або ідея, що спонукає до творчості, дії чи нового задуму.",definitionUa,definitionUa,d2688c2546885b50eb00e279b0d542909232bce2f327b1a4a87e50d40f43a18e,«піднесення чи стимулювання впливу» is grammatically opaque and does not explain inspiration — confirmed.,high,
SB-0636,A,r2-reconciliation,docs/G4A_R2_RECON_CHUNK2.csv,institutional,adj.,calque-russianism,high,R2 A/B reconciliation (union-defect roster),"З, відноситься до",,інституційний,"З, відноситься до, характерний або організований за принципами установи.",definitionUa,Пов’язаний з установою або характерний для неї.,,Пов’язаний з установою або характерний для неї.,definitionUa,definitionUa,189ae1d8080d946f3cdbcb8845bfe2ed0b78120b30dbf3c0b7eab3a58472fddc,"«З, відноситься до» is malformed and contains the Russian-influenced «відноситься до» — confirmed.",high,
SB-0639,A,r2-reconciliation,docs/G4A_R2_RECON_CHUNK3.csv,insufficient,adj.,pos-alignment,high,R2 A/B reconciliation (union-defect roster),"типу або виду, якого недостатньо",,недостатній,"Недостатньо; типу або виду, якого недостатньо, який не задовольняє вимоги чи потреби.",definitionUa,"Такий, якого замало для задоволення вимог або потреб.",,"Такий, якого замало для задоволення вимог або потреб.",definitionUa,definitionUa,1c7fc06f62ec9492cc16be5c2ce007786555cb270f1443432a06abebc429a63b,"«Недостатньо; типу або виду…» is a malformed adverbial fragment, not an adjective definition — confirmed.",high,
SB-0647,A,part1-floor,docs/G4A_RESIDUAL_AUDIT_R2_INTAKE.csv,intellectual,n.,semantic-pedagogical-error,medium,R1-listed defect; severity normalized to P1 by Codex acceptance review,Defining trait 'говорить про вчені питання' (merely talks about learned matters) misrepresents 'intellectual'.,,інтелектуал,"Розумна, вчена людина, особливо та, яка говорить про вчені питання.",definitionUa,"Розумна, освічена людина, особливо та, яка займається інтелектуальною працею.",,"Розумна, освічена людина, особливо та, яка займається інтелектуальною працею.",definitionUa,definitionUa,6d5a633abf27666518ec375c082697643c6ddb8a38739651160a42ab3b16178c,,medium,
SB-0651,A,part1-floor,docs/G4A_R2_SUPPLEMENTAL_PROPOSALS.csv,intent,n.,semantic-pedagogical,medium,Codex seed-20260914 blinded acceptance challenge,"Intent is defined as 'Щось призначене' rather than an intention, purpose, or aim.","Whole-definition case: verified the claim -- 'Щось призначене' means 'something designated/intended-for-a-purpose' (an object sense), not the mental-state sense of 'intent' matching the gloss 'намір'. Since the entire clause described the wrong concept, a token swap was insufficient; rewrote the definition around purpose/aim/design, the core sense of 'намір'.",намір,Щось призначене.,,,,Мета або задум зробити щось; свідоме прагнення досягти певного результату.,definitionUa,definitionUa,c32eaf71b7a02cb720239047bf05edc44383849735d6c26df28fabc08dd75040,,high,Щось призначене
SB-0652,A,part1-floor,docs/G4A_R2_SUPPLEMENTAL_PROPOSALS.csv,interactive,adj.,pos-morphology,medium,Codex seed-20260914 blinded acceptance challenge,Adjective interactive is led by the noun 'Пропозиція'; the phrase is ungrammatical and does not define the adjective.,"Whole-definition case: verified the claim -- the definition opens with the noun 'Пропозиція' (a proposal/offer), which is ungrammatical as a definition of the adjective 'інтерактивний' and does not describe the adjective at all. Rewrote as a standard adjectival formula referring to user interaction, the core sense of the headword.",інтерактивний,Пропозиція або залучення взаємодії з користувачем.,,,,"Такий, що передбачає взаємодію з користувачем.",definitionUa,definitionUa,bc98b8b92208aa7ba222375c1c574fb7f5194c9b1ac07ecde0811cc88817f7df,,high,Пропозиція або залучення
SB-0658,A,r2-reconciliation,docs/G4A_R2_RECON_CHUNK2.csv,intermediate,adj.,calque-russianism,high,R2 A/B reconciliation (union-defect roster),Знаходження між двома крайнощами,,проміжний,Знаходження між двома крайнощами або в середині діапазону.,definitionUa,"Розташований або такий, що перебуває між двома рівнями чи крайнощами.",,"Розташований або такий, що перебуває між двома рівнями чи крайнощами.",definitionUa,definitionUa,ed18ae1ff85af7ed7b8962f88afcbeb5edf7d9aa074ea97676dcad3bad221b2a,the noun phrase «Знаходження між» is a Russian-influenced construction and does not define the adjective intermediate — confirmed.,high,
SB-0659,A,part1-floor,docs/G4A_RESIDUAL_AUDIT_R2_INTAKE.csv,intervene,v.,other,medium,R1-listed defect; severity normalized to P1 by Codex acceptance review,definitionUa carries a stray editorial artifact '[з в]' leaked into learner-facing text.,,втручатися,"Втягнутися в ситуацію, щоб змінити або запобігти дії. [з в]",definitionUa,"Втрутитися в ситуацію, щоб змінити або запобігти дії.",,"Втрутитися в ситуацію, щоб змінити або запобігти дії.",definitionUa,definitionUa,b24e612663495d68fb92f3bfb6d42ba341546a9e70586b1bcd170aa2b7141cfb,,medium,
SB-0694,A,r2-reconciliation,docs/G4A_R2_RECON_CHUNK2.csv,legislation,n.,semantic-fidelity,high,R2 A/B reconciliation (union-defect roster),"Закон, прийнятий законодавчим",,законодавство,"Закон, прийнятий законодавчим або іншим керівним органом.",definitionUa,Сукупність законів або процес їх ухвалення законодавчим органом.,,Сукупність законів або процес їх ухвалення законодавчим органом.,definitionUa,definitionUa,cec838f7ebdee0e62c34053b11e9bfe9b0709d430b75c08a04d44e7510bdc846,"legislation is a body or process of lawmaking, not the single «Закон» the definition states — semantic defect confirmed.",high,
SB-0695,A,r2-reconciliation,docs/G4A_R2_RECON_CHUNK1.csv,legislative,adj.,pos-alignment,high,R2 A/B reconciliation (union-defect roster),Створення закону або законів,,законодавчий,Створення закону або законів або наявність повноважень приймати закони; правотворчість.,definitionUa,Пов’язаний з ухваленням законів або наділений повноваженнями їх ухвалювати.,,Пов’язаний з ухваленням законів або наділений повноваженнями їх ухвалювати.,definitionUa,definitionUa,e52b8db96eacf4f92a7f3c71e60893f6608d04692ea51a3227d1fffbc081d4c0,«Створення закону» is a noun phrase rather than an adjective definition for legislative — confirmed.,high,
SB-0710,A,part1-floor,docs/G4A_R2_SUPPLEMENTAL_PROPOSALS.csv,linear,adj.,grammar-syntax,high,Codex seed-20260914 blinded acceptance challenge,"After singular 'Має форму лінії', the gloss shifts to plural adjectives 'прямі ... прямі'.","Narrow-token case: confirmed the definition shifts from the singular predicate 'Має форму лінії' to plural adjectives 'прямі ... прямі', disagreeing with the singular masculine gloss 'лінійний'. Changed only that clause to singular masculine 'прямий або приблизно прямий'; the surrounding clauses are unchanged.",лінійний,Має форму лінії; прямі або приблизно прямі; за прямим курсом.,,,,Має форму лінії; прямий або приблизно прямий; за прямим курсом.,definitionUa,definitionUa,ec0e79b756607eb90058266d380e45e58c6f77b81da63d8d7a16d68db09fd107,,high,прямі або приблизно прямі
SB-0718,A,r2-reconciliation,docs/G4A_R2_RECON_CHUNK3.csv,logic,n.,semantic-fidelity,high,R2 A/B reconciliation (union-defect roster),"лінійне, поетапне мислення",,логіка,"Метод людського мислення, який передбачає лінійне, поетапне мислення про те, як можна вирішити проблему. Логіка є основою багатьох принципів, включаючи науковий метод.",definitionUa,Система принципів правильного міркування та встановлення обґрунтованих висновків.,,Система принципів правильного міркування та встановлення обґрунтованих висновків.,definitionUa,definitionUa,502707ae4f5534b77f57811430eff2b069ac5a1ba0a0181be2b1d38a72ed23b7,the definition inaccurately reduces logic to linear step-by-step problem solving — semantic defect confirmed.,high,
SB-0724,A,part1-floor,docs/G4A_RESIDUAL_AUDIT_R2_INTAKE.csv,machinery,n.,grammar-calque-fragment,high,R1-listed defect; severity normalized to P1 by Codex acceptance review,Malformed word order: trailing 'разом' dangles at the end of the definition.,,машини,"Машини, що складають виробничий апарат на заводі тощо, разом.",definitionUa,"Машини, що разом складають виробничий апарат заводу тощо.",,"Машини, що разом складають виробничий апарат заводу тощо.",definitionUa,definitionUa,4e0118684a83c1d1b54b8dd4cf4fc92e28633b04a47a723a3e3b549f1c3027ca,,high,
SB-0740,A,r2-reconciliation,docs/G4A_R2_RECON_CHUNK2.csv,marine,adj.,grammar-syntax,high,R2 A/B reconciliation (union-defect roster),Приналежність або характеристика моря,,морський,Приналежність або характеристика моря; існуючі або знайдені в морі; утворені або вироблені морем.,definitionUa,"Пов’язаний із морем; такий, що існує, утворюється або відбувається в морі.",,"Пов’язаний із морем; такий, що існує, утворюється або відбувається в морі.",definitionUa,definitionUa,20f8d52e70c849db260707c616ddc0a8cc50ff74a2fbd7349b90df244c882be7,"the definition shifts from a singular noun to plural participles, producing broken adjective agreement — confirmed.",high,
SB-0748,A,r2-reconciliation,docs/G4A_R2_RECON_CHUNK1.csv,meantime,n.,pos-alignment,high,R2 A/B reconciliation (union-defect roster),тим часом,,тим часом,"Час, витрачений на очікування іншої події; час між ними.",both,ua: проміжний час | definitionUa: Період між двома подіями або до настання очікуваної події.,проміжний час,Період між двома подіями або до настання очікуваної події.,ua|definitionUa,ua|definitionUa,3f4eec7d3a6c64ef4c8f6037726cbbd9e26b272cba40b0d4292d9d9d40d72eb7,"the noun meantime is glossed with the adverbial «тим часом» ('meanwhile'), a POS mismatch that mistrains usage — confirmed.",high,
SB-0749,A,part1-floor,docs/G4A_RESIDUAL_AUDIT_R2_INTAKE.csv,medieval,adj.,pos-morphology-mismatch,medium,R1-listed defect; severity normalized to P1 by Codex acceptance review,Adjective 'medieval' defined starting with the noun 'Середньовіччя'; POS mismatch.,,середньовічний,"Середньовіччя або пов’язане з ним, період приблизно з 500 до 1500 року нашої ери.",definitionUa,"Такий, що стосується Середньовіччя (приблизно 500–1500 рр. н.е.) або пов'язаний з ним.",,"Такий, що стосується Середньовіччя (приблизно 500–1500 рр. н.е.) або пов'язаний з ним.",definitionUa,definitionUa,e329b37384bebb6ee6b1d1e901bf20d7fa077d78cf56822eba5509dbfb28e534,,medium,
SB-0761,A,r2-reconciliation,docs/G4A_R2_RECON_CHUNK1.csv,merger,n.,grammar-syntax,high,R2 A/B reconciliation (union-defect roster),бере на себе сторона-покупець,,злиття,"Юридичне об’єднання двох або більше корпорацій в одну юридичну особу, активи та зобов’язання, як правило, бере на себе сторона-покупець.",definitionUa,"Юридичне об’єднання двох або більше компаній в одну, за якого активи й зобов’язання переходять до об’єднаної компанії.",,"Юридичне об’єднання двох або більше компаній в одну, за якого активи й зобов’язання переходять до об’єднаної компанії.",definitionUa,definitionUa,f49ca8fedf28ab404e43ec7553e4de7cf8177eeac9087c55fecb523f9bd3adf2,«активи та зобов’язання … бере на себе сторона-покупець» miscoordinates number/agent and garbles which party assumes what — confirmed.,high,
SB-0764,A,r2-reconciliation,docs/G4A_R2_RECON_CHUNK1.csv,midst,n.,pos-alignment,high,R2 A/B reconciliation (union-defect roster),посеред,,посеред,Місце в середині чого-небудь; може використовуватися в буквальному або метафоричному значенні.,both,ua: середина; центр | definitionUa: Середня частина або оточення чогось; часто у вислові «посеред чогось».,середина; центр,Середня частина або оточення чогось; часто у вислові «посеред чогось».,ua|definitionUa,ua|definitionUa,d646700eedbff00919e9496d927f96f58365ad517b8322374badc392023260dd,"midst is a noun but ua «посеред» is a preposition/adverb, giving no noun equivalent — the POS mismatch is confirmed.",high,
SB-0782,A,r2-reconciliation,docs/G4A_R2_RECON_CHUNK2.csv,modification,n.,grammar-syntax,high,R2 A/B reconciliation (union-defect roster),нову або змінену форму,,модифікація,Результат модифікації чогось; нову або змінену форму.,definitionUa,Зміна чогось або результат такої зміни; нова чи змінена форма.,,Зміна чогось або результат такої зміни; нова чи змінена форма.,definitionUa,definitionUa,91f4d1c0ea8218115f073ab3b66f1d70bf385c3f0a2c1122eb59a7f22d1c1df6,accusative «нову або змінену форму» does not agree with the nominative «результат» — agreement defect confirmed.,high,
SB-0789,A,r2-reconciliation,docs/G4A_R2_RECON_CHUNK2.csv,municipal,adj.,pos-alignment,high,R2 A/B reconciliation (union-defect roster),Муніципалітет або,,муніципальний,"Муніципалітет або пов’язаний з муніципалітетом (місто чи корпорація, яка має право керувати місцевим урядом).",definitionUa,"Пов’язаний з містом, громадою або органом місцевого самоврядування.",,"Пов’язаний з містом, громадою або органом місцевого самоврядування.",definitionUa,definitionUa,d80dbc5c822e0b719b8cc454f17223088d5420ec3625f3fcb1d54484da3c48db,the definition begins with the noun municipality instead of defining the adjective municipal — confirmed.,high,
SB-0790,A,r2-reconciliation,docs/G4A_R2_RECON_CHUNK3.csv,mutual,adj.,grammar-syntax,high,R2 A/B reconciliation (union-defect roster),"Маючи однакові відносини, один до одного",,взаємний,"Маючи однакові відносини, один до одного.",definitionUa,"Спільний для двох чи більше сторін або такий, що діє взаємно.",,"Спільний для двох чи більше сторін або такий, що діє взаємно.",definitionUa,definitionUa,1986bec8358200b19f3127792f3eed66140239a8f5b392bbf546a3365db0a571,"«Маючи однакові відносини, один до одного» is grammatically broken and is not an adjective definition of mutual — confirmed.",high,
SB-0794,A,r2-reconciliation,docs/G4A_R2_RECON_CHUNK1.csv,neglect,"v., n.",pos-alignment,high,R2 A/B reconciliation (union-defect roster),Не дбати про щось,,нехтувати,Не дбати про щось або не звертати уваги.,both,ua: нехтування; нехтувати | definitionUa: Брак належної уваги чи догляду; також не дбати або не звертати уваги.,нехтування; нехтувати,Брак належної уваги чи догляду; також не дбати або не звертати уваги.,ua|definitionUa,ua|definitionUa,95e2597a778e39a100339407de45a508c584d0f14dd622eb74c029bb944c1163,"neglect is v.,n. but ua «нехтувати» and the definition cover only the verb, dropping the noun sense — the coverage defect is confirmed.",high,
SB-0797,A,part1-floor,docs/G4A_RESIDUAL_AUDIT_R2_INTAKE.csv,net,adj.,pos-morphology-mismatch,high,R1-listed defect; severity normalized to P1 by Codex acceptance review,Adjective 'net' defined with noun head 'Залишок' (remainder); POS mismatch.,,чистий,Залишок після витрат або відрахувань.,definitionUa,"Такий, що залишається після витрат або відрахувань; чистий (про суму).",,"Такий, що залишається після витрат або відрахувань; чистий (про суму).",definitionUa,definitionUa,ecc5d276a5ba9ed4ca981353088cbb62d4788de4007b8603c051453bdf7446d8,,high,
SB-0799,A,r2-reconciliation,docs/G4A_R2_RECON_CHUNK1.csv,niche,n.,grammar-syntax,high,R2 A/B reconciliation (union-defect roster),для якої вона добре підходить,,ніша,"Будь-яка позиція можливостей, для якої вона добре підходить, наприклад певний ринок у бізнесі.",definitionUa,"Спеціалізована сфера або позиція, що добре відповідає певним здібностям чи потребам, зокрема сегмент ринку.",,"Спеціалізована сфера або позиція, що добре відповідає певним здібностям чи потребам, зокрема сегмент ринку.",definitionUa,definitionUa,95f589ef03571010139b56f5f3355b03d9a59c57ff9f033c1027f9752d603898,"the pronoun «вона» has no valid antecedent, leaving the definition ungrammatical — the broken syntax is confirmed.",high,
SB-0800,A,r2-reconciliation,docs/G4A_R2_RECON_CHUNK3.csv,noble,adj.,pos-alignment,high,R2 A/B reconciliation (union-defect roster),Наявність почесних якостей,,благородний,"Наявність почесних якостей; мати моральну висоту та свободу від будь-чого дрібного, підлого чи сумнівного в поведінці та характері.",definitionUa,"Такий, що має високі моральні якості й не виявляє ницості чи підлості.",,"Такий, що має високі моральні якості й не виявляє ницості чи підлості.",definitionUa,definitionUa,ffc248984d014eb630280885c03d804ae8544b104b198c4f16cd11e6ccde663a,the definition alternates a noun phrase with an infinitive instead of defining the adjective noble — confirmed.,high,
SB-0812,A,r2-reconciliation,docs/G4A_R2_RECON_CHUNK3.csv,notorious,adj.,grammar-syntax,high,R2 A/B reconciliation (union-defect roster),загально чи широко відома,,горезвісний,Про особу чи організацію: загально чи широко відома чимось негативним; сумно відомий.,definitionUa,Широко відомий чимось поганим або ганебним.,,Широко відомий чимось поганим або ганебним.,definitionUa,definitionUa,c85a7099cacae075c30c973dd978e1f1b6645ea0873dc179d825fa09a63224b0,the definition mixes feminine and masculine agreement and handles person and organization inconsistently — confirmed.,high,
SB-0840,A,part1-floor,docs/G4A_RESIDUAL_AUDIT_R2_INTAKE.csv,oversee,v.,semantic-pedagogical-error,medium,R1-listed defect; severity normalized to P1 by Codex acceptance review,Includes off-sense verbs 'переглядати/направляти' for oversee; oversee = наглядати/контролювати.,,наглядати,"Контролювати, направляти, переглядати або керувати діями особи чи групи.",definitionUa,"Наглядати, контролювати або керувати діями особи чи групи.",,"Наглядати, контролювати або керувати діями особи чи групи.",definitionUa,definitionUa,a9872adbcca8fa7d0dfa87c28b0b1435760a9d03e02938a7e03c7b8a429e543a,,medium,
SB-0848,A,r2-reconciliation,docs/G4A_R2_RECON_CHUNK3.csv,parliamentary,adj.,grammar-syntax,high,R2 A/B reconciliation (union-defect roster),"З, пов’язані з парламентом",,парламентський,"З, пов’язані з парламентом або ухвалені ним.",definitionUa,"Пов’язаний із парламентом, здійснюваний або ухвалений ним.",,"Пов’язаний із парламентом, здійснюваний або ухвалений ним.",definitionUa,definitionUa,74d11d6b2ed852cc0047336f327d6cdd7065badba58ca23303a707428c176139,"«З, пов’язані з парламентом» is a malformed fragment with number disagreement — confirmed.",high,
SB-0860,A,r2-reconciliation,docs/G4A_R2_RECON_CHUNK2.csv,peasant,n.,ui-truncation,high,R2 A/B reconciliation (union-defect roster),та садівни,,селянин,"Член нижчого соціального класу, який працює на землі, складається з дрібних фермерів і орендарів, пайовиків, батраків та інших робітників на землі, де вони утворюють основну робочу силу в сільському господарстві та садівни...",definitionUa,"Представник сільського населення, який обробляє землю, зазвичай дрібний землероб або орендар.",,"Представник сільського населення, який обробляє землю, зазвичай дрібний землероб або орендар.",definitionUa,definitionUa,49856612dc897771b6eabdfd4503419565747926aadc2128f3b8f9b697cb9276,the learner-facing definition is physically truncated mid-word at «…та садівни…» — broken text confirmed over Pass B's P2.,high,
SB-0865,A,r2-reconciliation,docs/G4A_R2_RECON_CHUNK3.csv,petition,n.,ui-truncation,high,R2 A/B reconciliation (union-defect roster),кривди чи,,петиція,"Офіційний письмовий запит, зроблений окремою особою чи групою людей до суверенної чи політичної влади, який часто містить багато підписів, із проханням про якусь благодать, право, милосердя або виправлення якоїсь кривди чи...",definitionUa,"Офіційне письмове звернення до влади з проханням про дію або зміну, часто підписане багатьма людьми.",,"Офіційне письмове звернення до влади з проханням про дію або зміну, часто підписане багатьма людьми.",definitionUa,definitionUa,d8a51b969b57f4b9704cb9468924e8c0bb4a6837c261b806d78e2bb6d7e757e2,the learner-facing definition is physically truncated mid-clause at «…кривди чи…» — broken text confirmed over Pass B's P2.,high,
SB-0871,A,r2-reconciliation,docs/G4A_R2_RECON_CHUNK2.csv,pirate,n.,grammar-syntax,high,R2 A/B reconciliation (union-defect roster),зазвичай нападають,,пірат,"Злочинець, який грабує на морі; зазвичай нападають на торговельні судна, хоча часто грабують портові міста.",definitionUa,"Злочинець, який нападає на судна або прибережні місця й грабує їх.",,"Злочинець, який нападає на судна або прибережні місця й грабує їх.",definitionUa,definitionUa,c0133d2328a4ea4a2d1d4d0bd16141c83863b73594a106d794b37d599d0558fc,the definition shifts from singular «злочинець» to plural «нападають» without an antecedent — confirmed.,high,
SB-0883,A,r2-reconciliation,docs/G4A_R2_RECON_CHUNK1.csv,portray,v.,grammar-syntax,high,R2 A/B reconciliation (union-defect roster),для зображення персонажа,,зображувати,"Грати роль; для зображення персонажа, людини, ситуації чи події.",definitionUa,"Зображувати людину, персонажа, ситуацію чи подію, зокрема грати роль у виставі або фільмі.",,"Зображувати людину, персонажа, ситуацію чи подію, зокрема грати роль у виставі або фільмі.",definitionUa,definitionUa,18526675635701dacf08a53adaf03980190f2f39855f5cb4e93f5b3d6dd10934,«для зображення» breaks the infinitive definition of portray — the syntax defect is confirmed.,high,
SB-0885,A,part1-floor,docs/G4A_R2_SUPPLEMENTAL_PROPOSALS.csv,post-war,adj.,russianism-calque,high,Codex seed-20260914 blinded acceptance challenge,"'Відноситься до' is a Russian-pattern calque here, and 'де є припинення конфлікту' is an ill-formed appended clause.","Revised again on review: the recorded defect is the 'Відноситься до' calque and the ill-formed appended clause 'де є припинення конфлікту'. That clause was dropped as redundant rather than repaired/paraphrased, since any paraphrase restating 'after the war ended' duplicates the first clause (tautology). Switched 'Відноситься до' to the house-style adjectival formula 'Такий, що стосується' for consistency with Batch 1 (SB-0043, SB-0428). Two earlier edits were reverted as out-of-scope: 'відразу' was changed back from 'одразу' (interchangeable synonym, not part of the recorded defect, and the same class of change was rejected at Batch 1 SB-0328 'або'->'чи'), and 'періоду часу' was restored in full (dropping 'часу' was not the recorded defect either). Narrow-token/phrase case: only the calque phrase and the ill-formed clause were touched; everything else is frozen text verbatim. REVIEWER NOTE: «періоду часу» is pleonastic and «відразу»/«одразу» are interchangeable; both were left as frozen because neither is part of the recorded defect.",післявоєнний,Відноситься до періоду часу відразу після закінчення війни; де є припинення конфлікту.,,,,"Такий, що стосується періоду часу відразу після закінчення війни.",definitionUa,definitionUa,d98fc7d0f93ee681c220175c0223046bffa0e5edaff6b7929e2092a9e9bc60ac,,high,Відноситься до
SB-0899,A,part1-floor,docs/G4A_R2_SUPPLEMENTAL_PROPOSALS.csv,prescribe,v.,semantic-pedagogical,high,Codex seed-20260914 blinded acceptance challenge,The definition uses 'Замовити' (order/purchase) for prescribe instead of 'призначити'.,"Narrow-token case: 'Замовити' means 'to order/purchase', not the medical sense of 'prescribe'. Replaced with 'Призначати', matching the accepted ua gloss 'призначати' and the bank's imperfective-verb convention for verb definitions. Nothing else in the sentence altered.",призначати,Замовити (лікарський засіб або медичний пристрій) для використання конкретним пацієнтом (за ліцензією).,,,,Призначати (лікарський засіб або медичний пристрій) для використання конкретним пацієнтом (за ліцензією).,definitionUa,definitionUa,df5135e877f49f3ff34abd7621376817df3339abde0f034b8527a2ca6b1befcb,,high,Замовити
SB-0907,A,part1-floor,docs/G4A_R2_SUPPLEMENTAL_PROPOSALS.csv,presumably,adv.,pos-morphology,high,Codex seed-20260914 blinded acceptance challenge,Adverb presumably is defined as the adjective presumable: 'Здатний бути ... припущеним'.,"Revised on review: pass-1 value 'Ймовірно, наскільки можна обґрунтовано припустити.' read as two disconnected fragments spliced by a comma rather than one adverbial definition. Whole-definition judgement unchanged -- the frozen text still defines the adjective 'presumable' ('capable of being reasonably presumed'), not the adverb 'presumably' -- but the replacement is now phrased as a single coherent adverbial predicate, 'Як можна обґрунтовано припустити; імовірно.', consistent with the accepted ua gloss 'мабуть'.",мабуть,Здатний бути розумно припущеним.,,,,Як можна обґрунтовано припустити; імовірно.,definitionUa,definitionUa,dc8dd86e41c187dfe2731d4df43838efa84daaf2277a509bb23360765c4d2eed,,high,Здатний бути розумно припущеним
SB-0911,A,r2-reconciliation,docs/G4A_R2_RECON_CHUNK1.csv,prevention,n.,sense-coverage,high,R2 A/B reconciliation (union-defect roster),ризиків для здоров’я,,профілактика,"Будь-які заходи, спрямовані на обмеження ризиків для здоров’я (такі як інформаційні кампанії, вакцинація, рання діагностика тощо).",definitionUa,"Дії або заходи, спрямовані на те, щоб не допустити небажаної події чи зменшити її ризик.",,"Дії або заходи, спрямовані на те, щоб не допустити небажаної події чи зменшити її ризик.",definitionUa,definitionUa,42a6951e738d92e0c967f20a818a06e3546d566a5c06866ff11f56887388af85,"prevention is narrowed to «ризиків для здоров’я», omitting the general act of stopping something — the sense-coverage defect is confirmed.",high,
SB-0914,A,r2-reconciliation,docs/G4A_R2_RECON_CHUNK2.csv,privatization,n.,grammar-syntax,high,R2 A/B reconciliation (union-defect roster),в приватну,,приватизація,Передача компанії або організації з державної власності та контролю в приватну.,definitionUa,Передача підприємства або організації з державної власності й контролю у приватну власність.,,Передача підприємства або організації з державної власності й контролю у приватну власність.,definitionUa,definitionUa,6af6e5dec7ac108d563ef63fba2a3c16f776195215c0ef06d8d9e02bc16db94c,the phrase ends at «в приватну» without the required noun «власність» — broken syntax confirmed.,high,
SB-0917,A,r2-reconciliation,docs/G4A_R2_RECON_CHUNK1.csv,problematic,adj.,grammar-syntax,high,R2 A/B reconciliation (union-defect roster),проблеми(-й):,,проблематичний,Постановка проблеми; мати або страждати від проблеми(-й):,definitionUa,"Такий, що створює проблему, викликає труднощі або потребує обережного розгляду.",,"Такий, що створює проблему, викликає труднощі або потребує обережного розгляду.",definitionUa,definitionUa,0f21e2f796ea25e61c0dc201330479e4006dd2ec1ce3c08263ba05ac42c707eb,"the definition is malformed and ends on a dangling colon «проблеми(-й):» — broken learner-facing syntax, confirmed.",high,
SB-0943,A,r2-reconciliation,docs/G4A_R2_RECON_CHUNK2.csv,psychiatric,adj.,pos-alignment,high,R2 A/B reconciliation (union-defect roster),Психіатрія або,,психіатричний,Психіатрія або пов'язана з нею.,definitionUa,Пов’язаний із психіатрією або лікуванням психічних розладів.,,Пов’язаний із психіатрією або лікуванням психічних розладів.,definitionUa,definitionUa,36a117f623cb7bb24aa54fd07f911937a984dcaf597ca7600f29cb4ef77636f2,the noun «Психіатрія» followed by feminine «пов’язана» does not define the adjective psychiatric — confirmed.,high,
SB-0944,A,r2-reconciliation,docs/G4A_R2_RECON_CHUNK2.csv,pulse,n.,semantic-fidelity,high,R2 A/B reconciliation (union-defect roster),артерії поблизу шкіри,,пульс,"Зазвичай регулярне серцебиття відчувається, коли артерії поблизу шкіри (наприклад, на шиї чи зап’ясті) стиснуті, спричинене серцем, що прокачує через них кров.",definitionUa,"Ритмічне розширення артерій, спричинене серцебиттям і відчутне, наприклад, на зап’ясті чи шиї.",,"Ритмічне розширення артерій, спричинене серцебиттям і відчутне, наприклад, на зап’ясті чи шиї.",definitionUa,definitionUa,a2356d5ee8a4e5259639c0ca4381a9ed78e3d6e192abe8e750b31e295e360d14,the definition confuses pulse with heartbeat and says arteries are compressed rather than palpated — semantic defect confirmed.,high,
SB-0956,A,r2-reconciliation,docs/G4A_R2_RECON_CHUNK2.csv,rape,"n., v.",pos-alignment,high,R2 A/B reconciliation (union-defect roster),Примушувати,,зґвалтування,Примушувати (когось) до статевого акту чи інших сексуальних дій без його згоди.,both,ua: зґвалтування; ґвалтувати | definitionUa: Статевий акт або інша сексуальна дія без згоди; також примушувати когось до такої дії.,зґвалтування; ґвалтувати,Статевий акт або інша сексуальна дія без згоди; також примушувати когось до такої дії.,ua|definitionUa,ua|definitionUa,68e7d3f1e1c107c32e7efb6cca8e8077f6f0d46be249c13a7e56bb166ce51d15,"rape is n.,v. but ua «зґвалтування» is noun-only while the definition «Примушувати…» is verb-only — coverage defect confirmed.",high,
SB-0963,A,r2-reconciliation,docs/G4A_R2_RECON_CHUNK2.csv,rear,"adj., n.",pos-alignment,high,R2 A/B reconciliation (union-defect roster),Задня або крайня задня частина,,задній,"Задня або крайня задня частина; те, що позаду, або останнє за порядком.",both,ua: задній; задня частина | definitionUa: Розташований позаду; також задня частина чогось.,задній; задня частина,Розташований позаду; також задня частина чогось.,ua|definitionUa,ua|definitionUa,9f89991f93e34993975f1fb07843c46628c9b10364052c6af197a689db40d157,"rear is adj.,n. but ua «задній» is adjective-only while the definition is noun-only — coverage defect confirmed.",high,
SB-0965,A,r2-reconciliation,docs/G4A_R2_RECON_CHUNK2.csv,reassure,v.,grammar-syntax,high,R2 A/B reconciliation (union-defect roster),Запевнити заново,,заспокоювати,Запевнити заново; відновити довіру до; звільнитися від страху чи невпевненості в собі.,definitionUa,"Заспокоювати когось, відновлюючи його впевненість або усуваючи страх чи сумнів.",,"Заспокоювати когось, відновлюючи його впевненість або усуваючи страх чи сумнів.",definitionUa,definitionUa,c2719892760b4db4757db9fa8af13d17fa7ceb6fd400e0a44feb7fe43f37982b,«Запевнити заново» is a literal calque and «звільнитися» changes the subject of the transitive verb — confirmed.,high,
SB-0966,A,r2-reconciliation,docs/G4A_R2_RECON_CHUNK3.csv,rebel,n.,grammar-syntax,high,R2 A/B reconciliation (union-defect roster),часто насильницький,,повстанець,"Людина, яка чинить опір встановленій владі, часто насильницький.",definitionUa,"Людина, яка чинить опір установленій владі, часто із застосуванням сили.",,"Людина, яка чинить опір установленій владі, часто із застосуванням сили.",definitionUa,definitionUa,e0f87b4619c62a425a9ee660f871bf8bc07935b84fa64e78206f560b99c6d47b,masculine «насильницький» dangles after «часто» and does not modify the intended noun — confirmed.,high,
SB-0977,A,r2-reconciliation,docs/G4A_R2_RECON_CHUNK2.csv,regardless,adv.,pos-alignment,high,R2 A/B reconciliation (union-defect roster),Не звертаючи уваги на; ігнорування,,незалежно,Не звертаючи уваги на; ігнорування.,definitionUa,Не беручи до уваги певну обставину; попри неї.,,Не беручи до уваги певну обставину; попри неї.,definitionUa,definitionUa,7eda07b929fa7ca57d648e8449559011dc46f3020a32b2bb98339991661ab826,«Не звертаючи уваги на; ігнорування» mixes an incomplete participial phrase with a noun and does not define the adverb — confirmed.,high,
SB-0980,A,r2-reconciliation,docs/G4A_R2_RECON_CHUNK3.csv,regulatory,adj.,calque-russianism,high,R2 A/B reconciliation (union-defect roster),Регулювання чи відношення до нього,,регулятивний,Регулювання чи відношення до нього.,definitionUa,Пов’язаний із регулюванням або призначений для нього.,,Пов’язаний із регулюванням або призначений для нього.,definitionUa,definitionUa,09d94cd567fd9c222ad808389907fa44b5890d29dc1d5142ea6441516c19fd10,the noun phrase contains the Russian-influenced «відношення до» and does not define the adjective regulatory — confirmed.,high,
SB-0987,A,r2-reconciliation,docs/G4A_R2_RECON_CHUNK2.csv,remainder,n.,semantic-fidelity,high,R2 A/B reconciliation (union-defect roster),вже виникли,,залишок,"Частина або частини, що залишилися після того, як деякі були видалені або вже виникли.",definitionUa,"Частина, що залишається після того, як решту використали, видалили або врахували.",,"Частина, що залишається після того, як решту використали, видалили або врахували.",definitionUa,definitionUa,729d2e6dc19193b85ef250d88e79dfa0b677ce6df61db6b1e0990a73ad436f34,"«вже виникли» does not express items already used, taken or accounted for — semantic defect confirmed.",high,
SB-0993,A,r2-reconciliation,docs/G4A_R2_RECON_CHUNK3.csv,renew,v.,grammar-syntax,high,R2 A/B reconciliation (union-defect roster),для відновлення свіжості,,відновити,Знову робити (щось) нове; для відновлення свіжості або початкового стану.,definitionUa,"Відновлювати свіжість, чинність або початковий стан; робити новим знову.",,"Відновлювати свіжість, чинність або початковий стан; робити новим знову.",definitionUa,definitionUa,2006918c721f543efde0d1aa4307a713b0b882cf0b917506cc2529d9881f3efa,the second clause begins with the purpose phrase «для відновлення» instead of continuing the verb definition of renew — confirmed.,high,
SB-0995,A,r2-reconciliation,docs/G4A_R2_RECON_CHUNK3.csv,rental,n.,ua-definition-consistency,high,R2 A/B reconciliation (union-defect roster),Плата за оренду чогось,,оренда,Плата за оренду чогось.,both,ua: оренда; орендна плата | definitionUa: Користування майном за плату; також плата за таке користування.,оренда; орендна плата,Користування майном за плату; також плата за таке користування.,ua|definitionUa,ua|definitionUa,4938ad9b0ed59082d22f2e4cabf06c407d9bacebed84c5df5cc64f452f0a9329,"ua «оренда» denotes renting, while the definition covers only the fee paid — ua↔definition inconsistency confirmed.",high,
SB-0999,A,r2-reconciliation,docs/G4A_R2_RECON_CHUNK2.csv,reproduce,v.,grammar-syntax,high,R2 A/B reconciliation (union-defect roster),Для створення або розмноження,,відтворювати,Для створення або розмноження потомства або організмів статевим або нестатевим шляхом.,definitionUa,Створювати копію або повторювати щось; також давати потомство.,,Створювати копію або повторювати щось; також давати потомство.,definitionUa,definitionUa,e2b5988d74621780deb77ac12f5d6ecc4c3b62fd77449a19da477b31917b28dc,the purpose phrase «Для створення» does not define the verb and the entry covers only biological reproduction — confirmed.,high,
SB-1003,A,part1-floor,docs/G4A_R2_SUPPLEMENTAL_PROPOSALS.csv,reside,v.,grammar-semantic,high,Codex seed-20260914 blinded acceptance challenge,'мати постійне місце проживання на час' is internally contradictory and not idiomatic Ukrainian.,Narrow-token case: 'постійне ... на час' is self-contradictory ('permanent' vs 'for a time'). Removed only the contradictory 'на час' qualifier; the surrounding three-clause structure and the other two clauses are preserved exactly.,проживати,Проживати постійно або на тривалий час; мати постійне місце проживання на час; залишатися надовго.,,,,Проживати постійно або на тривалий час; мати постійне місце проживання; залишатися надовго.,definitionUa,definitionUa,faabbd4644154d1f93edc6f00e26b13e2a75d3f08fbf18b586e1ca66a0d72326,,high,мати постійне місце проживання на час
SB-1009,A,r2-reconciliation,docs/G4A_R2_RECON_CHUNK2.csv,respective,adj.,grammar-syntax,high,R2 A/B reconciliation (union-defect roster),кожен до кожного,,відповідний,"Що стосується конкретних осіб або речей, кожен до кожного; особливий; власні.",definitionUa,"Такий, що окремо стосується кожної з названих осіб або речей.",,"Такий, що окремо стосується кожної з названих осіб або речей.",definitionUa,definitionUa,08ae5fc9e27e8c0e391092789c67d0b34ed35b890f990a8a9f041fe469a7c006,«кожен до кожного; особливий; власні» has broken agreement and does not explain respective — confirmed.,high,
SB-1010,A,r2-reconciliation,docs/G4A_R2_RECON_CHUNK2.csv,respectively,adv.,semantic-fidelity,high,R2 A/B reconciliation (union-defect roster),У відносний спосіб,,відповідно,"У відносний спосіб; часто використовується під час порівняння списків масивів, де цей термін означає, що елементи в списках відповідають один одному в тому порядку, в якому вони вказані.",definitionUa,У тому самому порядку для кожного з уже названих елементів.,,У тому самому порядку для кожного з уже названих елементів.,definitionUa,definitionUa,f7e232a0651e3e8e1f6cf7dca694423c992e2c4d7fc46986ca0002a1fa8e7f31,«У відносний спосіб» is a false literal rendering and the arrays explanation is needlessly technical — confirmed.,high,
SB-1015,A,part1-floor,docs/G4A_RESIDUAL_AUDIT_R2_INTAKE.csv,retrieve,v.,semantic-pedagogical-error,high,R1-listed defect; severity normalized to P1 by Codex acceptance review,learner-facing ua 'отримати' is too generic and omits the essential back/recover direction that definitionUa supplies; ua conflicts with definitionUa.,,отримати,Отримати чи дістати щось назад; повернути собі.,ua,повернути; дістати назад,повернути; дістати назад,,ua,ua,5c49c46a38ca1f6cd2b6ddd4750408ba6114ec2feab2971816e126c60c8c226a,,high,
SB-1037,A,r2-reconciliation,docs/G4A_R2_RECON_CHUNK3.csv,saint,n.,grammar-syntax,high,R2 A/B reconciliation (union-defect roster),один видатний для благочестя,,святий,"Померла особа, яку церква чи інша релігійна група офіційно визнала особливо святою чи благочестивою; один видатний для благочестя та чесноти.",definitionUa,"Особа, яку релігійна спільнота вважає особливо святою або зразково благочестивою.",,"Особа, яку релігійна спільнота вважає особливо святою або зразково благочестивою.",definitionUa,definitionUa,c7b3675bb6e5affe9617b98bbaf74b9d2e5605ba00667c7f0d76da782e115289,«один видатний для благочестя» is an unintelligible literal calque — confirmed.,high,
SB-1041,A,r2-reconciliation,docs/G4A_R2_RECON_CHUNK3.csv,scattered,adj.,grammar-syntax,high,R2 A/B reconciliation (union-defect roster),"Розпорошені, розбиті на роз'єднані одиниці",,розкиданий,"Розпорошені, розбиті на роз'єднані одиниці.",definitionUa,Розміщений у різних місцях і не зосереджений разом.,,Розміщений у різних місцях і не зосереджений разом.,definitionUa,definitionUa,d89ddeccb8a084094133fe016fbb1c213bbe443ddd50ca5eb31309034fe045ed,"plural «Розпорошені, розбиті» does not agree with the singular adjective розкиданий — confirmed.",high,
SB-1048,A,part1-floor,docs/G4A_R2_SUPPLEMENTAL_PROPOSALS.csv,seemingly,adv.,grammar-calque,high,Codex seed-20260914 blinded acceptance challenge,'Як з'являється' is a false calque of 'as it appears'; Ukrainian requires 'як видається/на перший погляд'.,"Narrow-token case: 'з'являтися' means 'to physically appear/show up', a false-friend calque of the sense needed here. Replaced with 'як видається', the idiomatic Ukrainian equivalent of 'as it seems'. Trailing '; мабуть.' left untouched.",здавалося б,Як з'являється; мабуть.,,,,Як видається; мабуть.,definitionUa,definitionUa,58f3ad148a86194902e11066f018e00d62d8232ee63def8d1f888e5adc94f626,,high,Як з'являється
SB-1058,A,r2-reconciliation,docs/G4A_R2_RECON_CHUNK1.csv,serial,adj.,calque-russianism,high,R2 A/B reconciliation (union-defect roster),Маючи відношення,,серійний,Маючи відношення до або розташовані в ряд.,definitionUa,"Розташований або такий, що відбувається послідовно, один за одним.",,"Розташований або такий, що відбувається послідовно, один за одним.",definitionUa,definitionUa,311d5886fdc894af6e7262ee8ec5a2d05c0149d04d9b690023e7041cc382ff4c,«Маючи відношення» is Russian-influenced and «розташовані» disagrees with the adjective — confirmed.,high,
SB-1065,A,r2-reconciliation,docs/G4A_R2_RECON_CHUNK1.csv,sheer,adj.,pos-alignment,high,R2 A/B reconciliation (union-defect roster),прямо; повний; чистий,,чистий,прямо; повний; чистий.,both,ua: цілковитий; прямовисний; прозорий | definitionUa: Повний або абсолютний; також дуже крутий чи тонкий і прозорий.,цілковитий; прямовисний; прозорий,Повний або абсолютний; також дуже крутий чи тонкий і прозорий.,ua|definitionUa,ua|definitionUa,954115349c3c7d98ab55b3250c08f8f06174b9694385490ec6852b734259f696,«прямо; повний; чистий» mixes adverb/adjective forms and the gloss «чистий» misses sheer's core 'utter/complete' and 'steep' senses — confirmed.,high,
SB-1068,A,r2-reconciliation,docs/G4A_R2_RECON_CHUNK2.csv,shrink,v.,calque-russianism,high,R2 A/B reconciliation (union-defect roster),контрактувати,,скорочуватися,Стати меншим; контрактувати.,definitionUa,"Ставати меншим за розміром, обсягом або кількістю; стискатися.",,"Ставати меншим за розміром, обсягом або кількістю; стискатися.",definitionUa,definitionUa,06e6f6cc14a0098c0fefeb35e40bb6fba558b87d3b9ba851d76e3aabead88920,«контрактувати» is a nonstandard calque of 'contract' meaning become smaller — confirmed.,high,
SB-1081,A,part1-floor,docs/G4A_RESIDUAL_AUDIT_R2_INTAKE.csv,slavery,n.,other,low,R1-listed defect; severity normalized to P1 by Codex acceptance review,definitionUa uses the mild russianism/calque 'в якості примусової праці' (в качестве -> в якості); idiomatic Ukrainian prefers 'як примусову працю'/'у ролі'. Corroborated by the CP2 mechanical calque detector.,,рабство,"Інститут або соціальна практика володіння людьми як власністю, особливо для використання в якості примусової праці.",definitionUa,"Інститут або соціальна практика, за якої одні люди володіють іншими як власністю та примусово використовують їхню працю.",,"Інститут або соціальна практика, за якої одні люди володіють іншими як власністю та примусово використовують їхню працю.",definitionUa,definitionUa,6b24bbb8f92375fac02acebdd7df8c8f3358d133e2d6c594df1f47a5b585c3eb,,low,
SB-1082,A,r2-reconciliation,docs/G4A_R2_RECON_CHUNK3.csv,slot,n.,grammar-syntax,high,R2 A/B reconciliation (union-defect roster),один для прийому шматка,,слот,"Вузька западина, перфорація або отвір; особливо, один для прийому шматка, що підходить або ковзає в нього.",definitionUa,"Вузький отвір або паз, у який вставляють предмет; також визначене місце чи час.",,"Вузький отвір або паз, у який вставляють предмет; також визначене місце чи час.",definitionUa,definitionUa,92b6723b77ee4ad03463c9dd0cc595f8342a9ae2ad737c3d91e82cbe44326d07,"«особливо, один для прийому шматка» has invalid pronoun reference and unusable syntax — confirmed.",high,
SB-1085,A,r2-reconciliation,docs/G4A_R2_RECON_CHUNK1.csv,soak,v.,voice-alignment,high,R2 A/B reconciliation (union-defect roster),Насичуватися рідиною,,замочити,Насичуватися рідиною шляхом занурення в неї.,both,"ua: замочувати; просочуватися | definitionUa: Занурювати в рідину, щоб добре намочити; також насичуватися рідиною.",замочувати; просочуватися,"Занурювати в рідину, щоб добре намочити; також насичуватися рідиною.",ua|definitionUa,ua|definitionUa,04de6e79b06f124fd403d95c62a16c16bf3108152c862fa4e7a9556d11857ed6,ua «замочити» is transitive/perfective but the definition «Насичуватися рідиною» is reflexive/intransitive — the voice mismatch is confirmed.,high,
SB-1087,A,r2-reconciliation,docs/G4A_R2_RECON_CHUNK1.csv,socialist,adj.,grammar-syntax,high,R2 A/B reconciliation (union-defect roster),"Відносно, підтримка чи пропаганда",,соціалістичний,"Відносно, підтримка чи пропаганда соціалізму.",definitionUa,"Пов’язаний із соціалізмом або такий, що підтримує його.",,"Пов’язаний із соціалізмом або такий, що підтримує його.",definitionUa,definitionUa,0bf0a99ee980fe61358fd8ac6d40c6642fc62d192125f26c3ff92eca7da0f04e,"«Відносно, підтримка чи пропаганда соціалізму» is malformed with mismatched noun forms — confirmed.",high,
SB-1092,A,r2-reconciliation,docs/G4A_R2_RECON_CHUNK1.csv,solo,"adj., n.",pos-alignment,high,R2 A/B reconciliation (union-defect roster),виконане однією особою,,соло,"Робота або виконання, виконане однією особою.",both,ua: соло; сольний | definitionUa: Виконання однією особою; також призначений для одного виконавця.,соло; сольний,Виконання однією особою; також призначений для одного виконавця.,ua|definitionUa,ua|definitionUa,b8853ebb85a9063cd7612f095cc24675a94a2d8f99748675fbd579f42e9ca2b2,"solo is adj.,n. but ua «соло» and the definition cover only the noun — the coverage defect is confirmed.",high,
SB-1094,A,r2-reconciliation,docs/G4A_R2_RECON_CHUNK3.csv,sovereignty,n.,grammar-syntax,high,R2 A/B reconciliation (union-defect roster),стан здатний контролювати,,суверенітет,"Нації чи іншого державного устрою: стан здатний контролювати ресурси, самостійно приймати закони та іншим чином керувати собою без примусу чи згоди інших держав.",definitionUa,"Право й здатність держави самостійно керувати собою, ухвалювати закони та контролювати свої ресурси.",,"Право й здатність держави самостійно керувати собою, ухвалювати закони та контролювати свої ресурси.",definitionUa,definitionUa,2cdae2a259633664bb8afd73856248ea309cdaf828dfa01733faa3696e2fb734,«стан здатний контролювати» is ungrammatical; sovereignty is the right or ability to self-govern — confirmed.,high,
SB-1096,A,r2-reconciliation,docs/G4A_R2_RECON_CHUNK2.csv,span,"v., n.",pos-alignment,high,R2 A/B reconciliation (union-defect roster),Протягнути через відстань,,охоплювати; тривати,Протягнути через відстань між або впоперек.,both,ua: охоплювати; проміжок | definitionUa: Простягатися через відстань або тривати певний час; також сама відстань чи тривалість.,охоплювати; проміжок,Простягатися через відстань або тривати певний час; також сама відстань чи тривалість.,ua|definitionUa,ua|definitionUa,3ff17a2a60affdfd107bc78297ba742ac805596718f5a10771abd2689b000dad,"span is v.,n. but ua and the definition provide only verb senses — coverage defect confirmed.",high,
SB-1099,A,r2-reconciliation,docs/G4A_R2_RECON_CHUNK2.csv,specialized,adj.,grammar-syntax,high,R2 A/B reconciliation (union-defect roster),адаптована до неї,,спеціалізований,Має високу кваліфікацію в конкретній галузі або спеціально адаптована до неї.,definitionUa,"Такий, що має вузьку спеціалізацію або спеціально пристосований до певної галузі.",,"Такий, що має вузьку спеціалізацію або спеціально пристосований до певної галузі.",definitionUa,definitionUa,775dc7ae7101de7781cb4b2d942dce36585b8a0b906d4f30fd985648eaa65df8,masculine «Має» and feminine «адаптована» lack an agreeing subject — confirmed.,high,
SB-1100,A,r2-reconciliation,docs/G4A_R2_RECON_CHUNK3.csv,specification,n.,grammar-syntax,high,R2 A/B reconciliation (union-defect roster),має задовольняти матеріал,,специфікація,"Чіткий набір вимог, яким має задовольняти матеріал, продукт або послуга.",definitionUa,"Чіткий набір вимог, яким має відповідати матеріал, продукт або послуга.",,"Чіткий набір вимог, яким має відповідати матеріал, продукт або послуга.",definitionUa,definitionUa,045540c225d72696524d0ef28e8a963dcb0682fd034c3da1d78e8445d03633bd,a material or product cannot «задовольняти вимогам»; Ukrainian requires «відповідати вимогам» — grammar defect confirmed.,high,
SB-1108,A,r2-reconciliation,docs/G4A_R2_RECON_CHUNK3.csv,spotlight,n.,sense-coverage,high,R2 A/B reconciliation (union-defect roster),головна або найважливіша частина,,центр уваги; прожектор,Центр уваги; головна або найважливіша частина.,definitionUa,Спрямований яскравий прожектор; також зосереджена суспільна увага.,,Спрямований яскравий прожектор; також зосереджена суспільна увага.,definitionUa,definitionUa,2a0252617908914b59a6f46202d6bc8340e77845e67cab9d17c66dafb6f26e5a,"ua includes the physical prожектор, but the definition covers only the figurative center of attention — sense-coverage confirmed.",high,
SB-1111,A,part1-floor,docs/G4A_R2_SUPPLEMENTAL_PROPOSALS.csv,squad,n.,semantic-pedagogical,medium,Codex seed-20260914 blinded acceptance challenge,The claim that a squad usually has ten members is over-specific and false across ordinary military and nonmilitary senses.,"Narrow-token case: the claim that a squad 'usually' has ten members is over-specific and not true across military (varies ~8-13) or nonmilitary (sports/work 'squad') senses, so the false numeric qualifier was dropped, leaving the accurate general clause intact. REVIEWER NOTE: the ua gloss 'загін' carries a mainly military/paramilitary connotation in Ukrainian and may read oddly for nonmilitary senses of 'squad' (e.g. a sports squad); this was not part of the recorded defect and is left for separate review.",загін,"Група людей, організована для якоїсь спільної мети, зазвичай із десяти членів.",,,,"Група людей, організована для якоїсь спільної мети.",definitionUa,definitionUa,a4d3da4e1eb67aee801acc756b16afc8c4860811b531d48db842f93774b7f7a1,,high,зазвичай із десяти членів
SB-1118,A,r2-reconciliation,docs/G4A_R2_RECON_CHUNK2.csv,stark,adj.,ua-definition-consistency,high,R2 A/B reconciliation (union-defect roster),Простий на вигляд,,разючий; суворий,"Простий на вигляд; безплідний, безлюдний.",both,ua: разючий; суворий; голий | definitionUa: Дуже виразний або різкий; також суворий і позбавлений прикрас.,разючий; суворий; голий,Дуже виразний або різкий; також суворий і позбавлений прикрас.,ua|definitionUa,ua|definitionUa,79f0377c113f22ac88b36af17670054ddb9cc44ba27dcb765af6ab8e480b71f0,ua «разючий; суворий» (striking/severe) is not reconciled with the definition «Простий на вигляд; безплідний» (plain/barren) — ua↔definition inconsistency confirmed.,high,
SB-1119,A,r2-reconciliation,docs/G4A_R2_RECON_CHUNK1.csv,statistical,adj.,grammar-syntax,high,R2 A/B reconciliation (union-defect roster),Статистики або пов’язані зі статистикою,,статистичний,Статистики або пов’язані зі статистикою.,definitionUa,Пов’язаний зі статистикою або заснований на статистичних даних.,,Пов’язаний зі статистикою або заснований на статистичних даних.,definitionUa,definitionUa,be3c60727913923f9b23444c259bccb9afb2767cdf2d66acd4b5a13627a4ad9f,«Статистики або пов’язані» combines a noun with a plural adjective and does not define the singular adjective — confirmed.,high,
SB-1129,A,r2-reconciliation,docs/G4A_R2_RECON_CHUNK3.csv,strategic,adj.,calque-russianism,high,R2 A/B reconciliation (union-defect roster),Відносно стратегії.,,стратегічний,Відносно стратегії.,definitionUa,Пов’язаний зі стратегією або важливий для досягнення довгострокової мети.,,Пов’язаний зі стратегією або важливий для досягнення довгострокової мети.,definitionUa,definitionUa,ad01c1d974ea933a5b58389c252331ff7ed526c3c53372ef0cbb8b527f71057a,«Відносно стратегії» is a Russian-influenced calque and not a complete adjective definition — confirmed.,high,
SB-1141,A,r2-reconciliation,docs/G4A_R2_RECON_CHUNK1.csv,substantial,adj.,grammar-syntax,high,R2 A/B reconciliation (union-defect roster),Великі за розміром,,істотний,"Великі за розміром, кількістю або вартістю; достатній; значний.",definitionUa,"Значний за розміром, кількістю, вартістю або важливістю.",,"Значний за розміром, кількістю, вартістю або важливістю.",definitionUa,definitionUa,960a686a30862849061b77fe9c5c2131707ebdcd642339ff6850882603819842,"«Великі» is plural where the singular adjective істотний is defined — an agreement error in learner-facing metalanguage, confirmed.",high,
SB-1149,A,part1-floor,docs/G4A_R2_SUPPLEMENTAL_PROPOSALS.csv,successor,n.,russianism-calque,high,Codex seed-20260914 blinded acceptance challenge,"'слідує за' and 'у займанні посади' are calqued, non-idiomatic constructions for succeeding someone in office.","Narrow-token/phrase case: 'слідує за... у займанні посади' is a clunky bureaucratic calque of 'follows... in occupying a position'. Replaced with the idiomatic nominal construction 'безпосередньо змінює іншу на посаді чи титулі' ('directly succeeds/replaces another in a position or title'), matching the noun-definition convention. Opening 'Особа або річ, яка' preserved verbatim.",наступник,"Особа або річ, яка безпосередньо слідує за іншою у займанні посади чи титулу.",,,,"Особа або річ, яка безпосередньо змінює іншу на посаді чи титулі.",definitionUa,definitionUa,89c107b9cba8171c321e5c90e06087c7041b69a6f103e241d5ecc324fc150587,,high,слідує за іншою у займанні посади чи титулу
SB-1166,A,r2-reconciliation,docs/G4A_R2_RECON_CHUNK1.csv,surgical,adj.,calque-russianism,high,R2 A/B reconciliation (union-defect roster),"Відносно, використовується",,хірургічний,"Відносно, використовується під час хірургічного втручання або є результатом операції.",definitionUa,"Пов’язаний із хірургією, використовуваний під час операції або спричинений нею.",,"Пов’язаний із хірургією, використовуваний під час операції або спричинений нею.",definitionUa,definitionUa,2e610ebb7031b3d559d3361eafe0c9fe77bc7236631140a43e8d3a6303d56d13,"«Відносно,» is a Russian-influenced opener and the following verbs disagree with the adjective — confirmed.",high,
SB-1168,A,part1-floor,docs/G4A_R2_SUPPLEMENTAL_PROPOSALS.csv,surrender,v.,grammar-semantic,medium,Codex seed-20260914 blinded acceptance challenge,'особливо в полоні; подати або поступитися' is malformed and adds verbs that do not express surrender.,"Narrow-token/phrase case: 'особливо в полоні' (manner clause 'especially in captivity') was ungrammatical as attached; recast as 'особливо потрапляючи в полон' ('especially by falling into captivity'). 'подати' does not mean 'to submit/give way' in Ukrainian (its primary sense is 'to hand in/serve a document'); corrected to 'піддатися'. Opening clause 'Віддатися у владу іншого' preserved verbatim. REVIEWER NOTE: 'Віддатися' is perfective, while this bank's stated convention is imperfective verbal predicates for verb definitions (cf. accepted ua gloss 'здатися', also perfective); this aspect mismatch predates and is separate from the recorded defect, so it was left unchanged and flagged for separate review.",здатися,"Віддатися у владу іншого, особливо в полоні; подати або поступитися.",,,,"Віддатися у владу іншого, особливо потрапляючи в полон; піддатися або поступитися.",definitionUa,definitionUa,85cbeae1c7c11ac32f9e4b4b532cc8d5546bed8bb84da74353a9485b4612d683,,high,особливо в полоні; подати або поступитися
SB-1171,A,part1-floor,docs/G4A_R2_SUPPLEMENTAL_PROPOSALS.csv,suspicion,n.,grammar-syntax,medium,Codex seed-20260914 blinded acceptance challenge,'Дія підозрювати' and 'в чомусь недобре' are ungrammatical; the noun requires an idiomatic nominal definition.,"Revised on review: pass-1 accidentally reordered the frozen 'щось або когось' to 'когось або чогось' and changed 'в' to 'у', neither of which was part of the recorded defect ('Дія підозрювати' and 'в чомусь недобре'). Restored the frozen order and kept 'в' (Ukrainian euphony prefers 'в' after a vowel, and 'особливо' ends in -о). Separately, nominalising the verb to 'Підозрювання' changes the government of its complement: a deverbal noun cannot take an accusative object, so the inanimate 'щось' (accusative=nominative for inanimates) must become genitive 'чогось'; the animate 'когось' is unchanged because Ukrainian accusative and genitive already coincide for animates, so 'когось' is correct in both readings. This case change is made explicitly as part of the recorded fix, not a silent addition. 'в чомусь недобре' (adverb where an adjective is required) is still corrected to 'в чомусь поганому'. REVIEWER NOTE: the frozen 'Дія підозрювати' resembles a mangled form of the standard Ukrainian dictionary formula «Дія за значенням підозрювати»; if that formula is house style for deverbal noun entries, it may be the better target than 'Підозрювання'. Flagged for the coordinator/adjudicator to decide; not switched unilaterally.",підозра,"Дія підозрювати щось або когось, особливо в чомусь недобре.",,,,"Підозрювання чогось або когось, особливо в чомусь поганому.",definitionUa,definitionUa,b4858e6fdc93baaf07a75c8319ed400905e2a4077460487914de4c9c57ce421a,,high,Дія підозрювати
SB-1184,A,r2-reconciliation,docs/G4A_R2_RECON_CHUNK2.csv,tempt,v.,semantic-fidelity,high,R2 A/B reconciliation (union-defect roster),Спровокувати когось на неправоту,,спокусити,"Спровокувати когось на неправоту, особливо обіцяючи винагороду; заманювати.",definitionUa,Спонукати когось зробити щось привабливою обіцянкою або бажаною винагородою.,,Спонукати когось зробити щось привабливою обіцянкою або бажаною винагородою.,definitionUa,definitionUa,2e0b2607055e71b10163c03729ce4c728f46f0ca1e3899d3fc6dde3b79ea2f60,«Спровокувати когось на неправоту» is an unidiomatic false rendering of enticing someone to wrongdoing — confirmed.,high,
SB-1200,A,r2-reconciliation,docs/G4A_R2_RECON_CHUNK3.csv,thereby,adv.,semantic-fidelity,high,R2 A/B reconciliation (union-defect roster),За ним; цим,,тим самим,За ним; цим; таким чином або як наслідок цього.,definitionUa,Таким чином або внаслідок цього.,,Таким чином або внаслідок цього.,definitionUa,definitionUa,5d55627214ef2fef6bd74ddfc7f67749a880a107fc4cd0e0ccb4fb6f3738ca68,«За ним; цим» does not convey thereby and presents false equivalents — semantic defect confirmed.,high,
SB-1203,A,r2-reconciliation,docs/G4A_R2_RECON_CHUNK1.csv,thread,n.,grammar-syntax,high,R2 A/B reconciliation (union-defect roster),в одне або кілька безперервних ниток,,нитка,"Шнур, утворений шляхом прядіння або скручування разом текстильних волокон або ниток в одне або кілька безперервних ниток, зазвичай використовується в рукоділлі.",definitionUa,"Тонка довга пряжа зі скручених волокон, яку використовують для шиття або ткацтва.",,"Тонка довга пряжа зі скручених волокон, яку використовують для шиття або ткацтва.",definitionUa,definitionUa,d9b009251778d9d98ac44ec45b7f0b2ed37513188a36875ca43f697f07b85b1f,the definition redundantly loops «ниток … в … ниток» with broken number — the syntax defect is confirmed.,high,
SB-1211,A,part1-floor,docs/G4A_RESIDUAL_AUDIT_R2_INTAKE.csv,tobacco,n.,semantic-pedagogical-error,high,R1-listed defect; severity normalized to P1 by Codex acceptance review,"'Листя ... культивують' says leaves (not plants) are cultivated; plants are cultivated, leaves harvested.",,тютюн,"Листя Nicotiana tabacum та деяких інших видів культивують і збирають для виготовлення сигарет, сигар, нюхального тютюну, для куріння в трубках або для жування.",definitionUa,"Рослини Nicotiana tabacum та деяких інших видів, які культивують, а їхнє листя збирають для виготовлення сигарет, сигар, нюхального тютюну, для куріння в трубках або для жування.",,"Рослини Nicotiana tabacum та деяких інших видів, які культивують, а їхнє листя збирають для виготовлення сигарет, сигар, нюхального тютюну, для куріння в трубках або для жування.",definitionUa,definitionUa,2868595acdb8890bf33ab55da16e39df22c5feb27ddc9a6c6ffe25e4bcf9127b,,high,
SB-1223,A,r2-reconciliation,docs/G4A_R2_RECON_CHUNK3.csv,trailer,n.,calque-russianism,high,R2 A/B reconciliation (union-defect roster),передньому транспортному засобі,,трейлер,"Безмоторний колісний транспортний засіб (не караван або кемпер), який буксирується позаду іншого та використовується для перевезення обладнання тощо, яке не можна перевозити на передньому транспортному засобі.",definitionUa,"Безмоторний колісний транспортний засіб, який буксирує інший транспортний засіб для перевезення вантажу.",,"Безмоторний колісний транспортний засіб, який буксирує інший транспортний засіб для перевезення вантажу.",definitionUa,definitionUa,9d656e09a759fc6e1d78041f5f7de28b4863c95cdc91c0288b1678a4da5e4d51,«передній транспортний засіб» is a literal false rendering of the towing vehicle — confirmed.,high,
SB-1235,A,r2-reconciliation,docs/G4A_R2_RECON_CHUNK1.csv,tribunal,n.,semantic-fidelity,high,R2 A/B reconciliation (union-defect roster),"Збори, до складу яких",,трибунал,"Збори, до складу яких входять один або більше суддів для ведення судових справ; суд.",definitionUa,"Суд або спеціальний орган з одним чи кількома суддями, який розглядає певні справи.",,"Суд або спеціальний орган з одним чи кількома суддями, який розглядає певні справи.",definitionUa,definitionUa,9a95d5f3a56fee8ccf802840a357cdb4186aa2d372fd16645e61e046a632f67b,«Збори» denotes a gathering rather than a court/adjudicative body — the semantic defect is confirmed.,high,
SB-1245,A,r2-reconciliation,docs/G4A_R2_RECON_CHUNK3.csv,turnover,n.,calque-russianism,high,R2 A/B reconciliation (union-defect roster),"Сума грошей, прийнята як продажі",,оборот,"Сума грошей, прийнята як продажі, здійснені за певний період.",definitionUa,Загальна сума доходу від продажів за певний період.,,Загальна сума доходу від продажів за певний період.,definitionUa,definitionUa,c564d4bf2d55419e9944b332def55bc90040d9d1ccf76ffe3a4ca2b51aceb139,"«Сума грошей, прийнята як продажі» is an unidiomatic literal calque — confirmed.",high,
SB-1246,A,r2-reconciliation,docs/G4A_R2_RECON_CHUNK2.csv,twist,"v., n.",pos-alignment,high,R2 A/B reconciliation (union-defect roster),Повертати кінці чого-небудь,,крутити,"Повертати кінці чого-небудь, зазвичай нитки, мотузки тощо, у протилежних напрямках, часто із застосуванням сили.",both,"ua: крутити; поворот | definitionUa: Обертати або скручувати; також поворот, вигин чи несподівана зміна.",крутити; поворот,"Обертати або скручувати; також поворот, вигин чи несподівана зміна.",ua|definitionUa,ua|definitionUa,92b63e0351b25a9ee50ff64e5c29ea85de98e9fcdc4dfb9e4f07b10dc39bcc03,"twist is v.,n. but ua and the definition cover only the verb — coverage defect confirmed.",high,
SB-1247,A,part1-floor,docs/G4A_R2_SUPPLEMENTAL_PROPOSALS.csv,undergraduate,n.,ua-definition-consistency,medium,Codex seed-20260914 blinded acceptance challenge,ua 'студент' is broader than undergraduate and conflicts with the definition's first-degree constraint.,"Cross-field case: definitionUa ('Студент університету, який ще не отримав наукового ступеня') already carries the correct, precise 'undergraduate' meaning and was left untouched per the rule against rewriting the field already carrying the correct, more precise meaning. The ua gloss 'студент' is broader (covers graduate/PhD students too) and is the field responsible for the inconsistency, so it was narrowed to 'студент бакалаврату', the natural contemporary Ukrainian term for an undergraduate student. REVIEWER NOTE: definitionUa says «який ще не отримав наукового ступеня», but in Ukrainian academic usage «науковий ступінь» denotes a research degree (кандидат/доктор), whereas a bachelor's is an «освітній ступінь». So the frozen definition is arguably imprecise in its own right. Outside the recorded cross-field defect; flagged, not changed.",студент,"Студент університету, який ще не отримав наукового ступеня.",,,студент бакалаврату,,ua,ua,7178813c55be658ce11158717ae7de022daa96c6c19a7422ff1bb1a2ce4ca554,,high,студент
SB-1252,A,r2-reconciliation,docs/G4A_R2_RECON_CHUNK1.csv,unprecedented,adj.,grammar-syntax,high,R2 A/B reconciliation (union-defect roster),Ніколи раніше не бачив,,безпрецедентний,"Ніколи раніше не бачив, не робив і не відчував; без прецеденту.",definitionUa,"Такий, якого раніше не було або який не має відомого прецеденту.",,"Такий, якого раніше не було або який не має відомого прецеденту.",definitionUa,definitionUa,697d743d8639c9bff069e8232643592721e0048fc787dac9e9df909f7ea02429,"subjectless masculine-past verbs «не бачив, не робив» gloss the adjective unprecedented — the POS/syntax defect is confirmed.",high,
SB-1270,A,part1-floor,docs/G4A_R2_SUPPLEMENTAL_PROPOSALS.csv,verify,v.,grammar-calque,high,Codex seed-20260914 blinded acceptance challenge,The definition begins with the purpose-clause calque 'Щоб підтвердити' instead of an infinitive definition.,The recorded defect is the purpose-clause calque introduced by Щоб. Remove only that purpose marker and preserve the remaining semantic content as an infinitive dictionary definition. Do not rewrite the accepted gloss перевірити.,перевірити,Щоб підтвердити або перевірити правдивість або точність чогось.,,,,Підтвердити або перевірити правдивість або точність чогось.,definitionUa,definitionUa,fb8f802ffaf3c7fe7ca649302b857ca360e0627780bc00ff9cc8714238e4c72c,,high,Щоб підтвердити
SB-1275,A,part1-floor,docs/G4A_R2_SUPPLEMENTAL_PROPOSALS.csv,viable,adj.,grammar-syntax,medium,Codex seed-20260914 blinded acceptance challenge,"'Можна зробити, можливо, практично, здійсненно' mixes incompatible forms and is not a grammatical definition.","The frozen definition mixes a modal clause, adverb, and adjective forms in one ungrammatical sequence. Recast it as one coherent adjectival definition preserving the intended feasibility/practical-achievability sense. Leave ua=життєздатний unchanged because the recorded defect targets the definition’s syntax/form, not the gloss.",життєздатний,"Можна зробити, можливо, практично, здійсненно.",,,,"Такий, що можна здійснити на практиці; здійсненний.",definitionUa,definitionUa,1c1b008ad9a1a5e2818d3e14e8e949ed9582a78d232cdc06c932c3bcf2b5387c,,high,"Можна зробити, можливо, практично, здійсненно"
SB-1293,A,r2-reconciliation,docs/G4A_R2_RECON_CHUNK3.csv,weave,v.,semantic-fidelity,high,R2 A/B reconciliation (union-defect roster),один під одним,,плести,Сформувати щось шляхом пропускання відрізків або ниток матеріалу один під одним.,definitionUa,"Утворювати тканину або інший виріб, переплітаючи нитки чи смуги над і під одна одною.",,"Утворювати тканину або інший виріб, переплітаючи нитки чи смуги над і під одна одною.",definitionUa,definitionUa,13ad296744ab01741b8012db796ecaf8a182323681265562e544061cb4489391,weaving alternates material over and under; the definition says only «один під одним» — semantic defect confirmed.,high,
SB-1310,A,r2-reconciliation,docs/G4A_R2_RECON_CHUNK3.csv,worship,"n., v.",pos-alignment,high,R2 A/B reconciliation (union-defect roster),виконувати релігійні вправи,,поклоніння,Шанувати (божество тощо) з найвищою пошаною та шануванням; виконувати релігійні вправи на честь.,both,ua: поклоніння; поклонятися | definitionUa: Виявляти найвищу релігійну шану; також акт такого вшанування.,поклоніння; поклонятися,Виявляти найвищу релігійну шану; також акт такого вшанування.,ua|definitionUa,ua|definitionUa,cfac788b9f40bc72ef09a54c99ae9c1bbfe777fa3855a9436a3f29a9dc87db2e,"worship is n.,v. but ua «поклоніння» is noun-only while the definition is verb-only — coverage defect confirmed.",high,
SB-1327,A,r2-reconciliation,docs/G4A_R2_RECON_CHUNK3.csv,contract,word family,sense-coverage,high,R2 A/B reconciliation (union-defect roster),виконання певної роботи або замовлення,,договір; укладати контракт; скорочуватися,"Угода між двома чи більше сторонами про виконання певної роботи або замовлення, часто тимчасова або на фіксований термін і зазвичай регулюється письмовою угодою.",definitionUa,Юридична угода; також укладати таку угоду або зменшуватися в розмірі.,,Юридична угода; також укладати таку угоду або зменшуватися в розмірі.,definitionUa,definitionUa,526ad254d881a2518e2c99a3dfa6a2fe77029561fc418de705d222ea19380c5f,"the word-family ua lists a noun and two verb senses, but the definition covers only an agreement — coverage confirmed.",high,
SB-1335,A,part1-floor,docs/G4A_R2_SUPPLEMENTAL_PROPOSALS.csv,established,word family,pos-morphology,high,Codex seed-20260914 blinded acceptance challenge,Established is defined with the adverbial participle 'Існуючи' rather than an adjectival/participial construction.,"The recorded defect is the adverbial participle Існуючи, which does not define the adjective/participle established. Replace only that opening with an adjectival Такий, що існує construction and preserve the remainder verbatim, including its existing redundancy, because that redundancy was not the recorded defect.",встановлений; усталений,"Існуючи протягом тривалого часу, тому визнаний і загальновизнаний.",,,,"Такий, що існує протягом тривалого часу, тому визнаний і загальновизнаний.",definitionUa,definitionUa,e12dc5485e3b044995deb9cfdd1f09f9deb15a738f26c02f92484bba64cd5d8d,,high,Існуючи
SB-1338,A,r2-reconciliation,docs/G4A_R2_RECON_CHUNK2.csv,export,word family,pos-alignment,high,R2 A/B reconciliation (union-defect roster),Акт вивезення,,експорт; експортувати,Акт вивезення.,definitionUa,Вивезення товарів за кордон для продажу; також вивозити або передавати дані назовні.,,Вивезення товарів за кордон для продажу; також вивозити або передавати дані назовні.,definitionUa,definitionUa,c1f19dccda8c710d4a1c3bdf851f61a2708e1e5967d5c51e86cbab2b9c22d7d7,"the word-family ua includes noun and verb, but the definition gives only the noun act — coverage confirmed.",high,
SB-1339,A,r2-reconciliation,docs/G4A_R2_RECON_CHUNK2.csv,factors,word family,number-agreement,high,R2 A/B reconciliation (union-defect roster),Один із елементів,,чинники; фактори,"Один із елементів, обставин або впливів, які сприяють досягненню результату.",definitionUa,"Елементи, обставини або впливи, що сприяють певному результату.",,"Елементи, обставини або впливи, що сприяють певному результату.",definitionUa,definitionUa,bb83f4ca6882f2388069a366f3445be33465d2346cedcc62d19fafb83ededa97,the plural headword factors is defined with singular «Один із елементів» — number-agreement confirmed.,high,
SB-1340,A,r2-reconciliation,docs/G4A_R2_RECON_CHUNK1.csv,financial,word family,number-agreement,high,R2 A/B reconciliation (union-defect roster),Пов'язані з фінансами,,фінансовий,Пов'язані з фінансами.,definitionUa,"Пов’язаний із фінансами, грошима або управлінням коштами.",,"Пов’язаний із фінансами, грошима або управлінням коштами.",definitionUa,definitionUa,d66008f879a509172a8407725da5d4bc4733ac6652e211f9977839f0a84c430a,plural «Пов’язані» does not agree with the singular фінансовий — the agreement defect is confirmed.,high,
SB-1341,A,r2-reconciliation,docs/G4A_R2_RECON_CHUNK2.csv,function,word family,sense-coverage,high,R2 A/B reconciliation (union-defect roster),Що щось робить або для чого використовується,,функція; функціонувати,Що щось робить або для чого використовується.,definitionUa,Призначення або роль чогось; також працювати чи діяти належним чином.,,Призначення або роль чогось; також працювати чи діяти належним чином.,definitionUa,definitionUa,6b08f74981994db6678ca713880f0e0de0c7e8418e405b8bd9d4d4ea99113019,"the word-family ua includes noun and verb, but the definition covers only the noun sense — coverage confirmed.",high,
SB-1345,A,r2-reconciliation,docs/G4A_R2_RECON_CHUNK3.csv,individual,word family,semantic-fidelity,high,R2 A/B reconciliation (union-defect roster),яку вважають самотньою,,окремий; індивідуальний; особа,"Людина, яку вважають самотньою, а не приналежною до групи людей.",definitionUa,"Окрема людина, яку розглядають не як частину групи.",,"Окрема людина, яку розглядають не як частину групи.",definitionUa,definitionUa,6c82cea8504d28a514b940ee318d5d1b167523275289bd7b585b0012ad0be393,"«самотньою» means lonely, not considered separately as an individual — semantic defect confirmed over Pass B's P2.",high,
SB-1352,A,r2-reconciliation,docs/G4A_R2_RECON_CHUNK1.csv,method,word family,grammar-syntax,high,R2 A/B reconciliation (union-defect roster),"з наступним додаванням, до або для мети процесу",,метод,"Процес, за допомогою якого виконується завдання; спосіб виконання чогось (з наступним додаванням, до або для мети процесу).",definitionUa,Упорядкований спосіб або процедура виконання завдання.,,Упорядкований спосіб або процедура виконання завдання.,definitionUa,definitionUa,376ad4b83b004fb0a3cf4883511f621262444d322f058f931a2d9c7f32d73d43,"the parenthetical «з наступним додаванням, до або для мети процесу» is unintelligible learner-facing text — confirmed.",high,
SB-1356,A,r2-reconciliation,docs/G4A_R2_RECON_CHUNK3.csv,policy,word family,grammar-syntax,high,R2 A/B reconciliation (union-defect roster),якщо формально виражено,,політика; стратегічний курс,"Принцип поведінки, який суб’єкт (уряд, організація тощо) застосовує або прагне дотримуватися, особливо якщо формально виражено авторитетним органом.",definitionUa,"Принцип або курс дій, якого дотримується уряд чи організація, особливо коли його офіційно затверджено.",,"Принцип або курс дій, якого дотримується уряд чи організація, особливо коли його офіційно затверджено.",definitionUa,definitionUa,e3b5487223a4733be35503ad06f6fa5356b4fd0b7e1d4b97c07f58f55098999e,"«якщо формально виражено» lacks agreement with політика/принцип, leaving the clause malformed — confirmed.",high,
SB-1371,A,r2-reconciliation,docs/G4A_R2_RECON_CHUNK1.csv,theory,word family,ui-truncation,high,R2 A/B reconciliation (union-defect roster),відомого чи спос,,теорія,"Послідовне твердження або набір ідей, які пояснюють спостережувані факти чи явища та правильно передбачають нові факти чи явища, які раніше не спостерігалися, або які встановлюють закони та принципи чогось відомого чи спос...",definitionUa,"Система взаємопов’язаних ідей, що пояснює факти або явища й дає змогу робити перевірні передбачення.",,"Система взаємопов’язаних ідей, що пояснює факти або явища й дає змогу робити перевірні передбачення.",definitionUa,definitionUa,147b830d97fbefad9324fada46230ce4d08707198b898d26c806eed151763235,"the learner-facing definition is physically truncated mid-word at «…відомого чи спос…» — broken text, confirmed over Pass B's P2.",high,
SB-1374,A,r2-reconciliation,docs/G4A_R2_RECON_CHUNK1.csv,administration,word family,semantic-fidelity,high,R2 A/B reconciliation (union-defect roster),напрямок,,адміністрування,Акт адміністрування; управління громадськими справами; надані послуги або взяті на себе обов'язки у веденні справ; ведення будь-якої посади чи роботи; напрямок.,definitionUa,"Процес управління установою чи справами; також орган або посадовці, які здійснюють таке управління.",,"Процес управління установою чи справами; також орган або посадовці, які здійснюють таке управління.",definitionUa,definitionUa,1e34710a5cf49f954fdeba68f3be26c4eb5f4901e9e852a7f06778152e50edae,"the trailing «напрямок» renders 'direction' as bearing/heading, a false sense that breaks administration — confirmed.",high,
SB-1377,A,r2-reconciliation,docs/G4A_R2_RECON_CHUNK1.csv,aspects,word family,number-agreement,high,R2 A/B reconciliation (union-defect roster),Будь-яка конкретна особливість,,аспекти,"Будь-яка конкретна особливість, частина або елемент чогось.",definitionUa,"Окремі особливості, частини або сторони чогось.",,"Окремі особливості, частини або сторони чогось.",definitionUa,definitionUa,e36725fb3ddecd775ec553e67db4469f05dd2c6eccd1e6ebf176041005804174,plural aspects is defined by the singular «Будь-яка … особливість» — a number-agreement defect confirmed.,high,
SB-1394,A,r2-reconciliation,docs/G4A_R2_RECON_CHUNK1.csv,evaluation,word family,semantic-fidelity,high,R2 A/B reconciliation (union-defect roster),короткий опис конкретної ситуації,,оцінка,"Оцінка, як-от щорічна перевірка продуктивності персоналу, яка використовується як основа для підвищення зарплати чи премії, або короткий опис конкретної ситуації.",definitionUa,"Систематичне визначення якості, ефективності або цінності когось чи чогось.",,"Систематичне визначення якості, ефективності або цінності когось чи чогось.",definitionUa,definitionUa,e5ce9f356c32dc12cb5c300fede4f7168dc345da569260e825cd8d1691032052,folding «короткий опис конкретної ситуації» into evaluation conflates unlike senses — the semantic defect is confirmed.,high,
SB-1415,A,r2-reconciliation,docs/G4A_R2_RECON_CHUNK1.csv,regulations,word family,number-agreement,high,R2 A/B reconciliation (union-defect roster),Закон або адміністративне правило,,нормативні акти,"Закон або адміністративне правило, видане організацією, яке використовується для керівництва чи приписування поведінки членів цієї організації.",definitionUa,"Офіційні правила або нормативні акти, що визначають чи обмежують поведінку.",,"Офіційні правила або нормативні акти, що визначають чи обмежують поведінку.",definitionUa,definitionUa,6c5c213307cd9351b87a26844b8efe8f4a7de87744b8cd3ff136f18457135d23,plural regulations is defined by singular «Закон або адміністративне правило» — a number-agreement defect confirmed.,high,
SB-1424,A,r2-reconciliation,docs/G4A_R2_RECON_CHUNK1.csv,strategies,word family,number-agreement,high,R2 A/B reconciliation (union-defect roster),План дій,,стратегії,"План дій, спрямований на досягнення конкретної мети.",definitionUa,"Плани дій, спрямовані на досягнення конкретних цілей.",,"Плани дій, спрямовані на досягнення конкретних цілей.",definitionUa,definitionUa,cf723b0ef390492f868072ace9e304358ba76bf87d07f1b57eaf7235308e57e8,plural strategies is defined by the singular «План дій» — a number-agreement defect confirmed.,high,
SB-1431,A,r2-reconciliation,docs/G4A_R2_RECON_CHUNK2.csv,comments,word family,number-agreement,high,R2 A/B reconciliation (union-defect roster),Усне або письмове зауваження,,коментарі,Усне або письмове зауваження.,definitionUa,Усні або письмові зауваження чи пояснення.,,Усні або письмові зауваження чи пояснення.,definitionUa,definitionUa,c8cc505fc7de87a9f0ca7282fa3d5d9211da1d0d0e52a6396459ce949071ec31,plural comments is defined as one «зауваження» — number-agreement confirmed.,high,
SB-1432,A,r2-reconciliation,docs/G4A_R2_RECON_CHUNK3.csv,components,word family,number-agreement,high,R2 A/B reconciliation (union-defect roster),Менша самодостатня частина,,компоненти,"Менша самодостатня частина більшої сутності. Часто стосується виготовленого об’єкта, який є частиною більшого пристрою.",definitionUa,"Окремі частини, з яких складається більша система або предмет.",,"Окремі частини, з яких складається більша система або предмет.",definitionUa,definitionUa,f3dc0cf3f0094111731d5f170ece23d116aa6b85ae8865c596449c6f5978f7ed,plural components is defined as one «Менша самодостатня частина» — number-agreement confirmed.,high,
SB-1438,A,r2-reconciliation,docs/G4A_R2_RECON_CHUNK3.csv,core,word family,semantic-fidelity,high,R2 A/B reconciliation (union-defect roster),в оточенні інших істотних речей,,ядро,У загальному вживанні суттєва частина речі в оточенні інших істотних речей.,definitionUa,Центральна або найважливіша частина чогось.,,Центральна або найважливіша частина чогось.,definitionUa,definitionUa,80007c974cbf35d8e732b47ae748554406135bb6b01a9a1e6479f5156e94857c,«в оточенні інших істотних речей» is nonsensical and does not explain core — confirmed.,high,
SB-1443,A,r2-reconciliation,docs/G4A_R2_RECON_CHUNK3.csv,document,word family,ui-truncation,high,R2 A/B reconciliation (union-defect roster),має відношення до такого до,,документ,"Оригінал або офіційний документ, який використовується як основа, доказ або підтримка будь-чого іншого, включаючи будь-який письмовий документ, книгу чи інший документ, що передає інформацію, що має відношення до такого до...",definitionUa,"Письмовий або цифровий матеріал, що містить інформацію чи слугує офіційним записом або доказом.",,"Письмовий або цифровий матеріал, що містить інформацію чи слугує офіційним записом або доказом.",definitionUa,definitionUa,36b674fb2837380d6c9b67a10bdffa7ef672de99c80b2e8b29c77bc4e2d28c89,the learner-facing definition is truncated at «…має відношення до такого до…» and also repeats «документ» — broken text confirmed over Pass B's P2.,high,
SB-1452,A,r2-reconciliation,docs/G4A_R2_RECON_CHUNK2.csv,implies,word family,voice-alignment,high,R2 A/B reconciliation (union-defect roster),Пропонується без прямого,,передбачає,Пропонується без прямого вказівки; причетні або натякані.,definitionUa,"Непрямо вказує на щось, не висловлюючи цього прямо.",,"Непрямо вказує на щось, не висловлюючи цього прямо.",definitionUa,definitionUa,2a87c0f2fdf62b06e318043f17fcc7cfd240ef51e34288ba06af2bee4708a625,the active headword implies and ua «передбачає» are paired with passive/plural fragments «Пропонується … причетні» with an agreement error — confirmed over Pass B's P2.,high,
SB-1457,A,r2-reconciliation,docs/G4A_R2_RECON_CHUNK1.csv,link,word family,ua-definition-consistency,high,R2 A/B reconciliation (union-defect roster),посилання,,посилання,"Зв’язок між місцями, людьми, подіями, речами чи ідеями.",both,"ua: зв’язок; посилання | definitionUa: Відношення між людьми, подіями, речами чи ідеями; також гіперпосилання.",зв’язок; посилання,"Відношення між людьми, подіями, речами чи ідеями; також гіперпосилання.",ua|definitionUa,ua|definitionUa,2281fd79b0e6c32729ae45f437ac33ca65bd2e9ebc2ef25f8b49acb71390e2ef,"the gloss «посилання» reads as hyperlink/reference in contemporary Ukrainian, inconsistent with the general-connection definition — the ua↔definition mismatch is confirmed.",high,
SB-1462,A,r2-reconciliation,docs/G4A_R2_RECON_CHUNK1.csv,outcomes,word family,number-agreement,high,R2 A/B reconciliation (union-defect roster),"Те, що виробляється",,результати,"Те, що виробляється або відбувається в результаті події чи процесу.",definitionUa,"Результати, що виникають унаслідок подій або процесів.",,"Результати, що виникають унаслідок подій або процесів.",definitionUa,definitionUa,88a4ae92afeee78793d2b22aacede590c15d9d4b338f6db409174d8bfb0468e1,"plural outcomes is defined by singular «Те, що виробляється» — a number-agreement defect confirmed.",high,
SB-1464,A,part1-floor,docs/G4A_RESIDUAL_AUDIT_R2_INTAKE.csv,philosophy,word family,semantic-pedagogical-error,medium,R1-listed defect; severity normalized to P1 by Codex acceptance review,Falsely frames philosophy as seeking truth 'а не через емпіризм' (opposed to empiricism); empiricism is itself a philosophical stance.,,філософія,"Академічна дисципліна, яка шукає істину через міркування, а не через емпіризм, часто намагаючись надати пояснення щодо загальних понять, таких як існування та раціональність.",definitionUa,"Дисципліна, що за допомогою критичного міркування досліджує фундаментальні питання буття, знання, цінностей, розуму та мови.",,"Дисципліна, що за допомогою критичного міркування досліджує фундаментальні питання буття, знання, цінностей, розуму та мови.",definitionUa,definitionUa,7f80b9cc70314a8a3a45c753fb2b61b0da9efbdab54233a21f4defd8624d87a5,,medium,
SB-1465,A,r2-reconciliation,docs/G4A_R2_RECON_CHUNK2.csv,physical,word family,calque-russianism,high,R2 A/B reconciliation (union-defect roster),Відноситься до світу,,фізичний,"Відноситься до світу, як його розуміють почуттями, а не розумом; матеріальний, конкретний; справжній. Має відношення до матеріального світу.",definitionUa,Пов’язаний із матеріальним світом або тілом; відчутний і конкретний.,,Пов’язаний із матеріальним світом або тілом; відчутний і конкретний.,definitionUa,definitionUa,b73d37e7e88441190b43b8996d7eb7896975cc416ef37ca634671b700b4b0baa,the definition twice uses the Russian-influenced «відноситься/має відношення» — calque confirmed.,high,
SB-1469,A,r2-reconciliation,docs/G4A_R2_RECON_CHUNK3.csv,registered,word family,pos-alignment,high,R2 A/B reconciliation (union-defect roster),Внесення свого імені,,зареєстрований,Внесення свого імені до офіційного списку або внесення до реєстру.,both,ua: зареєстрований | definitionUa: Офіційно внесений до реєстру або списку.,зареєстрований,Офіційно внесений до реєстру або списку.,ua|definitionUa,definitionUa,c08d1b6166ce4e4b03a05bf1650b7c357cd864636716d10bf562d5373fbf71f7,"registered is a participle, but the definition «Внесення свого імені» names the act of entering a name — POS misalignment confirmed.",high,
SB-1479,A,r2-reconciliation,docs/G4A_R2_RECON_CHUNK2.csv,technical,word family,grammar-syntax,high,R2 A/B reconciliation (union-defect roster),Технології або,,технічний,Технології або пов’язані з ними.,definitionUa,"Пов’язаний із технікою, технологією або спеціальними практичними знаннями.",,"Пов’язаний із технікою, технологією або спеціальними практичними знаннями.",definitionUa,definitionUa,461975538840d1718898752ad081be763d55193759f75e30623a77a9c6e3a29a,«Технології або пов’язані з ними» combines a noun with a plural adjective and does not define technical — confirmed.,high,
SB-1480,A,r2-reconciliation,docs/G4A_R2_RECON_CHUNK2.csv,techniques,word family,number-agreement,high,R2 A/B reconciliation (union-defect roster),Спосіб досягнення чогось,,техніки,"Спосіб досягнення чогось або здійснення чогось, особливо такий, що вимагає певних навичок або знань.",definitionUa,"Практичні способи виконання дії, особливо ті, що потребують навичок.",,"Практичні способи виконання дії, особливо ті, що потребують навичок.",definitionUa,definitionUa,660b9bc4a4558f0694e3bf226be6ac6bd4e64bf1211bbbb06e1bc23ed18b8264,plural techniques is defined as one «Спосіб» — number-agreement confirmed.,high,
SB-1482,A,r2-reconciliation,docs/G4A_R2_RECON_CHUNK2.csv,volume,word family,grammar-syntax,high,R2 A/B reconciliation (union-defect roster),кубічних футах в англійській мові,,обсяг,"Тривимірна міра простору, яка складається з довжини, ширини та висоти. Він вимірюється в одиницях кубічних сантиметрів у метричних, кубічних дюймах або кубічних футах в англійській мові.",definitionUa,"Кількість тривимірного простору, яку займає тіло; вимірюється в кубічних одиницях.",,"Кількість тривимірного простору, яку займає тіло; вимірюється в кубічних одиницях.",definitionUa,definitionUa,d542f4c570201e9c717a1b28c89a8d02cc1102d91aca93d376013deed67f58c1,the unit sentence confuses metric/imperial systems with languages and is grammatically malformed — confirmed.,high,
SB-1484,A,r2-reconciliation,docs/G4A_R2_RECON_CHUNK2.csv,adequate,word family,calque-russianism,high,R2 A/B reconciliation (union-defect roster),виконує певну вимогу,,адекватний,Дорівнює або виконує певну вимогу.,definitionUa,"Достатній для певної мети або такий, що відповідає вимогам.",,"Достатній для певної мети або такий, що відповідає вимогам.",definitionUa,definitionUa,d7e3d2f19e9c5ef0be8ec18a5feec901534b7d32211b9928374c35df6bb194ee,«виконує певну вимогу» is a literal calque; idiomatic Ukrainian is «відповідає вимозі» — confirmed.,high,
SB-1495,A,part1-floor,docs/G4A_R2_SUPPLEMENTAL_PROPOSALS.csv,conference,word family,pos-morphology,high,Codex seed-20260914 blinded acceptance challenge,"Singular conference is translated with 'конференції', not nominative singular 'конференція'.",The English headword is singular and the current Ukrainian gloss is the genitive/nominative-plural form конференції. Replace only the gloss with nominative singular конференція; the definition is already singular and remains untouched.,конференції,"Офіційний захід, на якому науковці презентують результати своїх досліджень у промовах, семінарах, плакатах або іншими засобами.",,,конференція,,ua,ua,3fdb12733c07ee3732b9579ce12ecfe48f498ed0714bf6d92d49b12018f52b0f,,high,конференції
SB-1509,A,r2-reconciliation,docs/G4A_R2_RECON_CHUNK1.csv,implications,word family,number-agreement,high,R2 A/B reconciliation (union-defect roster),Можливий або непрямий ефект,,наслідки,Можливий або непрямий ефект або результат рішення чи дії.,definitionUa,"Можливі або непрямі наслідки рішення, дії чи твердження.",,"Можливі або непрямі наслідки рішення, дії чи твердження.",definitionUa,definitionUa,cb84a519b05f669456d10cdf573c9504f0a2fc79e3794dee1e5628374a1196d9,plural implications is defined by a singular effect — a number-agreement defect confirmed.,high,
SB-1510,A,r2-reconciliation,docs/G4A_R2_RECON_CHUNK2.csv,imposed,word family,grammar-syntax,high,R2 A/B reconciliation (union-defect roster),викладено авторитетно як,,нав'язаний,викладено авторитетно як обов'язкові,definitionUa,Нав’язаний або установлений владою як обов’язковий.,,Нав’язаний або установлений владою як обов’язковий.,definitionUa,definitionUa,623e30e2f1a2db27027f195611792feac63ee51806d4e8153622e63612e1f4dc,lowercase plural «обов’язкові» has no agreeing noun and does not define imposed — confirmed.,high,
SB-1511,A,r2-reconciliation,docs/G4A_R2_RECON_CHUNK1.csv,internal,word family,grammar-syntax,high,R2 A/B reconciliation (union-defect roster),З або розташована всередині,,внутрішній,З або розташована всередині.,definitionUa,Розташований усередині або пов’язаний із внутрішньою частиною.,,Розташований усередині або пов’язаний із внутрішньою частиною.,definitionUa,definitionUa,a9df9e8a75c828d4156cf03c35019f50b256b542eece99d8c79e4f038e106d25,«З або розташована всередині» is a feminine-agreeing fragment for the masculine adjective internal — confirmed.,high,
SB-1518,A,r2-reconciliation,docs/G4A_R2_RECON_CHUNK2.csv,option,word family,semantic-fidelity,high,R2 A/B reconciliation (union-defect roster),"варіантів, які можна зробити",,варіант,"Один із набору варіантів, які можна зробити.",definitionUa,"Одна з можливостей, яку можна вибрати.",,"Одна з можливостей, яку можна вибрати.",definitionUa,definitionUa,0d68befd7940b47f154dd156c20ec6d83141f01525d2e102f15cc783ce3eb364,"«варіант із набору варіантів, які можна зробити» is circular and uses the wrong collocation «зробити» — confirmed.",high,
SB-1522,A,r2-reconciliation,docs/G4A_R2_RECON_CHUNK3.csv,parameters,word family,number-agreement,high,R2 A/B reconciliation (union-defect roster),"Значення, яке залишається постійним",,параметри,"Значення, яке залишається постійним під час експерименту, рівняння, розрахунку чи подібного, але змінюється в інших версіях експерименту, рівняння, розрахунку тощо.",definitionUa,"Значення або умови, що визначають систему, обчислення чи експеримент.",,"Значення або умови, що визначають систему, обчислення чи експеримент.",definitionUa,definitionUa,0b1cffe5a70b5ffff2a10d059baa73f343222df7743e0386a71a82aa75ab801b,plural parameters is defined as one «Значення» — number-agreement confirmed.,high,
SB-1523,A,part1-floor,docs/G4A_R2_SUPPLEMENTAL_PROPOSALS.csv,phase,word family,semantic-pedagogical,high,Codex seed-20260914 blinded acceptance challenge,"'Визначна частина' means a notable/prominent part, not a distinct stage or phase.","Визначна means notable/prominent and does not express a distinct stage. Replace only Визначна with Окрема, preserving the rest of the frozen definition.",фаза,"Визначна частина послідовності або циклу, що відбувається з часом.",,,,"Окрема частина послідовності або циклу, що відбувається з часом.",definitionUa,definitionUa,1da064f7fffcb898e30d26b15aadc50f522e8baece58cddbad81780e80f1c1ce,,high,Визначна частина
SB-1524,A,r2-reconciliation,docs/G4A_R2_RECON_CHUNK2.csv,predicted,word family,pos-alignment,high,R2 A/B reconciliation (union-defect roster),передбачив,,передбачив,відомо заздалегідь,both,ua: передбачений | definitionUa: Визначений або очікуваний заздалегідь.,передбачений,Визначений або очікуваний заздалегідь.,ua|definitionUa,ua|definitionUa,61de3f574179bdc76e8e3f1e76a4cd81100fe3d3064d9a95f04fd161de98a937,ua «передбачив» is a masculine-past finite verb (a bad citation) and «відомо заздалегідь» is a lowercase fragment — the combined defect is confirmed over Pass B's P2.,high,
SB-1525,A,r2-reconciliation,docs/G4A_R2_RECON_CHUNK3.csv,prior,word family,pos-alignment,high,R2 A/B reconciliation (union-defect roster),Прихід раніше за порядком,,попередній,"Прихід раніше за порядком або часом; раніше, колишній, попередній.",definitionUa,"Попередній у часі, порядку або важливості.",,"Попередній у часі, порядку або важливості.",definitionUa,definitionUa,29bbce3518bbfddaeebd25fc0c8e69fb2a6b462542891b021afe7a3cf66f80ae,the noun «Прихід» does not define the adjective prior — confirmed.,high,
SB-1530,A,r2-reconciliation,docs/G4A_R2_RECON_CHUNK1.csv,retained,word family,pos-alignment,high,R2 A/B reconciliation (union-defect roster),вашому зберіганні,,зберігається,"продовжується у вашому зберіганні, використанні чи пам’яті",both,"ua: збережений | definitionUa: Утриманий, збережений або залишений для подальшого використання чи пам’яті.",збережений,"Утриманий, збережений або залишений для подальшого використання чи пам’яті.",ua|definitionUa,ua|definitionUa,7eaf5df01e1b4d57e959b6878a28d9fd39076953ec24783c6accc1b9193ceb04,ua impersonal «зберігається» plus second-person «вашому» misalign with the participle retained — confirmed.,high,
SB-1544,A,r2-reconciliation,docs/G4A_R2_RECON_CHUNK3.csv,clause,word family,ua-definition-consistency,high,R2 A/B reconciliation (union-defect roster),містить підмет і дієслово,,пункт,"Група слів, яка містить підмет і дієслово; це може бути частиною речення або може становити все речення, залежно від синтаксису в кожному випадку.",both,"ua: речення; клауза | definitionUa: Група слів із підметом і присудком, що є частиною складного речення або окремим реченням.",речення; клауза,"Група слів із підметом і присудком, що є частиною складного речення або окремим реченням.",ua|definitionUa,ua|definitionUa,a22490e4e0b8621b4a7a066668d307bed2eb4a39afef50809349eb4bb5f945a3,ua «пункт» selects the document/contract sense but the definition describes a grammatical clause — ua↔definition inconsistency confirmed.,high,
SB-1545,A,r2-reconciliation,docs/G4A_R2_RECON_CHUNK3.csv,compounds,word family,number-agreement,high,R2 A/B reconciliation (union-defect roster),"Все, що зроблено",,сполуки,"Все, що зроблено шляхом поєднання кількох речей.",definitionUa,"Речовини або об’єкти, утворені поєднанням двох чи більше складників.",,"Речовини або об’єкти, утворені поєднанням двох чи більше складників.",definitionUa,definitionUa,b541d15eb87378e82671931413e03d09eab4a5d33c7c2898b80870565deae93a,"plural compounds is defined with singular «Все, що» — number-agreement confirmed.",high,
SB-1552,A,r2-reconciliation,docs/G4A_R2_RECON_CHUNK1.csv,entities,word family,number-agreement,high,R2 A/B reconciliation (union-defect roster),"Те, що існує як окрема одиниця",,сутності,"Те, що існує як окрема одиниця, часто використовується для організацій, які не мають фізичної форми.",definitionUa,Окремі самостійні об’єкти або організації.,,Окремі самостійні об’єкти або організації.,definitionUa,definitionUa,f043f6fee588dfcb92c21d13f08d5f53ff469bbdc259f20e99c220f049fe7c98,"plural entities is defined by singular «Те, що» — a number-agreement defect confirmed.",high,
SB-1557,A,r2-reconciliation,docs/G4A_R2_RECON_CHUNK1.csv,external,word family,semantic-fidelity,high,R2 A/B reconciliation (union-defect roster),на зовнішній вигляд,,зовнішній,Поза чим-небудь; на зовнішній вигляд.,definitionUa,Розташований поза чимось або пов’язаний із зовнішньою стороною.,,Розташований поза чимось або пов’язаний із зовнішньою стороною.,definitionUa,definitionUa,6706556724c49862aee3350e6554f615835f15a4387820d74ec7c370eee799b4,"«на зовнішній вигляд» means 'apparently/in appearance', not external — the false-sense addition is confirmed.",high,
SB-1558,A,r2-reconciliation,docs/G4A_R2_RECON_CHUNK1.csv,fundamental,word family,pos-alignment,high,R2 A/B reconciliation (union-defect roster),надзвичайно важливо,,фундаментальний,Основний; надзвичайно важливо.,definitionUa,"Основний, базовий або надзвичайно важливий.",,"Основний, базовий або надзвичайно важливий.",definitionUa,definitionUa,0c22afec3315e9c37efd194b522e8e0ace387afad5d597e58c1ef94dd00570cc,adverbial «надзвичайно важливо» does not agree with the adjective fundamental — confirmed.,high,
SB-1559,A,r2-reconciliation,docs/G4A_R2_RECON_CHUNK1.csv,generated,word family,pos-alignment,high,R2 A/B reconciliation (union-defect roster),Приводити в життя,,створений,Приводити в життя; породжувати.,definitionUa,"Створений, вироблений або породжений певним процесом.",,"Створений, вироблений або породжений певним процесом.",definitionUa,definitionUa,d4d8d9111751ef709d7a1b77ec85a688beb8189118fc337e0df018f37005e950,present infinitives «Приводити в життя; породжувати» gloss the past participle generated — the POS/tense misalignment is confirmed.,high,
SB-1560,A,r2-reconciliation,docs/G4A_R2_RECON_CHUNK3.csv,generation,word family,calque-russianism,high,R2 A/B reconciliation (union-defect roster),культурні стосунки,,покоління,"Група людей, які народилися в певний період років і члени якої можуть мати культурні стосунки один з одним.",definitionUa,"Група людей, народжених приблизно в один період і сформованих спільними історичними та культурними умовами.",,"Група людей, народжених приблизно в один період і сформованих спільними історичними та культурними умовами.",definitionUa,definitionUa,6fbb0da1c766538de9f5647ee1ef84280482d3b12afa1d427568acc009ed09b2,"«певний період років» and «культурні стосунки» are literal, unidiomatic renderings — the calque is confirmed.",high,
SB-1563,A,r2-reconciliation,docs/G4A_R2_RECON_CHUNK3.csv,medical,word family,grammar-syntax,high,R2 A/B reconciliation (union-defect roster),Про медичну практику,,медичний,Про медичну практику або пов’язану з нею.,definitionUa,Пов’язаний із медициною або медичною практикою.,,Пов’язаний із медициною або медичною практикою.,definitionUa,definitionUa,34b9fa4dce29fd35f76dcc253422983572b8c637fd838e500c5bebd96adb84a1,the definition begins with a «Про» noun construction and then uses feminine agreement instead of defining the adjective — confirmed.,high,
SB-1570,A,part1-floor,docs/G4A_R2_SUPPLEMENTAL_PROPOSALS.csv,perspective,word family,semantic-pedagogical,high,Codex seed-20260914 blinded acceptance challenge,Perspective is incorrectly reduced to the choice of one angle rather than a viewpoint or way of understanding.,"The recorded defect is the false restriction of perspective to the choice of one angle/viewpoint. Remove only Вибір єдиного, leaving the remainder of the frozen definition intact. Do not opportunistically rewrite the later verbs because they were not part of the recorded defect.",перспектива,"Вибір єдиного ракурсу або точки зору, з якої можна відчути, класифікувати, виміряти або кодифікувати досвід.",,,,"Ракурс або точка зору, з якої можна відчути, класифікувати, виміряти або кодифікувати досвід.",definitionUa,definitionUa,30c45c6ba44bd6784bcb875b833ed648a4256c69e74e0fff8b4f17b4a15e075a,,high,Вибір єдиного ракурсу або точки зору
SB-1585,A,part1-floor,docs/G4A_R2_SUPPLEMENTAL_PROPOSALS.csv,abstract,word family,semantic-pedagogical,high,Codex seed-20260914 blinded acceptance challenge,"Academic abstract is defined with 'Скорочення' (abbreviation/shortening), not a concise summary; the wording misleads.",Скорочення denotes abbreviation/shortening and is misleading for an academic abstract. Replace only that noun with Короткий виклад; preserve або підсумок більшої публікації.,анотація,Скорочення або підсумок більшої публікації.,,,,Короткий виклад або підсумок більшої публікації.,definitionUa,definitionUa,abb4d5114ab3086fea69f427628ce826d4f38514a6440bdb2770c3e4af156dc2,,high,Скорочення
SB-1590,A,part1-floor,docs/G4A_R2_SUPPLEMENTAL_PROPOSALS.csv,attached,word family,pos-morphology,medium,Codex seed-20260914 blinded acceptance challenge,Attached is rendered with impersonal/present 'додається' and then mixed adjective/past-verb forms 'Підключений; приєднався'.,"This is the approved genuine two-field case. The frozen ua=додається is an impersonal/present-reflexive form, while the definition mixes adjective Підключений with finite past приєднався. Both learner-facing fields participate in the accepted POS/morphology defect. Normalize both to participial/adjectival forms matching attached. This row is the reason the explicit proposed_ua / proposed_definitionUa schema was approved.",додається,Підключений; приєднався.,,,прикріплений; приєднаний,Прикріплений або приєднаний до чогось.,ua|definitionUa,ua|definitionUa,d6d1c22bcb7bcc9b06c7fbd64c7179c548628a87ad9e4afe791b705c3c6cfc31,,high,додається
SB-1594,A,r2-reconciliation,docs/G4A_R2_RECON_CHUNK3.csv,capable,word family,semantic-fidelity,high,R2 A/B reconciliation (union-defect roster),наявність бажання щось зробити,,здатний,"Умілий та ефективний; наявність здібностей, необхідних для конкретного завдання; наявність бажання щось зробити; дозволяти або бути сприйнятливим до чогось.",definitionUa,"Такий, що має потрібні здібності або спроможний виконати певне завдання.",,"Такий, що має потрібні здібності або спроможний виконати певне завдання.",definitionUa,definitionUa,deecd3ba3363d6c46b0a58e37dd101972eb7ec549c7849e2388e47e8545bd84a,the definition uses noun phrases and wrongly treats willingness as part of being capable — semantic defect confirmed.,high,
SB-1603,A,r2-reconciliation,docs/G4A_R2_RECON_CHUNK3.csv,federal,word family,calque-russianism,high,R2 A/B reconciliation (union-defect roster),Відноситься до рівня національного уряду,,федеральний,"Відноситься до рівня національного уряду у федеративній країні, на відміну від рівня штату, провінції, округу, міста чи селища.",definitionUa,Пов’язаний із федеральним або загальнонаціональним рівнем влади у федерації.,,Пов’язаний із федеральним або загальнонаціональним рівнем влади у федерації.,definitionUa,definitionUa,874b9592f4c3ab2125513789eb8150b08b754dabd5759534257a4db67648e6a6,«Відноситься до» is a Russian-influenced calque — confirmed.,high,
SB-1613,A,r2-reconciliation,docs/G4A_R2_RECON_CHUNK3.csv,input,word family,semantic-fidelity,high,R2 A/B reconciliation (union-defect roster),мають намір формувати,,введення,"Дані, що вводяться в процес, мають намір формувати чи впливати на результат цього процесу.",definitionUa,"Дані або ресурси, що надходять у процес і впливають на його результат.",,"Дані або ресурси, що надходять у процес і впливають на його результат.",definitionUa,definitionUa,cc91d1b1b606578ac829dd1fef6b68b925f695a8584cbf69569ef123612a6000,data cannot «мати намір»; the literal construction wrongly assigns intention to input — confirmed.,high,
SB-1617,A,r2-reconciliation,docs/G4A_R2_RECON_CHUNK2.csv,lecture,word family,semantic-fidelity,high,R2 A/B reconciliation (union-defect roster),експозиція,,лекція,"Розмовний урок або експозиція, як правило, для групи.",definitionUa,Усний навчальний виклад або виступ перед групою слухачів.,,Усний навчальний виклад або виступ перед групою слухачів.,definitionUa,definitionUa,ec8e9b743545e78edbffe6e2fef3a164ce022c451919d5319630b83f95054688,«експозиція» is a false friend here; a lecture is an oral presentation or lesson — semantic defect confirmed.,high,
SB-1630,A,part1-floor,docs/G4A_R2_SUPPLEMENTAL_PROPOSALS.csv,adults,word family,pos-morphology,high,Codex seed-20260914 blinded acceptance challenge,Plural adults/дорослі is defined with singular 'Особа'.,"The entry and gloss are plural while the definition is singular. Change only the singular noun/pronoun agreement to plural Особи, які; preserve досягли повноліття.",дорослі,"Особа, яка досягла повноліття.",,,,"Особи, які досягли повноліття.",definitionUa,definitionUa,9b4633614932860e9dd25629b00ae88986a7e27916abd8eb393a9f1b0e25a151,,high,"Особа, яка"
SB-1633,A,r2-reconciliation,docs/G4A_R2_RECON_CHUNK1.csv,chemical,word family,grammar-syntax,high,R2 A/B reconciliation (union-defect roster),пов'язаної з нею,,хімічний,З хімії або пов'язаної з нею.,definitionUa,Пов’язаний із хімією або хімічними речовинами.,,Пов’язаний із хімією або хімічними речовинами.,definitionUa,definitionUa,435ea8ac3276ec5f25c9b343e673719f66ed616b1847bba6945a48ba31b0fe6f,«З хімії або пов’язаної з нею» is a feminine-agreeing fragment for the masculine adjective — confirmed.,high,
SB-1635,A,part1-floor,docs/G4A_RESIDUAL_AUDIT_R2_INTAKE.csv,comprehensive,word family,pos-morphology-mismatch,high,R1-listed defect; severity normalized to P1 by Codex acceptance review,Adjective 'comprehensive' defined with finite verb 'покриває' (3sg 'covers'); should be adjectival.,,комплексний,Широко або повністю покриває; включаючи велику частку чогось.,definitionUa,"Такий, що охоплює всі або майже всі аспекти чогось; всебічний.",,"Такий, що охоплює всі або майже всі аспекти чогось; всебічний.",definitionUa,definitionUa,74ecf8ba9d7f1155810542c368eed634d6e9c12b8f34711eb0d224b0babd8905,,high,
SB-1638,A,r2-reconciliation,docs/G4A_R2_RECON_CHUNK2.csv,converted,word family,pos-alignment,high,R2 A/B reconciliation (union-defect roster),змінилася форма чи функція,,перетворений,змінилася форма чи функція тощо.,definitionUa,"Перетворений на іншу форму, функцію або систему.",,"Перетворений на іншу форму, функцію або систему.",definitionUa,definitionUa,8d74a462984711416c7da67cb96ceb82a49f09f2ad71af821de51811d4a378c8,lowercase feminine-past «змінилася» does not align with the participle converted — confirmed.,high,
SB-1650,A,r2-reconciliation,docs/G4A_R2_RECON_CHUNK3.csv,grade,word family,ua-definition-consistency,high,R2 A/B reconciliation (union-defect roster),Виконання тесту,,клас,"Виконання тесту чи іншого оцінювання, виражене цифрою, літерою чи іншим символом; оцінка.",both,"ua: оцінка | definitionUa: Результат оцінювання, виражений числом, літерою чи іншим символом.",оцінка,"Результат оцінювання, виражений числом, літерою чи іншим символом.",ua|definitionUa,ua|definitionUa,cb211489602a08976a8fbe5fc585e13afb9e5cb6b131cf7bff9405073f3241cf,ua «клас» conflicts with the definition's assessment-mark sense — ua↔definition inconsistency confirmed.,high,
SB-1653,A,r2-reconciliation,docs/G4A_R2_RECON_CHUNK3.csv,identical,word family,number-agreement,high,R2 A/B reconciliation (union-defect roster),Маючи повну схожість,,однакові,"Маючи повну схожість, маючи абсолютно однаковий набір характеристик; нерозрізнений.",both,ua: однаковий; ідентичний | definitionUa: Цілком такий самий за всіма істотними ознаками.,однаковий; ідентичний,Цілком такий самий за всіма істотними ознаками.,ua|definitionUa,ua|definitionUa,1c066a32496dccf9de47e9e654ed0079fc5253a6f5fa998492c38627b292df40,plural ua «однакові» and the participial definition do not align with the singular adjective identical — confirmed.,high,
SB-1661,A,r2-reconciliation,docs/G4A_R2_RECON_CHUNK3.csv,phenomenon,word family,grammar-syntax,high,R2 A/B reconciliation (union-defect roster),факт чи подія цього,,явище,"Річ або істота, подія або процес, що сприймаються органами чуття; або факт чи подія цього.",definitionUa,"Подія, факт або процес, які можна спостерігати чи досліджувати.",,"Подія, факт або процес, які можна спостерігати чи досліджувати.",definitionUa,definitionUa,8a587d1cb9366e496a9f5c39ae9bbee0840c11f0595e0e8a5361068572c8b8fd,the ending «факт чи подія цього» is grammatically meaningless — confirmed.,high,
SB-1665,A,r2-reconciliation,docs/G4A_R2_RECON_CHUNK1.csv,quotation,word family,calque-russianism,high,R2 A/B reconciliation (union-defect roster),Фрагмент людського виразу,,цитата,"Фрагмент людського виразу, який повторює хтось інший, наприклад, з літератури чи відомої промови.",definitionUa,Точне відтворення слів іншої людини або уривка з тексту.,,Точне відтворення слів іншої людини або уривка з тексту.,definitionUa,definitionUa,0b7a76a4788eb0b265124c4a513a24c5305d8c03961cbf25387943dfc501212c,"«Фрагмент людського виразу» is a literal, unidiomatic rendering of someone's words — the calque is confirmed.",high,
SB-1668,A,part1-floor,docs/G4A_R2_SUPPLEMENTAL_PROPOSALS.csv,submitted,word family,pos-morphology,high,Codex seed-20260914 blinded acceptance challenge,Submitted is rendered as impersonal 'подано' but defined by active infinitives 'Внести або винести'.,"The accepted gloss подано is an impersonal result form while the frozen definition uses active infinitives. Convert only the two leading infinitives to the corresponding impersonal result forms Внесено або винесено, preserving the remainder.",подано,"Внести або винести на затвердження, розгляд, відмітку тощо.",,,,"Внесено або винесено на затвердження, розгляд, відмітку тощо.",definitionUa,definitionUa,5552fee9974ab22e92266689ab8c11e9db4b935b42c0dd2aa1fbe7f421799d7d,,high,Внести або винести
SB-1669,A,r2-reconciliation,docs/G4A_R2_RECON_CHUNK1.csv,survive,word family,grammar-syntax,high,R2 A/B reconciliation (union-defect roster),"Про людину, продовжувати жити",,вижити,"Про людину, продовжувати жити; залишитися живим.",definitionUa,Залишатися живим після небезпеки; також продовжувати існувати.,,Залишатися живим після небезпеки; також продовжувати існувати.,definitionUa,definitionUa,c84bc6a4805740c57a9b6918ce45651a87b9fcb0d83da5cb7051b1d4417533c9,"«Про людину, продовжувати жити» is a broken construction that also over-narrows survive to persons — confirmed.",high,
SB-1677,A,r2-reconciliation,docs/G4A_R2_RECON_CHUNK2.csv,accompanied,word family,pos-alignment,high,R2 A/B reconciliation (union-defect roster),Наявність супроводу,,у супроводі,Наявність супроводу; бути частиною групи щонайменше з двох.,both,"ua: супроводжуваний; у супроводі | definitionUa: Такий, що прибув або відбувся разом із кимось чи чимось.",супроводжуваний; у супроводі,"Такий, що прибув або відбувся разом із кимось чи чимось.",ua|definitionUa,ua|definitionUa,2bc20ad4c1921ac37cfc71cbceaf8d5e1848fe6dc405335e2e0e13327becb656,prepositional ua «у супроводі» and the noun/infinitive definition do not align with accompanied — confirmed.,high,
SB-1690,A,r2-reconciliation,docs/G4A_R2_RECON_CHUNK2.csv,displacement,word family,semantic-fidelity,high,R2 A/B reconciliation (union-defect roster),постановка з місця,,переміщення,Акт витіснення або стан витіснення; постановка з місця.,definitionUa,Переміщення з попереднього місця або витіснення; також відстань такого переміщення.,,Переміщення з попереднього місця або витіснення; також відстань такого переміщення.,definitionUa,definitionUa,43a47e0047ffca32dfbe99dab58f43d263afe1f4d4e6bdccab081e45c8132a07,"«постановка з місця» is a false, unidiomatic rendering of displacement — confirmed.",high,
SB-1692,A,r2-reconciliation,docs/G4A_R2_RECON_CHUNK1.csv,eventually,word family,grammar-syntax,high,R2 A/B reconciliation (union-defect roster),серія проблем,,зрештою,"Зрештою; пізніше, особливо після тривалого часу, серія проблем, боротьби, затримок або невдач.",definitionUa,"Зрештою, особливо після тривалого часу, серії проблем, затримок або невдач.",,"Зрештою, особливо після тривалого часу, серії проблем, затримок або невдач.",definitionUa,definitionUa,1d8d9c596e23af788457db96a130cd9a5f84d056b382d38e92571855765986b7,nominative «серія» after «після» should be genitive «серії» — the case error is confirmed.,high,
SB-1695,A,part1-floor,docs/G4A_RESIDUAL_AUDIT_R2_INTAKE.csv,guidelines,word family,pos-morphology-mismatch,medium,R1-listed defect; severity normalized to P1 by Codex acceptance review,Plural headword 'guidelines' glossed with singular 'правило/принцип'; number mismatch.,,настанови,"Неконкретне правило або принцип, який забезпечує напрямок дій або поведінки.",definitionUa,"Загальні правила, принципи або рекомендації, що спрямовують дії чи поведінку.",,"Загальні правила, принципи або рекомендації, що спрямовують дії чи поведінку.",definitionUa,definitionUa,619aa5d809a6138835e9550c133eab76909b0b9de7a7f2b371dd09b827bb73df,,medium,
SB-1697,A,r2-reconciliation,docs/G4A_R2_RECON_CHUNK1.csv,implicit,word family,semantic-fidelity,high,R2 A/B reconciliation (union-defect roster),Пропонується опосередковано,,неявний,"Пропонується опосередковано, без прямого вираження.",definitionUa,Мається на увазі без прямого висловлення.,,Мається на увазі без прямого висловлення.,definitionUa,definitionUa,1ea7aa353c8b69d49eace82dbdb4600de4235d92245c1798f206d4a00672a167,"«Пропонується опосередковано» renders 'implied' as 'is proposed/offered', a false sense of implicit — confirmed over Pass B's clean.",high,
SB-1707,A,part1-floor,docs/G4A_RESIDUAL_AUDIT_R2_INTAKE.csv,prospect,word family,pos-morphology-mismatch,medium,R1-listed defect; severity normalized to P1 by Codex acceptance review,Singular 'prospect' defined with plural 'Потенційні речі'; number/morphology mismatch.,,перспектива,"Потенційні речі, які можуть статися, часто сприятливі.",definitionUa,"Можливість або очікування майбутньої події, часто сприятливої.",,"Можливість або очікування майбутньої події, часто сприятливої.",definitionUa,definitionUa,2f0faa121d7200fba60dd7bb82ce2dfc9c73f1c36d3ce2b3a0444e52c7e1ea0a,,medium,
SB-1709,B,r2-reconciliation,docs/G4A_R2_RECON_CHUNK1.csv,reinforced,word family,tense-alignment,high,R2 A/B reconciliation (union-defect roster),Був або містить підкріплення,,посилений,Був або містить підкріплення.,definitionUa,"Посилений додатковою опорою, матеріалом або аргументом.",,"Посилений додатковою опорою, матеріалом або аргументом.",definitionUa,definitionUa,c4708bc31c250826e13966d3a39346bc7bfb1afd757af378e27c8c6204dc67d9,«Був або містить» mixes past and present tense against the participle reinforced — the tense misalignment is confirmed.,high,
SB-1721,B,r2-reconciliation,docs/G4A_R2_RECON_CHUNK1.csv,visual,word family,number-agreement,high,R2 A/B reconciliation (union-defect roster),зором або впливають на нього,,візуальний,Пов’язані із зором або впливають на нього.,definitionUa,"Пов’язаний із зором або тим, що сприймається очима.",,"Пов’язаний із зором або тим, що сприймається очима.",definitionUa,definitionUa,dae904505e2a073c718222f7e276c14136400473f89e4499d88a13852ca431e0,plural «Пов’язані … впливають» does not agree with the singular adjective visual — confirmed.,high,
SB-1723,B,r2-reconciliation,docs/G4A_R2_RECON_CHUNK3.csv,analogous,word family,pedagogical-accuracy,high,R2 A/B reconciliation (union-defect roster),часто після «до»,,аналогічний,"Наявність аналога, статус аналога; відповідний чомусь іншому; має певну схожість або схожу пропорцію (часто після «до».)",definitionUa,Подібний до чогось за певними ознаками або відношеннями; англійською вживається з «to».,,Подібний до чогось за певними ознаками або відношеннями; англійською вживається з «to».,definitionUa,definitionUa,35a562d723c0c842482e7b36d3be46a45ba38f43c9604cfa5d0815ebd62387cc,"the usage note says analogous is followed by Ukrainian «до», obscuring the English pattern analogous to — pedagogical-accuracy defect confirmed.",high,
SB-1724,B,r2-reconciliation,docs/G4A_R2_RECON_CHUNK1.csv,anticipated,word family,pos-alignment,high,R2 A/B reconciliation (union-defect roster),очікується прибуття; заплановано,,очікуваний,очікується прибуття; заплановано,definitionUa,Очікуваний або передбачений заздалегідь.,,Очікуваний або передбачений заздалегідь.,definitionUa,definitionUa,ab691758d3afd5b3728f3acccb5f937b9757a6ff4c9ba7d9b610401c299d4674,lowercase impersonal «очікується… заплановано» does not align with the participle anticipated — confirmed.,high,
SB-1731,B,part1-floor,docs/G4A_RESIDUAL_AUDIT_R2_INTAKE.csv,confined,word family,pos-morphology-mismatch,high,R1-listed defect; severity normalized to P1 by Codex acceptance review,Adjective/participle 'confined' glossed with infinitive phrase 'Не вільно рухатися'; POS mismatch.,,обмежений,Не вільно рухатися.,definitionUa,Обмежений у русі; не здатний вільно рухатися.,,Обмежений у русі; не здатний вільно рухатися.,definitionUa,definitionUa,6713c9c2783419e1a90c8c7f0aca9a24287f254ab7a316e29b49c34332c0f9c4,,high,
SB-1733,B,r2-reconciliation,docs/G4A_R2_RECON_CHUNK2.csv,conversely,word family,semantic-fidelity,high,R2 A/B reconciliation (union-defect roster),З іншої точки зору; з іншого боку,,навпаки,З іншої точки зору; з іншого боку.,definitionUa,Навпаки; якщо розглянути протилежне співвідношення.,,Навпаки; якщо розглянути протилежне співвідношення.,definitionUa,definitionUa,821ca92bf282d227844dd5d88c3f03255020245aac54f19989e4cae4a04e6bb1,"conversely means in an opposite or reversed relation, not merely from another viewpoint — semantic defect confirmed.",high,
SB-1735,B,part1-floor,docs/G4A_RESIDUAL_AUDIT_R2_INTAKE.csv,devoted,word family,pos-morphology-mismatch,high,R1-listed defect; severity normalized to P1 by Codex acceptance review,Adjective 'devoted' glossed with noun phrase 'Сильна емоційна прив'язаність' + infinitive 'любити'; POS mismatch.,,відданий,Сильна емоційна прив'язаність; дуже любити когось або щось.,definitionUa,Який має сильну емоційну прив'язаність; відданий; дуже любить когось або щось.,,Який має сильну емоційну прив'язаність; відданий; дуже любить когось або щось.,definitionUa,definitionUa,f3055af0f51a85c7473c9edee83b035ad392f0624e4371c1bcdd345a6d9dec3a,,high,
SB-1738,B,r2-reconciliation,docs/G4A_R2_RECON_CHUNK2.csv,erosion,word family,semantic-fidelity,high,R2 A/B reconciliation (union-defect roster),як льодовик на скелі або море на скелі,,ерозія,"Результат зносу або ерозії, як льодовик на скелі або море на скелі.",definitionUa,"Поступове руйнування й перенесення ґрунту або породи водою, вітром, льодом чи іншими чинниками.",,"Поступове руйнування й перенесення ґрунту або породи водою, вітром, льодом чи іншими чинниками.",definitionUa,definitionUa,04e04623fbadf86b6f942564d648cd46b86f18d2431b79cef2216eadd24f604a,"erosion is a process, not merely its result, and «як льодовик на скелі» is grammatically defective — confirmed.",high,
SB-1747,B,part1-floor,docs/G4A_R2_SUPPLEMENTAL_PROPOSALS.csv,norms,word family,pos-morphology,high,Codex seed-20260914 blinded acceptance challenge,"Plural norms/норми is defined with singular 'Те, що є нормальним', losing the plural social-standard sense.","The plural norms/норми entry requires the plural social-standard sense. The frozen singular formula Те, що є нормальним або типовим defines normality/typicality rather than norms. Replace the definition with a concise plural social-standard definition.",норми,"Те, що є нормальним або типовим.",,,,Загальноприйняті правила або стандарти поведінки.,definitionUa,definitionUa,613b7b73a5dafb111a1498ae4288cbe6ff8ea6b9ea0c7654e6d3b832d1503fa1,,high,"Те, що є нормальним або типовим"
SB-1750,B,r2-reconciliation,docs/G4A_R2_RECON_CHUNK3.csv,qualitative,word family,grammar-syntax,high,R2 A/B reconciliation (union-defect roster),Описів або відмінностей,,якісний,"Описів або відмінностей, заснованих на певній якості, а не на певній кількості.",definitionUa,"Заснований на якості, властивостях або описі, а не на числовій кількості.",,"Заснований на якості, властивостях або описі, а не на числовій кількості.",definitionUa,definitionUa,c94e82d523484dbdcca40b6c93ff1599c2a26b9cc830d41e5af8c96da432c51a,genitive plural «Описів або відмінностей» has no governing word and does not define the adjective qualitative — confirmed.,high,
SB-1752,B,r2-reconciliation,docs/G4A_R2_RECON_CHUNK2.csv,relaxed,word family,grammar-syntax,high,R2 A/B reconciliation (union-defect roster),невимушено; неквапливий,,розслаблений,Вільний від напруги або тривоги; невимушено; неквапливий.,definitionUa,Вільний від напруги або тривоги; спокійний і невимушений.,,Вільний від напруги або тривоги; спокійний і невимушений.,definitionUa,definitionUa,d60f5033c1b9970343f6ce0e84bd732ad6eda79563292ebfa682af74a2a2de7a,the definition mixes adjective and adverb forms («невимушено; неквапливий») — grammar defect confirmed.,high,
SB-1753,B,r2-reconciliation,docs/G4A_R2_RECON_CHUNK2.csv,restraints,word family,semantic-fidelity,high,R2 A/B reconciliation (union-defect roster),контроль або обережність; резерв,,обмеження,контроль або обережність; резерв,definitionUa,"Засоби або правила, що обмежують свободу дії чи руху; стримувальні заходи.",,"Засоби або правила, що обмежують свободу дії чи руху; стримувальні заходи.",definitionUa,definitionUa,dce2f310b9125fc3dc33626bace74d4b2bf7dcd8e54b5bedef2f22a186feadc0,"the definition is lowercase and vague, and «резерв» (reserve) is a false-friend sense for restraint — confirmed over Pass B's P2.",high,
SB-1759,B,r2-reconciliation,docs/G4A_R2_RECON_CHUNK3.csv,supplementary,word family,pos-alignment,high,R2 A/B reconciliation (union-defect roster),"додано, щоб забезпечити",,додатковий,"додатковий; додано, щоб забезпечити те, що потрібно.",definitionUa,"Додатковий; призначений доповнити те, чого бракує.",,"Додатковий; призначений доповнити те, чого бракує.",definitionUa,definitionUa,10d7bb6fdc2998028d4f0524207291e1093ad39bc9039d0d5b77cc42da0a5d50,lowercase «додано» is impersonal/perfective and does not align with the adjective supplementary — confirmed.,high,
SB-1760,B,r2-reconciliation,docs/G4A_R2_RECON_CHUNK2.csv,suspended,word family,tense-alignment,high,R2 A/B reconciliation (union-defect roster),Змусив на деякий час зупинитися,,призупинено,Змусив на деякий час зупинитися; переривається або затримується.,both,"ua: призупинений | definitionUa: Тимчасово зупинений, відкладений або усунений від виконання обов’язків.",призупинений,"Тимчасово зупинений, відкладений або усунений від виконання обов’язків.",ua|definitionUa,ua|definitionUa,4896c95e5763da49b23f595de9deea9fda45862f7963e34def760c4303252138,impersonal ua «призупинено» clashes with the masculine-past/present-reflexive definition «Змусив… переривається» — misalignment confirmed.,high,
SB-1769,B,r2-reconciliation,docs/G4A_R2_RECON_CHUNK2.csv,convinced,word family,calque-russianism,high,R2 A/B reconciliation (union-defect roster),У стані віри,,переконаний,"У стані віри, особливо на основі доказів, але не обов'язково.",definitionUa,Твердий у певному переконанні або впевнений у його правдивості.,,Твердий у певному переконанні або впевнений у його правдивості.,definitionUa,definitionUa,e426557c1dc7ae65649248d6d07efefc0ac086fef00d8164c3cefc2b7c070244,«У стані віри» is a literal calque and does not express being firmly persuaded — confirmed.,high,
