id,word,pos,ua,definitionUa,bucket,provenance
SB-0001,abolish,v.,скасувати,"Припинення закону, системи, установи, звичаю чи практики.",d_clean,clean-pool (never flagged)
SB-0003,absence,n.,відсутність,Стан віддаленості або відстороненості від місця чи спілкування,d_clean,clean-pool (never flagged)
SB-0006,abundance,n.,достаток,Велика кількість; багато.,d_clean,clean-pool (never flagged)
SB-0008,academy,n.,академія,Вищий навчальний заклад; коледж або університет; зазвичай приватна школа.,d_clean,clean-pool (never flagged)
SB-0009,accelerate,v.,прискорити,Змусити рухатися швидше; прискорити рух; щоб збільшити швидкість.,c_known_open,known-open-24 (seed-20260913; grammar-calque-fragment)
SB-0010,acceptance,n.,прийняття,"Акт приймання; отримання чогось запропонованого з мовчазною згодою, схваленням або задоволенням; особливо, сприятливий прийом; затвердження.",d_clean,clean-pool (never flagged)
SB-0012,accomplishment,n.,досягнення,Щось досягнуте; досягнення.,d_clean,clean-pool (never flagged)
SB-0014,accordingly,adv.,відповідно,У природній послідовності; отже; так.,d_clean,clean-pool (never flagged)
SB-0015,accountability,n.,підзвітність,Стан підзвітності; зобов'язання викликати звіт або дати пояснення; зобов'язання нести відповідальність або відповідати за щось.,d_clean,clean-pool (never flagged)
SB-0016,accountable,adj.,підзвітний,"Зобов'язаний, коли його покличуть, відповідати (за свої вчинки); відповідальний.",d_clean,clean-pool (never flagged)
SB-0018,accumulation,n.,накопичення,"Акт накопичення або збору, як у купу.",d_clean,clean-pool (never flagged)
SB-0019,accusation,n.,звинувачення,Акт обвинувачення.,d_clean,clean-pool (never flagged)
SB-0020,accused,n.,обвинувачений,"Особа, яка обвинувачується у вчиненні правопорушення; фігурант кримінальної справи.",d_clean,clean-pool (never flagged)
SB-0022,acquisition,n.,придбання,Акт або процес придбання.,d_clean,clean-pool (never flagged)
SB-0023,acre,n.,акр,"Англійська одиниця площі землі (символ: a. або ac.), яка спочатку позначала денну оранку за ярмо волів, тепер стандартизована як 4840 квадратних ярдів або 4046,86 квадратних метрів.",d_clean,clean-pool (never flagged)
SB-0024,activation,n.,активація,Робити активними та ефективними; приведення в стан активності.,d_clean,clean-pool (never flagged)
SB-0025,activist,n.,активіст,"Той, хто є політично активним у ролі громадянина; особливо той, хто бореться за зміни.",d_clean,clean-pool (never flagged)
SB-0026,acute,adj.,гострий,інтенсивний; чутливий; різкий.,d_clean,clean-pool (never flagged)
SB-0027,adaptation,n.,адаптація,"Процес адаптації чогось або пристосування до ситуації; коригування, модифікація.",d_clean,clean-pool (never flagged)
SB-0030,adjustment,n.,коригування,Дія регулювання чогось,d_clean,clean-pool (never flagged)
SB-0033,administrator,n.,адміністратор,"Той, хто веде справи; той, хто скеровує, керує, виконує або розпоряджається, чи то в цивільних, судових, політичних чи церковних справах; менеджер.",d_clean,clean-pool (never flagged)
SB-0035,adolescent,n.,підліток,"Людина, яка перебуває в підлітковому віці; хтось, хто досяг статевої зрілості, але ще не дорослий.",d_clean,clean-pool (never flagged)
SB-0036,adoption,n.,усиновлення,Стан усиновлення; прийняття дитини інших батьків як власної дитини.,d_clean,clean-pool (never flagged)
SB-0039,aesthetic,adj.,естетичний,"Стурбований красою, художнім ефектом або зовнішнім виглядом.",d_clean,clean-pool (never flagged)
SB-0040,affection,n.,прихильність,Почуття любові або сильної прихильності.,d_clean,clean-pool (never flagged)
SB-0041,aftermath,n.,наслідки (переважно негативні),"Те, що відбувається після, те, що слідує, зазвичай має яскраво негативний відтінок у більшості контекстів, натякаючи на попередню катастрофу.",d_clean,clean-pool (never flagged)
SB-0042,aggression,n.,агресія,Ворожа чи деструктивна поведінка чи дії.,d_clean,clean-pool (never flagged)
SB-0043,agricultural,adj.,сільськогосподарський,Сільське господарство або пов'язане з ним.,d_clean,clean-pool (never flagged)
SB-0045,albeit,conj.,хоча,"Сполучник зі значенням «хоча» або «незважаючи на те, що».",d_clean,clean-pool (never flagged)
SB-0047,alien,adj.,чужий,"Не належать до тієї самої країни, землі чи уряду, чи до їхніх громадян чи підданих; іноземні.",d_clean,clean-pool (never flagged)
SB-0048,align,v.,вирівняти,Підлаштовуватися під лінію; діапазон або форму в лінію; привести у відповідність.,d_clean,clean-pool (never flagged)
SB-0053,allegedly,adv.,нібито,За чиїмось твердженням.,d_clean,clean-pool (never flagged)
SB-0054,alliance,n.,альянс,"Союз або зв’язок інтересів між сім’ями, державами, партіями тощо, особливо між сім’ями за шлюбом і державами за договором, угодою чи союзом.",d_clean,clean-pool (never flagged)
SB-0055,allocate,v.,виділити,Відкладати для певної мети.,d_clean,clean-pool (never flagged)
SB-0056,allocation,n.,виділення,"Процес або процедура розподілу речей, особливо грошей або інших ресурсів.",d_clean,clean-pool (never flagged)
SB-0058,ally,n.,союзник,"Людина, яка співпрацює або допомагає іншому; асоційований; друг.",c_known_open,known-open-24 (seed-20260913; pos-morphology-mismatch)
SB-0059,aluminium,n.,алюміній,"Легкий сріблястий метал, що добувається з бокситів, і хімічний елемент (символ Al) з атомним номером 13.",d_clean,clean-pool (never flagged)
SB-0060,amateur,"adj., n.",любитель,"Людина, прив’язана до певної діяльності, навчання, науки чи мистецтва (наприклад, музики чи живопису), особливо та, яка розвиває будь-які дослідження, інтереси, смаки чи прихильності, не займаючись цим професійно.",d_clean,clean-pool (never flagged)
SB-0061,ambassador,n.,посол,"Дипломат найвищого рангу, посланий до іноземного двору, щоб представляти там свого суверена або країну. (Іноді його називають резиденцією посла)",d_clean,clean-pool (never flagged)
SB-0063,amendment,n.,поправка,Доповнення та/або зміни до Конституції.,d_clean,clean-pool (never flagged)
SB-0065,analogy,n.,аналогія,"Відношення подібності або еквівалентності між двома ситуаціями, людьми чи об’єктами, особливо коли використовується як основа для пояснення чи екстраполяції.",d_clean,clean-pool (never flagged)
SB-0066,anchor,n.,якір,"Інструмент, який використовується для причалювання судна до дна моря чи річки, щоб протистояти руху.",d_clean,clean-pool (never flagged)
SB-0067,angel,n.,ангел,"Безтілесний і святий або напівбожественний посланець божества чи іншої божественної сутності, традиційно зображується як молода крилата фігура в розвіваються шатах.",d_clean,clean-pool (never flagged)
SB-0069,apparatus,n.,апарат,"Сукупність засобів, за допомогою яких створюється конкретне виробництво або виконується завдання.",d_clean,clean-pool (never flagged)
SB-0070,appealing,adj.,привабливий,Наявність апеляції; привабливий.,d_clean,clean-pool (never flagged)
SB-0071,appetite,n.,апетит,Бажання з'їсти їжу або випити напої.,d_clean,clean-pool (never flagged)
SB-0072,applaud,v.,аплодувати,Виражати схвалення (чогось) плеском у долоні.,d_clean,clean-pool (never flagged)
SB-0073,applicable,adj.,застосовний,"Підходить для застосування, актуальна.",d_clean,clean-pool (never flagged)
SB-0075,appreciation,n.,вдячність,"Справедлива оцінка якості, цінності, ваги тощо; визнання досконалості; вдячність і пошана.",d_clean,clean-pool (never flagged)
SB-0076,arbitrary,adj.,довільний,"На основі особистого розсуду чи судження; не ґрунтуючись на будь-якій об’єктивній відмінності, можливо, навіть зробленій навмання.",d_clean,clean-pool (never flagged)
SB-0077,architectural,adj.,архітектурний,Що стосується архітектури.,d_clean,clean-pool (never flagged)
SB-0078,archive,n.,архів,"Місце для зберігання раннього, а часто й історичного матеріалу. Архів зазвичай містить документи (листи, записи, газети тощо) або інші типи носіїв, які зберігаються для історичного інтересу.",d_clean,clean-pool (never flagged)
SB-0081,arm,v.,озброювати,Для забезпечення бронею або (особливо пізніше) зброєю.,d_clean,clean-pool (never flagged)
SB-0083,articulate,v.,артикулювати,Говорити чітко; виголошувати.,d_clean,clean-pool (never flagged)
SB-0084,ash,n.,попіл,Суцільні залишки пожежі.,d_clean,clean-pool (never flagged)
SB-0086,aspire,v.,прагнути,Мати сильне бажання або амбіції досягти чогось.,d_clean,clean-pool (never flagged)
SB-0087,assassination,n.,вбивство,"Вбивство людини, особливо з політичних мотивів або заради особистої вигоди.",d_clean,clean-pool (never flagged)
SB-0088,assault,"n., v.",напад,"Нападати, фізично чи фігурально; атакувати.",d_clean,clean-pool (never flagged)
SB-0089,assemble,v.,зібрати,Збирати разом.,d_clean,clean-pool (never flagged)
SB-0091,assert,v.,стверджувати,Заявляти з упевненістю або просто і рішуче; стверджувати позитивно.,d_clean,clean-pool (never flagged)
SB-0092,assertion,n.,твердження,Акт ствердження; позитивна декларація або авермент.,d_clean,clean-pool (never flagged)
SB-0093,assurance,n.,запевнення,"Акт запевнення; заява, яка має викликати повну довіру; щось, створене для того, щоб надати комусь впевненості.",d_clean,clean-pool (never flagged)
SB-0094,asylum,n.,притулок,Місце безпеки або притулок.,d_clean,clean-pool (never flagged)
SB-0095,atrocity,n.,злодіяння,Надзвичайно жорстокий вчинок; жахливий акт несправедливості.,d_clean,clean-pool (never flagged)
SB-0096,attain,v.,досягти,Отримати (об'єкт або бажаний результат).,d_clean,clean-pool (never flagged)
SB-0097,attendance,n.,присутність,Акт відвідування; стан присутності; наявність.,d_clean,clean-pool (never flagged)
SB-0098,attorney,n.,адвокат,"юрист; той, хто консультує або представляє інших у юридичних питаннях як професія.",d_clean,clean-pool (never flagged)
SB-0099,attribute,"v., n.",атрибут,Пов'язувати право власності чи авторство на (щось) з кимось.,d_clean,clean-pool (never flagged)
SB-0101,authentic,adj.,справжній,"Того ж походження, що заявлено; справжній.",d_clean,clean-pool (never flagged)
SB-0104,autonomy,n.,автономія,Право або умова самоврядування; свобода діяти або функціонувати незалежно.,d_clean,clean-pool (never flagged)
SB-0107,backdrop,n.,фон,Обстановка або фон розіграної вистави.,d_clean,clean-pool (never flagged)
SB-0110,bail,n.,застава,"Забезпечення, як правило, грошова сума, яку обмінюють на звільнення заарештованої особи як гарантію явки цієї особи на суд.",d_clean,clean-pool (never flagged)
SB-0112,banner,n.,банер,"Будь-який великий знак, особливо з м’якого матеріалу або тканини.",d_clean,clean-pool (never flagged)
SB-0113,bare,adj.,голий,"Голий, непокритий.",d_clean,clean-pool (never flagged)
SB-0114,barrel,n.,бочка,"Кругла (циліндрична) посудина, така як бочка, більша за довжину, ніж завширшки, і опукла в середині, зроблена з держаків, зв’язаних обручами, і має плоскі кінці (голови).",d_clean,clean-pool (never flagged)
SB-0115,bass1,n.,бас (низький звук; басовий інструмент),Низький за висотою звук або музичний інструмент чи голос із низьким регістром.,d_clean,clean-pool (never flagged)
SB-0117,battlefield,n.,поле бою,"Область, де ведеться наземна битва, яка не обов’язково може бути полем.",d_clean,clean-pool (never flagged)
SB-0118,bay,n.,затока,"Тіло води (особливо море), яке міститься увігнутою береговою лінією.",d_clean,clean-pool (never flagged)
SB-0120,beast,n.,звір,"Тварина, особливо велика або небезпечна наземна хребетна.",d_clean,clean-pool (never flagged)
SB-0122,beloved,adj.,коханий,"Дуже любив, ніжно любив.",d_clean,clean-pool (never flagged)
SB-0123,bench,n.,лава,"Довге сидіння зі спинкою або без неї, наприклад, у парках і школах.",d_clean,clean-pool (never flagged)
SB-0126,beneficiary,n.,бенефіціар,"Той, хто користується або отримує перевагу.",d_clean,clean-pool (never flagged)
SB-0127,betray,v.,зраджувати,"Порушити довіру або виявити приховану інформацію, почуття чи справжній характер.",d_clean,clean-pool (never flagged)
SB-0129,biography,n.,біографія,"Історія життя людини, особливо опублікованої.",d_clean,clean-pool (never flagged)
SB-0132,blade,n.,лезо,"Частина ножа, меча, бритви чи іншого інструменту (як правило, з гострим краєм), яким вона ріже.",d_clean,clean-pool (never flagged)
SB-0134,bleed,v.,кровоточити,Пролити кров через ушкоджену кровоносну судину.,d_clean,clean-pool (never flagged)
SB-0136,bless,v.,благословляти,Викликати божественну прихильність.,d_clean,clean-pool (never flagged)
SB-0138,boast,v.,хвалитися,Вихвалятися; голосно говорити на хвалу собі.,d_clean,clean-pool (never flagged)
SB-0139,bonus,n.,бонус,"Щось додаткове, що добре; додаткова перевага.",d_clean,clean-pool (never flagged)
SB-0140,boom,n.,бум,"Низький резонансний звук, наприклад вибух.",d_clean,clean-pool (never flagged)
SB-0142,boundary,n.,межа,Лінія розмежування або розташування між двома областями.,c_known_open,known-open-24 (seed-20260913; semantic-pedagogical-error)
SB-0143,bow1,"v., n.",нахилятися; уклін,Нахиляти голову або верхню частину тіла на знак поваги; також сам такий уклін.,d_clean,clean-pool (never flagged)
SB-0146,breakthrough,n.,прорив,"Будь-який серйозний прогрес; наприклад, велика інновація чи відкриття, яке долає значну перешкоду.",d_clean,clean-pool (never flagged)
SB-0152,buddy,n.,приятель,Друг або випадковий знайомий.,d_clean,clean-pool (never flagged)
SB-0153,buffer,n.,буфер,"Частина пам’яті, виділена для тимчасового зберігання даних, часто перед їх надсиланням на зовнішній пристрій або під час отримання із зовнішнього пристрою.",d_clean,clean-pool (never flagged)
SB-0156,bureaucracy,n.,бюрократія,Уряд через бюро або їхніх адміністраторів чи службовців.,d_clean,clean-pool (never flagged)
SB-0158,burst,v.,лопнути,Зламати від внутрішнього тиску.,d_clean,clean-pool (never flagged)
SB-0160,calculation,n.,розрахунок,Акт або процес обчислення.,d_clean,clean-pool (never flagged)
SB-0161,canvas,n.,полотно,"Тип грубої тканини, витканої з конопель, використовується для виготовлення вітрил і наметів або як поверхня для картин.",d_clean,clean-pool (never flagged)
SB-0162,capability,n.,здатність,Сила або здатність генерувати результат.,d_clean,clean-pool (never flagged)
SB-0163,capitalism,n.,капіталізм,"Економічна система, заснована на приватній власності на засоби виробництва та їх експлуатації з метою отримання прибутку.",d_clean,clean-pool (never flagged)
SB-0165,cargo,n.,вантаж,"Вантаж, що перевозиться кораблем, літаком або автомобілем.",d_clean,clean-pool (never flagged)
SB-0168,casino,n.,казино,Громадська будівля або зал для азартних ігор.,d_clean,clean-pool (never flagged)
SB-0170,catalogue,n.,каталог,"Повний (як правило, алфавітний або хронологічний) список елементів.",d_clean,clean-pool (never flagged)
SB-0172,cattle,n.,худоба,"Домашня тварина виду Bos taurus (корови, бики, бички, воли тощо) та інші копитні ссавці роду Bos.",d_clean,clean-pool (never flagged)
SB-0173,caution,n.,обережність,"Розсудливість, коли ви стикаєтеся з небезпекою або очікуєте зіткнутися з небезпекою; обережність, щоб уникнути ризику чи шкоди.",d_clean,clean-pool (never flagged)
SB-0176,cemetery,n.,кладовище,"Місце, де ховають померлих; цвинтар або меморіальний парк.",d_clean,clean-pool (never flagged)
SB-0178,chaos,n.,хаос,Будь-який стан розладу; плутана або аморфна суміш або конгломерат.,d_clean,clean-pool (never flagged)
SB-0179,characterize,v.,характеризувати,Бути типовим для.,d_clean,clean-pool (never flagged)
SB-0180,charm,n.,чарівність,"Здатність переконувати, радувати або викликати захоплення.",d_clean,clean-pool (never flagged)
SB-0181,charter,n.,статут,"Документ, виданий певною владою, що створює державну чи приватну установу та визначає її цілі та привілеї.",d_clean,clean-pool (never flagged)
SB-0182,chronic,adj.,хронічний,"Про проблему, яка триває протягом тривалого періоду часу.",d_clean,clean-pool (never flagged)
SB-0183,chunk,n.,шматок,Велика або значна частина чогось.,d_clean,clean-pool (never flagged)
SB-0185,circulation,n.,обіг,Акт переходу з місця на місце або від людини до людини; вільна дифузія; спосіб передавання.,d_clean,clean-pool (never flagged)
SB-0186,citizenship,n.,громадянство,Стан громадянства; статус громадянина.,d_clean,clean-pool (never flagged)
SB-0187,civic,adj.,громадянський,"Про або щодо громадянина, або про добросовісне громадянство та його права та обов'язки.",d_clean,clean-pool (never flagged)
SB-0188,civilian,"n., adj.",цивільний,"Людина, яка займається цивільним життям, особливо та, яка не є активним членом збройних сил.",d_clean,clean-pool (never flagged)
SB-0190,clash,n.,зіткнення,"опозиція; протиріччя; наприклад, між різними або суперечливими інтересами, поглядами, цілями тощо.",d_clean,clean-pool (never flagged)
SB-0191,classification,n.,класифікація,"Акт формування в клас або класи; розподіл на групи, як класи, порядки, родини тощо, відповідно до деяких спільних відносин або атрибутів.",c_known_open,known-open-24 (seed-20260913; grammar-calque-fragment)
SB-0192,cling,v.,чіплятися,"Тримати дуже міцно, щоб не впасти.",d_clean,clean-pool (never flagged)
SB-0196,coalition,n.,коаліція,"Тимчасова група або спілка організацій, яка зазвичай створюється для певної переваги.",d_clean,clean-pool (never flagged)
SB-0198,cocktail,n.,коктейль,Змішаний алкогольний напій.,d_clean,clean-pool (never flagged)
SB-0199,cognitive,adj.,когнітивний,"Відноситься до тієї частини розумових функцій, яка має справу з логікою, на відміну від афективної, яка має справу з емоціями.",d_clean,clean-pool (never flagged)
SB-0200,coincide,v.,збігатися,Відбутися одночасно.,d_clean,clean-pool (never flagged)
SB-0201,collaborate,v.,співпрацювати,Працювати разом з іншими для досягнення спільної мети.,d_clean,clean-pool (never flagged)
SB-0204,collision,n.,зіткнення,"Будь-яка подія, під час якої два або більше тіл діють один на одного за відносно короткий час. При зіткненні фізичний контакт двох тіл не є необхідним.",d_clean,clean-pool (never flagged)
SB-0205,colonial,adj.,колоніальний,З колонії або відноситься до неї.,d_clean,clean-pool (never flagged)
SB-0206,columnist,n.,колумніст,"Регулярний автор колонки, наприклад, у журналі чи газеті.",d_clean,clean-pool (never flagged)
SB-0210,commentator,n.,коментатор,"Особа, яка надає миттєвий опис публічної події, зокрема спортивної, для аудиторії ЗМІ.",d_clean,clean-pool (never flagged)
SB-0211,commerce,n.,комерція,Обмін або купівля-продаж товарів; особливо великомасштабний обмін товарами між різними місцями чи спільнотами; розширена торгівля або рух.,d_clean,clean-pool (never flagged)
SB-0212,commissioner,n.,комісар,"Посадовець, відповідальний за урядове відомство, особливо поліцію.",d_clean,clean-pool (never flagged)
SB-0215,companion,n.,компаньйон,"Друг, знайомий або партнер; хтось, з ким проводять час або супроводжують",d_clean,clean-pool (never flagged)
SB-0217,compassion,n.,співчуття,"Глибоке усвідомлення страждань інших людей настільки, що вони мотивовані полегшити такі стани.",d_clean,clean-pool (never flagged)
SB-0218,compel,v.,змушувати,"Змушувати, обмежувати або примушувати.",d_clean,clean-pool (never flagged)
SB-0222,competence,n.,компетентність,"Якість або стан компетентності, тобто здатності або придатності для виконання загальної ролі.",d_clean,clean-pool (never flagged)
SB-0223,competent,adj.,компетентний,"Наявність достатніх навичок, знань, здібностей або кваліфікації.",d_clean,clean-pool (never flagged)
SB-0232,compute,v.,обчислювати,"Рахувати, обчислювати.",d_clean,clean-pool (never flagged)
SB-0233,conceal,v.,приховувати,"Приховати щось від очей або від загального відома, намагатися зберегти щось у таємниці.",d_clean,clean-pool (never flagged)
SB-0238,condemn,v.,засуджувати,Різко критикувати або засуджувати; розкритикувати.,d_clean,clean-pool (never flagged)
SB-0239,confer,v.,надавати,Надати у власність; дарувати.,d_clean,clean-pool (never flagged)
SB-0241,configuration,n.,конфігурація,"Взаємне розташування набору речей; те, як речі розташовані або зібрані;",d_clean,clean-pool (never flagged)
SB-0242,confine,v.,обмежити,Обмежити (когось або щось) певною сферою чи областю; зберігати в певних межах.,d_clean,clean-pool (never flagged)
SB-0243,confirmation,n.,підтвердження,"Перевірка того, що щось правдиве або трапилося.",d_clean,clean-pool (never flagged)
SB-0245,confrontation,n.,конфронтація,"Акт протистояння або виклику іншому, особливо віч-на-віч.",d_clean,clean-pool (never flagged)
SB-0248,congressional,adj.,конгресовий,З конгресу або стосовно нього.,d_clean,clean-pool (never flagged)
SB-0250,conscience,n.,совість,"Етичне або моральне почуття правильного і неправильного, головним чином, оскільки воно впливає на власну поведінку людини та формує її ставлення до її минулих дій.",d_clean,clean-pool (never flagged)
SB-0251,consciousness,n.,свідомість,Стан свідомості або усвідомлення; обізнаність.,d_clean,clean-pool (never flagged)
SB-0252,consecutive,adj.,послідовний,"Слідом, по черзі, без перерви.",d_clean,clean-pool (never flagged)
SB-0253,consensus,n.,консенсус,"Загальна згода між членами певної групи чи спільноти, кожен член якої має певну свободу дій у прийнятті рішень і подальших діях.",d_clean,clean-pool (never flagged)
SB-0257,consolidate,v.,консолідувати,Об'єднати в єдине ціле; щоб об’єднатися або приєднатися.,d_clean,clean-pool (never flagged)
SB-0258,constituency,n.,виборчий округ,"Округ, представлений однією або декількома обраними посадовими особами.",d_clean,clean-pool (never flagged)
SB-0259,constitute,v.,становити,Складати щось як його частини; утворювати або офіційно встановлювати.,d_clean,clean-pool (never flagged)
SB-0260,constitution,n.,конституція,"Формальна чи неофіційна система основних принципів і законів, яка регулює діяльність уряду чи інших установ.",d_clean,clean-pool (never flagged)
SB-0261,constitutional,adj.,конституційний,"Що стосується юридичної чи політичної конституції («основний закон нації чи установи; формальна чи неофіційна система первинних принципів і законів, які регулюють діяльність уряду чи іншої установи»).",d_clean,clean-pool (never flagged)
SB-0262,constraint,n.,обмеження,"Те, що стримує; обмеження.",d_clean,clean-pool (never flagged)
SB-0265,contempt,n.,презирство,"Стан або акт презирства; відчуття або ставлення до когось чи чогось як до нижчого, низького або нікчемного; презирство, зневага.",d_clean,clean-pool (never flagged)
SB-0267,contender,n.,претендент,"Хтось, хто змагається з одним або декількома людьми.",d_clean,clean-pool (never flagged)
SB-0268,content2,adj.,задоволений,"Задоволений тим, що маєш або що відбувається, без потреби вимагати більшого.",d_clean,clean-pool (never flagged)
SB-0270,continually,adv.,постійно,У регулярній або повторюваній послідовності; дуже часто.,d_clean,clean-pool (never flagged)
SB-0271,contractor,n.,підрядник,"Особа або компанія, яка будує або вдосконалює будівлі чи споруди.",d_clean,clean-pool (never flagged)
SB-0275,conversion,n.,перетворення,Акт перетворення чогось або когось.,d_clean,clean-pool (never flagged)
SB-0276,convict,v.,засуджувати,Визнати винним в результаті судового розгляду або (неофіційного) в моральному сенсі.,d_clean,clean-pool (never flagged)
SB-0278,cooperate,v.,співпрацювати,"Працювати або діяти разом, особливо для спільної мети чи користі.",d_clean,clean-pool (never flagged)
SB-0280,coordinate,v.,координувати,Синхронізувати (діяльність).,d_clean,clean-pool (never flagged)
SB-0281,coordination,n.,координація,"Акт координації, який змушує різних людей або речі працювати разом для досягнення мети чи ефекту.",d_clean,clean-pool (never flagged)
SB-0282,coordinator,n.,координатор,"Той, хто або те, що координує.",d_clean,clean-pool (never flagged)
SB-0284,copper,n.,мідь,"Червоно-коричневий метал, символ Cu та атомний номер 29.",d_clean,clean-pool (never flagged)
SB-0285,copyright,n.,авторське право,"Право за законом бути суб’єктом, який визначає, хто може публікувати, копіювати та поширювати твір, музику, малюнок чи інший авторський твір.",d_clean,clean-pool (never flagged)
SB-0287,correlate,v.,співвідносити,"Порівнювати речі і приводити їх у відношення, що мають відповідні характеристики.",d_clean,clean-pool (never flagged)
SB-0288,correlation,n.,кореляція,"Один із кількох показників лінійного статистичного зв’язку між двома випадковими змінними, що вказує на силу та напрямок зв’язку.",d_clean,clean-pool (never flagged)
SB-0289,correspond,v.,відповідати,"Бути еквівалентним або подібним за характером, кількістю, якістю, походженням, структурою, функцією тощо.",d_clean,clean-pool (never flagged)
SB-0290,correspondence,n.,листування,"Взаємний обмін люб'язністю, особливо розмова між людьми за допомогою листів.",d_clean,clean-pool (never flagged)
SB-0291,correspondent,n.,кореспондент,"Хтось, хто спілкується з іншою особою або публікацією, письмово.",d_clean,clean-pool (never flagged)
SB-0294,corruption,n.,корупція,"Неетична адміністративна або виконавча практика (в уряді чи бізнесі), включаючи хабарництво (пропозиція або отримання хабара), конфлікт інтересів, кумівство, розкрадання тощо.",d_clean,clean-pool (never flagged)
SB-0295,costly,adj.,дорогий,Від високої вартості; дорогий.,c_known_open,known-open-24 (seed-20260913; grammar-calque-fragment)
SB-0297,counselling,n.,консультування,Професійна допомога людині в осмисленні та розв’язанні особистих або психологічних труднощів.,d_clean,clean-pool (never flagged)
SB-0299,counter (argue against),v.,заперечувати; протиставляти аргумент,Відповідати на твердження протилежним аргументом або доказом.,d_clean,clean-pool (never flagged)
SB-0302,coup,n.,переворот,Державний переворот.,d_clean,clean-pool (never flagged)
SB-0303,courtesy,n.,ввічливість,Ввічлива поведінка.,d_clean,clean-pool (never flagged)
SB-0305,crawl,v.,повзати,Повзати; повільно рухатися на руках і колінах або волочачи тіло по землі.,d_clean,clean-pool (never flagged)
SB-0306,creator,n.,творець,"Щось або хтось, який щось створює або робить.",c_known_open,known-open-24 (seed-20260913; pos-morphology-mismatch)
SB-0310,critique,n.,критика,"Есе, в якому критикується, рецензується інший твір тощо.",d_clean,clean-pool (never flagged)
SB-0311,crown,n.,корона,"Королівський, імператорський або княжий головний убір; діадема.",d_clean,clean-pool (never flagged)
SB-0312,crude,adj.,сирий,"У природному, необробленому стані.",d_clean,clean-pool (never flagged)
SB-0313,crush,v.,розчавити,"Натиснути між двома твердими предметами; стискати так, щоб змінити природну форму чи цілісність, або згуртовувати в масу.",d_clean,clean-pool (never flagged)
SB-0314,crystal,n.,кристал,"Тверда речовина, що складається з масиву атомів або молекул, що мають дальній порядок і розташовані у вигляді періодичної тривимірної структури.",d_clean,clean-pool (never flagged)
SB-0318,custody,n.,опіка,"Законне право піклуватися про щось або про когось, особливо про дітей.",d_clean,clean-pool (never flagged)
SB-0320,cynical,adj.,цинічний,"Скептично ставиться до чесності, щирості або мотивів інших.",d_clean,clean-pool (never flagged)
SB-0323,dawn,n.,світанок,Період ранкових сутінків безпосередньо перед сходом сонця.,d_clean,clean-pool (never flagged)
SB-0325,debut,n.,дебют,"Перший виступ виконавця перед публікою у спорті, мистецтві чи іншій сфері.",d_clean,clean-pool (never flagged)
SB-0326,decision-making,n.,прийняття рішень,Процес аналізу можливостей і вибору одного рішення.,d_clean,clean-pool (never flagged)
SB-0328,declaration,n.,декларація,"Емфатичний або формальний акт висловлювання, розповіді або ствердження чогось, усним або письмовим; рішуче твердження чи проголошення.",d_clean,clean-pool (never flagged)
SB-0335,defensive,adj.,оборонний,"Що стосується захисту, на відміну від нападу.",d_clean,clean-pool (never flagged)
SB-0337,deficit,n.,дефіцит,"Ситуація, коли або сума, за якої витрати перевищують (наприклад, державні) доходи.",d_clean,clean-pool (never flagged)
SB-0338,defy,v.,кинути виклик,Відмовлятися підкорятися.,d_clean,clean-pool (never flagged)
SB-0339,delegate,n.,делегат,"Особа, уповноважена діяти як представник іншої особи; депутат.",d_clean,clean-pool (never flagged)
SB-0341,delicate,adj.,делікатний,Легко пошкоджується або потребує обережного поводження.,d_clean,clean-pool (never flagged)
SB-0342,demon,n.,демон,Злий надприродний дух.,d_clean,clean-pool (never flagged)
SB-0344,denounce,v.,засуджувати,Публічно та рішуче засуджувати когось або щось.,d_clean,clean-pool (never flagged)
SB-0345,dense,adj.,щільний,Має відносно високу щільність.,d_clean,clean-pool (never flagged)
SB-0346,density,n.,щільність,"Міра маси речовини, що міститься в одиниці об’єму.",d_clean,clean-pool (never flagged)
SB-0347,dependence,n.,залежність,"Стан залежності, покладання на іншого.",d_clean,clean-pool (never flagged)
SB-0348,depict,v.,зображувати,"Відобразити щось, використовуючи слова, звуки, зображення чи інші засоби.",d_clean,clean-pool (never flagged)
SB-0352,deprive,v.,позбавляти,"Вживається з «від», щоб забрати щось у (когось) і тримати подалі; відмовляти комусь у чомусь.",d_clean,clean-pool (never flagged)
SB-0353,deputy,n.,заступник,"Той, кого призначають на заміну інших і мають право діяти за них від їхнього імені або від їхнього імені; заступник на посаді.",d_clean,clean-pool (never flagged)
SB-0358,desktop,n.,робочий стіл,"Основний графічний інтерфейс користувача операційної системи, зазвичай відображає значки, вікна та фонові шпалери.",d_clean,clean-pool (never flagged)
SB-0359,destructive,adj.,руйнівний,Заподіяння руйнування; завдає шкоди.,d_clean,clean-pool (never flagged)
SB-0360,detain,v.,затримувати,"Перешкоджати комусь продовжити, стримуючи їх або висуваючи претензії на їх увагу.",d_clean,clean-pool (never flagged)
SB-0361,detection,n.,виявлення,"Дія або процес виявлення, розкриття або з'ясування, відкриття чогось нового, прихованого або замаскованого.",d_clean,clean-pool (never flagged)
SB-0362,detention,n.,затримання,Тимчасове тримання під вартою або арешт.,d_clean,clean-pool (never flagged)
SB-0363,deteriorate,v.,погіршуватися,Гірше рости; мати погіршення якості; вироджуватися.,c_known_open,known-open-24 (seed-20260913; grammar-calque-fragment)
SB-0365,devil,n.,диявол,Головний диявол; Сатана.,d_clean,clean-pool (never flagged)
SB-0366,devise,v.,придумати,Використовувати свій інтелект для планування або проектування (щось).,d_clean,clean-pool (never flagged)
SB-0367,diagnose,v.,діагностувати,"Визначити, яка хвороба викликає ознаки та симптоми хворої людини; знайти діагноз.",d_clean,clean-pool (never flagged)
SB-0368,diagnosis,n.,діагноз,Процес або випадок ідентифікації природи та причини медичного стану чи хвороби.,d_clean,clean-pool (never flagged)
SB-0370,dictator,n.,диктатор,"Тоталітарний лідер країни, нації чи уряду.",d_clean,clean-pool (never flagged)
SB-0371,differentiate,v.,диференціювати,Показувати або бути різницею чи відмінністю між речами.,c_known_open,known-open-24 (seed-20260913; grammar-calque-fragment)
SB-0373,dilemma,n.,дилема,"Обставина, за якої необхідно зробити вибір між двома чи більше альтернативами, які здаються однаково небажаними.",d_clean,clean-pool (never flagged)
SB-0375,diminish,v.,зменшувати,Зробити меншим.,d_clean,clean-pool (never flagged)
SB-0376,dip,v.,занурювати; опускатися,Опустити в рідину.,d_clean,clean-pool (never flagged)
SB-0377,diplomat,n.,дипломат,"Особа, наприклад посол, яка офіційно акредитована представляти уряд у його відносинах з іншими урядами чи міжнародними організаціями",d_clean,clean-pool (never flagged)
SB-0379,directory,n.,каталог,Структурований список імен і характеристик файлів на пристрої зберігання.,d_clean,clean-pool (never flagged)
SB-0381,discard,v.,відкинути,"Викинути, відкинути.",d_clean,clean-pool (never flagged)
SB-0383,disclose,v.,розкрити,Довести до відома інших; зробити відомим; заявляти відкрито; розкрити (щось).,d_clean,clean-pool (never flagged)
SB-0385,discourse,n.,дискурс,"Вираження словами, усним або письмовим.",d_clean,clean-pool (never flagged)
SB-0386,discretion,n.,розсуд,Здатність робити мудрий вибір або приймати рішення.,d_clean,clean-pool (never flagged)
SB-0387,discrimination,n.,дискримінація,"Диференційоване ставлення до окремої особи чи групи в невигідну для них сторону; ставлення або увага на основі класу чи категорії, а не індивідуальних заслуг; упередженість; упередження; фанатизм.",d_clean,clean-pool (never flagged)
SB-0388,dismissal,n.,звільнення,Позбавлення посади; факт або процес звільнення з роботи або позбавлення звання.,d_clean,clean-pool (never flagged)
SB-0393,disrupt,v.,порушувати,Ввести в замішання або безлад.,d_clean,clean-pool (never flagged)
SB-0394,disruption,n.,порушення,Переривання регулярного потоку або послідовності чогось.,d_clean,clean-pool (never flagged)
SB-0400,disturbing,adj.,тривожний,Спричинення дистресу або занепокоєння; засмучення або тривога.,d_clean,clean-pool (never flagged)
SB-0402,divine,adj.,божественний,Від бога або стосовно нього.,d_clean,clean-pool (never flagged)
SB-0403,doctrine,n.,доктрина,"Сукупність вчень ідеології, найчастіше релігії, або ідеологічного чи релігійного лідера, організації, групи чи тексту.",d_clean,clean-pool (never flagged)
SB-0406,dominance,n.,панування,Стан домінування; першорядної важливості; зверхність.,d_clean,clean-pool (never flagged)
SB-0407,donor,n.,донор,"Той, хто робить пожертву.",d_clean,clean-pool (never flagged)
SB-0408,dose,n.,доза,"Відміряна порція ліків, прийнята в будь-який час.",d_clean,clean-pool (never flagged)
SB-0413,dual,adj.,подвійний,Характеризується наявністю двох (зазвичай еквівалентних) компонентів.,d_clean,clean-pool (never flagged)
SB-0419,earnings,n.,заробіток,"Заробітна плата, зароблені гроші, дохід.",d_clean,clean-pool (never flagged)
SB-0422,ecological,adj.,екологічний,"Пов’язаний з екологією, взаємозв’язками організмів і навколишнього середовища.",d_clean,clean-pool (never flagged)
SB-0426,ego,n.,его,"Я, особливо з почуттям власної значущості.",d_clean,clean-pool (never flagged)
SB-0428,electoral,adj.,виборчий,Щодо виборів або щодо них.,d_clean,clean-pool (never flagged)
SB-0429,elevate,v.,підняти,Підняти (щось) на вищу посаду.,d_clean,clean-pool (never flagged)
SB-0430,eligible,adj.,придатний,Дозвіл і відповідність необхідним умовам для участі в чомусь або бути обраним для чогось,d_clean,clean-pool (never flagged)
SB-0431,elite,n.,еліта,"Особлива група або соціальний клас людей, які мають вищий соціальний чи економічний статус і відповідну владу, переваги чи привілеї в суспільстві; член такої групи.",d_clean,clean-pool (never flagged)
SB-0433,embarrassment,n.,збентеження,"Стан дискомфорту, що виникає через сором'язливість або свідомість порушення соціального правила; приниження.",d_clean,clean-pool (never flagged)
SB-0434,embassy,n.,посольство,"Організація або група офіційних осіб, які постійно представляють суверенну державу в другій суверенній державі або щодо міжнародної організації, такої як ООН.",d_clean,clean-pool (never flagged)
SB-0435,embed,v.,вбудовувати,Для інкапсуляції в інший документ або файл даних.,d_clean,clean-pool (never flagged)
SB-0436,embody,v.,втілювати,Представляти у фізичній або конкретній формі; втілювати чи персоніфікувати.,d_clean,clean-pool (never flagged)
SB-0437,emergence,n.,поява,"Акт підйому з рідини, виходу з огортання чи приховування, або підняття в поле зору; зовнішній вигляд.",d_clean,clean-pool (never flagged)
SB-0438,empirical,adj.,емпіричний,"Стосовно або засноване на досвіді, на відміну від теорії.",d_clean,clean-pool (never flagged)
SB-0441,encompass,v.,охоплювати,"Включити в його сферу дії; обвести або обійти так, щоб оточити; підкладати; містити.",d_clean,clean-pool (never flagged)
SB-0442,encouragement,n.,заохочення,"Слова чи дії, які підвищують чиюсь впевненість",d_clean,clean-pool (never flagged)
SB-0444,endeavour,n.,зусилля,Серйозна або наполеглива спроба досягти певної мети.,d_clean,clean-pool (never flagged)
SB-0445,endless,adj.,нескінченний,Не маючи кінця.,d_clean,clean-pool (never flagged)
SB-0446,endorse,v.,схвалити,"Виражати підтримку чи схвалення, особливо офіційно чи публічно; надати індосамент.",d_clean,clean-pool (never flagged)
SB-0453,enquire,v.,запитувати,"Просити інформацію або ставити запитання, щоб щось з’ясувати.",d_clean,clean-pool (never flagged)
SB-0455,enrol,v.,зарахувати,"Офіційно записати або записатися на курс, програму чи до установи.",d_clean,clean-pool (never flagged)
SB-0457,enterprise,n.,підприємство,"Компанія, бізнес, організація чи інша цілеспрямована діяльність.",d_clean,clean-pool (never flagged)
SB-0458,enthusiast,n.,ентузіаст,"Людина, сповнена або керована ентузіазмом.",d_clean,clean-pool (never flagged)
SB-0460,entity,n.,сутність,"Те, що існує як окрема одиниця, часто використовується для організацій, які не мають фізичної форми.",d_clean,clean-pool (never flagged)
SB-0461,epidemic,n.,епідемія,"Широко поширене захворювання, яке вражає багато людей у ​​популяції.",d_clean,clean-pool (never flagged)
SB-0464,erect,v.,звести,Збирати шляхом з’єднання матеріалів або частин.,d_clean,clean-pool (never flagged)
SB-0466,essence,n.,суть,Внутрішня природа речі або ідеї.,d_clean,clean-pool (never flagged)
SB-0467,establishment,n.,заклад,"Те, що встановлено; як форма правління, постійна організація, бізнес або сила, або місце, де людина постійно проживає.",c_known_open,known-open-24 (seed-20260913; grammar-calque-fragment)
SB-0468,eternal,adj.,вічний,Триває назавжди; нескінченний.,d_clean,clean-pool (never flagged)
SB-0470,evoke,v.,викликати,"Викликати прояв чогось (емоції, картини тощо) в чиємусь розумі чи уяві.",d_clean,clean-pool (never flagged)
SB-0471,evolutionary,adj.,еволюційний,Відносно біологічної теорії еволюції або до неї.,d_clean,clean-pool (never flagged)
SB-0472,exaggerate,v.,перебільшувати,"Перебільшувати, описувати більше, ніж факт.",d_clean,clean-pool (never flagged)
SB-0474,exceptional,adj.,винятковий,Формування винятку; не звичайний; незвичайний; рідкісні.,d_clean,clean-pool (never flagged)
SB-0475,excess,"n., adj.",надлишок,"Стан перевищення або виходу за межі; стан поза достатністю, необхідністю або обов'язком; більше, ніж те, що є звичайним або належним.",d_clean,clean-pool (never flagged)
SB-0478,exclusively,adv.,виключно,на виключення будь-чого або будь-кого іншого; виключно або цілком,d_clean,clean-pool (never flagged)
SB-0479,execute,v.,виконувати,Здійснювати; ввести в дію.,d_clean,clean-pool (never flagged)
SB-0480,execution,n.,виконання,"Дія, спосіб або стиль виконання (дій, маневрів, вистав).",d_clean,clean-pool (never flagged)
SB-0482,exile,n.,вигнання,Стан вигнання з дому чи країни.,d_clean,clean-pool (never flagged)
SB-0485,experimental,adj.,експериментальний,Відносно або засноване на експерименті.,d_clean,clean-pool (never flagged)
SB-0489,exploitation,n.,експлуатація,Неправомірне використання чого-небудь в корисливих цілях.,d_clean,clean-pool (never flagged)
SB-0492,extremist,n.,екстреміст,"Людина, яка дотримується крайніх поглядів, особливо той, хто відстоює такі погляди; радикал або фанатик.",d_clean,clean-pool (never flagged)
SB-0493,facilitate,v.,сприяти,Зробити легко або легше.,d_clean,clean-pool (never flagged)
SB-0494,faction,n.,фракція,"Група людей, особливо всередині політичної організації, яка висловлює спільні переконання або думку, відмінну від людей, які не є частиною групи.",d_clean,clean-pool (never flagged)
SB-0498,fatal,adj.,фатальний,Заподіяння смерті або руйнування.,c_known_open,known-open-24 (seed-20260913; pos-morphology-mismatch)
SB-0499,fate,n.,доля,"Передбачувана причина, сила, принцип або божественна воля, яка визначає події.",d_clean,clean-pool (never flagged)
SB-0500,favourable,adj.,сприятливий,"Вираження або вказівка ​​на прихильність чи доброзичливість; схвалюючи, заохочуючи.",d_clean,clean-pool (never flagged)
SB-0501,feat,n.,подвиг; визначне досягнення,Відносно рідкісне або важке досягнення.,d_clean,clean-pool (never flagged)
SB-0503,fibre,n.,клітковина,Харчові волокна.,d_clean,clean-pool (never flagged)
SB-0508,firearm,n.,вогнепальна зброя,"Особиста зброя, яка використовує вибуховий порох для приведення в дію снаряда, який часто виготовляється зі свинцю.",d_clean,clean-pool (never flagged)
SB-0511,flaw,n.,недолік,"Дефект, помилка або недосконалість, особливо прихована.",d_clean,clean-pool (never flagged)
SB-0512,flawed,adj.,дефектний,Наявність недоліку або недосконалості.,d_clean,clean-pool (never flagged)
SB-0513,flee,v.,тікати,Втікати; втекти.,d_clean,clean-pool (never flagged)
SB-0514,fleet,n.,флот,Група суден або транспортних засобів.,d_clean,clean-pool (never flagged)
SB-0515,flesh,n.,плоть,"М’які тканини тіла, особливо м’язи та жир.",d_clean,clean-pool (never flagged)
SB-0516,flexibility,n.,гнучкість,"Якість бути гнучким, фізично чи метафорично.",d_clean,clean-pool (never flagged)
SB-0518,fluid,n.,рідина,Рідина (на відміну від твердого або газоподібного).,d_clean,clean-pool (never flagged)
SB-0519,footage,n.,кадри,"Кількість плівки або стрічки, яка була використана для запису чогось.",d_clean,clean-pool (never flagged)
SB-0520,foreigner,n.,іноземець,Людина з чужої країни.,d_clean,clean-pool (never flagged)
SB-0522,formula,n.,формула,План або метод вирішення проблеми або досягнення результату.,d_clean,clean-pool (never flagged)
SB-0523,formulate,v.,формулювати,Викласти в ясній і певній формі твердження або вираз.,d_clean,clean-pool (never flagged)
SB-0524,forth,adv.,вперед,"Назовні, уперед або від певного місця; переважно у сталих виразах.",d_clean,clean-pool (never flagged)
SB-0527,fragile,adj.,крихкий,"Легко ламається, не міцний; з ніжного матеріалу.",d_clean,clean-pool (never flagged)
SB-0528,franchise,n.,франшиза; право на здійснення діяльності,"Дозвіл, наданий компанією на продаж або розповсюдження своїх товарів чи послуг на певній території.",d_clean,clean-pool (never flagged)
SB-0533,functional,adj.,функціональний,"Корисний; служіння меті, виконання функції.",d_clean,clean-pool (never flagged)
SB-0534,fundraising,n.,збір коштів,Процес збору грошей шляхом запитів пожертвувань від приватних осіб і компаній.,d_clean,clean-pool (never flagged)
SB-0535,funeral,n.,похорон,"Церемонія вшанування та пам’яті померлої людини, яка часто відрізняється від панахиди присутністю тіла померлого.",d_clean,clean-pool (never flagged)
SB-0537,gambling,n.,азартні ігри,"Діяльність, що характеризується балансом між виграшем і програшем, що регулюється сумішшю навичок і випадковості, як правило, із ставкою на результат.",d_clean,clean-pool (never flagged)
SB-0539,gaze,"n., v.",погляд,Дивитися пильно або серйозно.,d_clean,clean-pool (never flagged)
SB-0542,genocide,n.,геноцид,"Систематичне та умисне знищення групи людей; як правило, вбиваючи значну кількість з них на основі їхньої етнічної приналежності, релігії чи національності.",d_clean,clean-pool (never flagged)
SB-0543,glance,"n., v.",погляд,"Звернути (очі чи погляд) на щось, часто ненадовго.",d_clean,clean-pool (never flagged)
SB-0545,glorious,adj.,славний,"Демонстрація атрибутів, якостей або вчинків, які гідні чи отримують славу.",d_clean,clean-pool (never flagged)
SB-0546,glory,n.,слава,"Честь, захоплення чи відзнака, надані особі чи речі за спільною згодою; висока репутація; відомість.",d_clean,clean-pool (never flagged)
SB-0547,governance,n.,управління,"Процес, або сила, управління; уряд або адміністрація.",d_clean,clean-pool (never flagged)
SB-0550,grave (for dead person),n.,могила,"Місце в землі, де поховано померлу людину.",d_clean,clean-pool (never flagged)
SB-0551,grave (serious),adj.,серйозний; тяжкий,"Надзвичайно серйозний, небезпечний або такий, що викликає значне занепокоєння.",d_clean,clean-pool (never flagged)
SB-0553,grid,n.,сітка,"Система доставки електроенергії, що складається з різних підстанцій, трансформаторів і генераторів, з'єднаних дротом.",d_clean,clean-pool (never flagged)
SB-0556,grind,v.,молоти,Розрізати на дрібніші шматки шляхом подрібнення бічними рухами.,d_clean,clean-pool (never flagged)
SB-0559,guerrilla,n.,партизан,"Солдат у невеликій незалежній групі, який бореться проти уряду чи регулярних сил шляхом раптових набігів.",d_clean,clean-pool (never flagged)
SB-0560,guidance,n.,керівництво,Порада або консультація з якоїсь теми.,d_clean,clean-pool (never flagged)
SB-0561,guilt,n.,вина,Відповідальність за протиправні дії.,d_clean,clean-pool (never flagged)
SB-0562,gut,n.,кишка,"Травний тракт, особливо кишечник.",d_clean,clean-pool (never flagged)
SB-0564,halfway,adv.,на півдорозі,Половина шляху між двома точками.,d_clean,clean-pool (never flagged)
SB-0566,handful,n.,жменя,"Кількість, яку рука може схопити або вмістити.",d_clean,clean-pool (never flagged)
SB-0567,handling,n.,поводження,"Торкатися, контролювати, керувати, використовувати, піклуватися тощо рукою або руками або як руками.",d_clean,clean-pool (never flagged)
SB-0568,handy,adj.,зручний,"Простий у використанні, корисний.",d_clean,clean-pool (never flagged)
SB-0571,harmony,n.,гармонія,Договір чи згода.,c_known_open,known-open-24 (seed-20260913; semantic-pedagogical-error)
SB-0573,harvest,"n., v.",урожай,Принести врожай; жати; підбирати.,d_clean,clean-pool (never flagged)
SB-0574,hatred,n.,ненависть,Сильна відраза; сильна неприязнь.,d_clean,clean-pool (never flagged)
SB-0575,haunt,v.,переслідувати,Населяти або часто відвідувати (найчастіше використовується стосовно привидів).,d_clean,clean-pool (never flagged)
SB-0578,heritage,n.,спадщина,"традиція; практика або набір цінностей, які передаються від попередніх поколінь через сім’ї або через інституційну пам’ять.",d_clean,clean-pool (never flagged)
SB-0579,hierarchy,n.,ієрархія,"Соціальна, релігійна, економічна чи політична система або організація, в якій люди або групи людей перевищують інших на основі їхнього статусу, авторитету чи інших рис.",d_clean,clean-pool (never flagged)
SB-0580,high-profile,adj.,гучний,Важливий або добре розрекламований.,d_clean,clean-pool (never flagged)
SB-0581,hint,"n., v.",підказка,Мати на увазі без прямого твердження; щоб надати підказку.,d_clean,clean-pool (never flagged)
SB-0582,homeland,n.,батьківщина,"Країна, яку людина вважає домом.",d_clean,clean-pool (never flagged)
SB-0585,horizon,n.,горизонт,"Видима горизонтальна лінія (у всіх напрямках), де небо, здається, зустрічається з землею на відстані.",d_clean,clean-pool (never flagged)
SB-0586,horn,n.,ріг,"Твердий наріст кератину, який виступає з верхньої частини голови певних тварин, як правило, парний.",d_clean,clean-pool (never flagged)
SB-0587,hostage,n.,заручник,"Особа, захоплена з метою примусити іншу сторону діяти (або утримуватися від дій) певним чином через загрозу заподіяння шкоди заручнику.",d_clean,clean-pool (never flagged)
SB-0588,hostile,adj.,ворожий,Не доброзичливий; відповідний ворогові; показ розташування ворога; прояв злої волі та зловмисності або бажання перешкодити та завдати шкоди.,d_clean,clean-pool (never flagged)
SB-0589,hostility,n.,ворожість,Стан ворожості.,d_clean,clean-pool (never flagged)
SB-0590,humanitarian,adj.,гуманітарний,Що стосується добробуту людей.,d_clean,clean-pool (never flagged)
SB-0591,humanity,n.,людство,Людство; люди як група.,d_clean,clean-pool (never flagged)
SB-0592,humble,adj.,скромний,"Мати низьку думку про себе; не гордий, зарозумілий або самовпевнений; скромний.",d_clean,clean-pool (never flagged)
SB-0593,hydrogen,n.,водень,"Найлегший хімічний елемент (символ H), з атомним номером 1 і атомною вагою 1,008.",d_clean,clean-pool (never flagged)
SB-0595,ideological,adj.,ідеологічний,Що стосується однієї чи кількох ідеологій.,d_clean,clean-pool (never flagged)
SB-0596,ideology,n.,ідеологія,"Доктрина, філософія, сукупність переконань або принципів, що належать окремій особі чи групі.",d_clean,clean-pool (never flagged)
SB-0598,ignorance,n.,незнання,Стан необізнаності або неосвіченості; брак знань або інформації.,d_clean,clean-pool (never flagged)
SB-0599,imagery,n.,зображення,"Риторичне оформлення в письмовій чи усній формі; яскраві описи, що представляють або навіюють образи чуттєвих об'єктів; фігури в дискурсі.",d_clean,clean-pool (never flagged)
SB-0600,immense,adj.,величезний,"Величезний, гігантський, дуже великий.",d_clean,clean-pool (never flagged)
SB-0602,implementation,n.,впровадження,"Процес переходу ідеї від концепції до реальності. У бізнесі, інженерії та інших сферах реалізація відноситься до процесу будівництва, а не до процесу проектування.",d_clean,clean-pool (never flagged)
SB-0605,inability,n.,неспроможність,Відсутність вміння щось робити; недієздатність.,d_clean,clean-pool (never flagged)
SB-0610,inclusion,n.,включення,"Акт включення, тобто додавання або анексування (чогось) до групи, набору або сукупності.",d_clean,clean-pool (never flagged)
SB-0611,incur,v.,понести,"Накликати на себе або піддаватися, особливо чомусь незручному, шкідливому чи обтяжливому; стати відповідальним або підлягати.",d_clean,clean-pool (never flagged)
SB-0614,indigenous,adj.,корінний,"Народився або походить з країни чи регіону, особливо до вторгнення.",d_clean,clean-pool (never flagged)
SB-0619,infant,n.,немовля,"Дуже молода людська істота, від народження до віку від шести місяців до двох років після народження, яка потребує майже постійного догляду та уваги.",d_clean,clean-pool (never flagged)
SB-0620,infect,v.,заразити,"Привести (тіло або його частину) в контакт з речовиною, що викликає хворобу (збудником), щоб збудник почав діяти на організм;",d_clean,clean-pool (never flagged)
SB-0622,influential,adj.,впливовий,Володіння чи здійснення впливу.,d_clean,clean-pool (never flagged)
SB-0623,inherent,adj.,властивий,"Природно, як частина або наслідок чогось.",d_clean,clean-pool (never flagged)
SB-0626,inject,v.,вводити,"Робити ін’єкцію (комусь або чомусь), особливо ліків або наркотиків.",d_clean,clean-pool (never flagged)
SB-0628,injustice,n.,несправедливість,Порушення прав іншої людини чи людей.,d_clean,clean-pool (never flagged)
SB-0629,inmate,n.,в'язень,"Особа, яка перебуває в установі, наприклад, в’язниці (як засуджений) або лікарні (як пацієнт).",d_clean,clean-pool (never flagged)
SB-0630,insertion,n.,вставка,Акт вставки або щось вставлене.,d_clean,clean-pool (never flagged)
SB-0631,insider,n.,інсайдер,"Особа, яка володіє спеціальними знаннями про внутрішню роботу групи, організації чи установи.",d_clean,clean-pool (never flagged)
SB-0632,inspect,v.,оглядати,Вивчати критично або уважно; особливо для пошуку проблем або визначення стану; придивлятися.,d_clean,clean-pool (never flagged)
SB-0633,inspection,n.,огляд,"Акт вивчення чогось, часто уважно.",d_clean,clean-pool (never flagged)
SB-0634,inspiration,n.,натхнення,"Акт або процес піднесення чи стимулювання впливу на інтелект, емоції чи творчість.",d_clean,clean-pool (never flagged)
SB-0635,instinct,n.,інстинкт,Природний або вроджений імпульс або поведінка.,d_clean,clean-pool (never flagged)
SB-0636,institutional,adj.,інституційний,"З, відноситься до, характерний або організований за принципами установи.",d_clean,clean-pool (never flagged)
SB-0639,insufficient,adj.,недостатній,"Недостатньо; типу або виду, якого недостатньо, який не задовольняє вимоги чи потреби.",d_clean,clean-pool (never flagged)
SB-0642,intake,n.,споживання,Прийнята кількість.,d_clean,clean-pool (never flagged)
SB-0644,integrated,adj.,інтегрований,"складений і скоординований, щоб утворити ціле",d_clean,clean-pool (never flagged)
SB-0647,intellectual,n.,інтелектуал,"Розумна, вчена людина, особливо та, яка говорить про вчені питання.",c_known_open,known-open-24 (seed-20260913; semantic-pedagogical-error)
SB-0648,intensify,v.,посилити,Стати інтенсивним або більш інтенсивним; діяти зі зростаючою силою чи енергією.,d_clean,clean-pool (never flagged)
SB-0649,intensity,n.,інтенсивність,Якість інтенсивності.,d_clean,clean-pool (never flagged)
SB-0650,intensive,adj.,інтенсивний,Виконується з інтенсивністю або значною мірою; ретельний.,d_clean,clean-pool (never flagged)
SB-0651,intent,n.,намір,Щось призначене.,d_clean,clean-pool (never flagged)
SB-0652,interactive,adj.,інтерактивний,Пропозиція або залучення взаємодії з користувачем.,d_clean,clean-pool (never flagged)
SB-0653,interface,n.,інтерфейс,Точка взаємозв'язку між системами або підсистемами.,d_clean,clean-pool (never flagged)
SB-0654,interfere,v.,заважати,"Вплутуватися або втягуватись, завдаючи занепокоєння.",d_clean,clean-pool (never flagged)
SB-0656,interim,adj.,тимчасовий,Тимчасовий.,d_clean,clean-pool (never flagged)
SB-0658,intermediate,adj.,проміжний,Знаходження між двома крайнощами або в середині діапазону.,d_clean,clean-pool (never flagged)
SB-0659,intervene,v.,втручатися,"Втягнутися в ситуацію, щоб змінити або запобігти дії. [з в]",d_clean,clean-pool (never flagged)
SB-0662,intriguing,adj.,інтригуючий,Викликання бажання знати більше; таємничий.,d_clean,clean-pool (never flagged)
SB-0664,invisible,adj.,невидимий,Неможливо побачити; з поля зору; не видно.,d_clean,clean-pool (never flagged)
SB-0668,ironically,adv.,іронічно,В іронічній манері; певною мірою демонструючи іронію.,d_clean,clean-pool (never flagged)
SB-0671,isolation,n.,ізоляція,"Стан ізольованості, відчуженості або відокремленості; стан віддаленості від інших людей.",d_clean,clean-pool (never flagged)
SB-0672,judicial,adj.,судовий,Що стосується відправлення правосуддя.,d_clean,clean-pool (never flagged)
SB-0674,jurisdiction,n.,юрисдикція,"Влада, право чи повноваження тлумачити та застосовувати закон.",d_clean,clean-pool (never flagged)
SB-0676,justification,n.,виправдання,"Причина, пояснення або виправдання, які, на думку когось, надають переконливу, морально прийнятну підтримку для поведінки, віри чи події.",d_clean,clean-pool (never flagged)
SB-0678,kidney,n.,нирка,"Орган в організмі, який фільтрує кров, утворюючи сечу.",d_clean,clean-pool (never flagged)
SB-0681,landlord,n.,орендодавець,"Особа, яка здає в оренду нерухоме майно; орендодавець.",d_clean,clean-pool (never flagged)
SB-0685,laser,n.,лазер,"Пристрій, який створює монохроматичний когерентний пучок світла.",d_clean,clean-pool (never flagged)
SB-0687,lawn,n.,газон,"Земля (зазвичай перед або навколо будинку), вкрита травою, ретельно підкошена.",d_clean,clean-pool (never flagged)
SB-0688,lawsuit,n.,позов,"У цивільному праві — справа, у якій двоє або більше людей не погоджуються, і одна або більше сторін передають справу до суду для вирішення.",d_clean,clean-pool (never flagged)
SB-0689,layout,n.,макет,Структуроване розташування елементів у певних межах.,d_clean,clean-pool (never flagged)
SB-0692,legacy,n.,спадок,Щось успадковане від попередника чи минулого.,d_clean,clean-pool (never flagged)
SB-0693,legendary,adj.,легендарний,"Маючи неймовірну велич; чудовий до такої міри, щоб викликати історії.",d_clean,clean-pool (never flagged)
SB-0694,legislation,n.,законодавство,"Закон, прийнятий законодавчим або іншим керівним органом.",d_clean,clean-pool (never flagged)
SB-0695,legislative,adj.,законодавчий,Створення закону або законів або наявність повноважень приймати закони; правотворчість.,d_clean,clean-pool (never flagged)
SB-0697,legitimate,adj.,законний,Відповідно до закону або встановлених правових форм і вимог.,d_clean,clean-pool (never flagged)
SB-0700,lesser,adj.,менший,"З двох (або, рідше, більше двох) речей: меншої за розміром (менше), за цінністю, за важливістю тощо.",d_clean,clean-pool (never flagged)
SB-0704,liberation,n.,звільнення,Акт звільнення або стан звільнення.,d_clean,clean-pool (never flagged)
SB-0709,limb,n.,кінцівка,"Основний відросток людини або тварини, який використовується для пересування (наприклад, рука, нога або крило).",d_clean,clean-pool (never flagged)
SB-0710,linear,adj.,лінійний,Має форму лінії; прямі або приблизно прямі; за прямим курсом.,d_clean,clean-pool (never flagged)
SB-0711,line-up,n.,склад учасників; програма,"Склад людей або виконавців, які беруть участь у події, команді чи програмі.",d_clean,clean-pool (never flagged)
SB-0713,listing,n.,список,Запис у списку або каталозі.,d_clean,clean-pool (never flagged)
SB-0714,literacy,n.,грамотність,Уміння читати і писати.,d_clean,clean-pool (never flagged)
SB-0715,liver,n.,печінка,"Великий орган в організмі, який зберігає та метаболізує поживні речовини, знищує токсини та виробляє жовч. Він відповідає за тисячі біохімічних реакцій.",d_clean,clean-pool (never flagged)
SB-0718,logic,n.,логіка,"Метод людського мислення, який передбачає лінійне, поетапне мислення про те, як можна вирішити проблему. Логіка є основою багатьох принципів, включаючи науковий метод.",d_clean,clean-pool (never flagged)
SB-0719,long-standing,adj.,давній,Існуючи тривалий час; тривалого існування.,d_clean,clean-pool (never flagged)
SB-0720,long-time,adj.,давній,"Такий, що існує, триває або виконує певну роль протягом тривалого часу.",d_clean,clean-pool (never flagged)
SB-0723,loyalty,n.,вірність,"Вірність або відданість якійсь людині, справі чи нації.",d_clean,clean-pool (never flagged)
SB-0724,machinery,n.,машини,"Машини, що складають виробничий апарат на заводі тощо, разом.",c_known_open,known-open-24 (seed-20260913; grammar-calque-fragment)
SB-0726,magistrate,n.,суддя,"Судовий службовець з обмеженими повноваженнями для адміністрування та забезпечення виконання закону. Магістратський суд може мати юрисдикцію в цивільних або кримінальних справах, або в обох.",d_clean,clean-pool (never flagged)
SB-0728,magnitude,n.,величина,"Абсолютний або відносний розмір, ступінь або важливість чогось.",d_clean,clean-pool (never flagged)
SB-0729,mainland,n.,материк,"Континент; основна земля, на відміну від островів або півострова.",d_clean,clean-pool (never flagged)
SB-0730,mainstream,"n., adj.",мейнстрим; загальноприйнятий напрям,"Те, що загальне; норма.",d_clean,clean-pool (never flagged)
SB-0732,mandate,n.,мандат; офіційні повноваження,Офіційна або авторитетна команда; наказ чи розпорядження; комісія; судовий припис; дозвіл.,d_clean,clean-pool (never flagged)
SB-0733,mandatory,adj.,обов'язковий,обов'язковий; вимагається або наказується владою.,d_clean,clean-pool (never flagged)
SB-0736,manipulation,n.,маніпуляція,Практика маніпулювання або стан маніпулювання.,d_clean,clean-pool (never flagged)
SB-0737,manuscript,n.,рукопис,"Книга, твір або будь-який інший документ, написаний від руки (або машинописний), не відтворений механічно.",d_clean,clean-pool (never flagged)
SB-0740,marine,adj.,морський,Приналежність або характеристика моря; існуючі або знайдені в морі; утворені або вироблені морем.,d_clean,clean-pool (never flagged)
SB-0741,marketplace,n.,ринок,Світ комерції та торгівлі.,d_clean,clean-pool (never flagged)
SB-0742,mask,n.,маска,"Покриття, або часткове покриття, для обличчя, яке використовується для маскування або захисту.",d_clean,clean-pool (never flagged)
SB-0743,massacre,n.,різанина,"Вбивство значної кількості (зазвичай обмежене людьми), де спротив чинити незначний або взагалі відсутній, із застосуванням невибіркового насильства, без необхідності та/або всупереч цивілізованим нормам.",d_clean,clean-pool (never flagged)
SB-0746,maximize,v.,максимізувати,Зробити якомога більшим.,d_clean,clean-pool (never flagged)
SB-0747,meaningful,adj.,значущий,"Має значення, значний.",d_clean,clean-pool (never flagged)
SB-0748,meantime,n.,тим часом,"Час, витрачений на очікування іншої події; час між ними.",d_clean,clean-pool (never flagged)
SB-0749,medieval,adj.,середньовічний,"Середньовіччя або пов’язане з ним, період приблизно з 500 до 1500 року нашої ери.",c_known_open,known-open-24 (seed-20260913; pos-morphology-mismatch)
SB-0751,melody,n.,мелодія,"Послідовність нот, що складає музичну фразу.",d_clean,clean-pool (never flagged)
SB-0752,memo,n.,записка,Коротка записка; меморандум.,d_clean,clean-pool (never flagged)
SB-0753,memoir,n.,мемуари,"автобіографія; книга, що описує особистий досвід автора.",d_clean,clean-pool (never flagged)
SB-0754,memorial,n.,меморіал,"Щось, наприклад пам'ятник, яким хтось або щось згадується.",d_clean,clean-pool (never flagged)
SB-0755,mentor,n.,ментор,Мудрий і надійний порадник або вчитель.,d_clean,clean-pool (never flagged)
SB-0756,merchant,n.,купець,"Людина, яка торгує товарами з метою отримання прибутку.",d_clean,clean-pool (never flagged)
SB-0757,mercy,n.,милосердя,"Прощення або співчуття, особливо до тих, кому пощастило менше.",d_clean,clean-pool (never flagged)
SB-0760,merge,v.,злити,Поєднати в ціле.,d_clean,clean-pool (never flagged)
SB-0761,merger,n.,злиття,"Юридичне об’єднання двох або більше корпорацій в одну юридичну особу, активи та зобов’язання, як правило, бере на себе сторона-покупець.",d_clean,clean-pool (never flagged)
SB-0762,merit,n.,заслуга,"Щось, що заслуговує або гідне позитивного визнання чи винагороди.",d_clean,clean-pool (never flagged)
SB-0763,methodology,n.,методологія,"Набір методів, практик, процедур і правил, які використовують ті, хто працює в певній сфері.",d_clean,clean-pool (never flagged)
SB-0764,midst,n.,посеред,Місце в середині чого-небудь; може використовуватися в буквальному або метафоричному значенні.,d_clean,clean-pool (never flagged)
SB-0765,migration,n.,міграція,Випадок переїзду на деякий час жити в інше місце.,d_clean,clean-pool (never flagged)
SB-0768,mill,n.,млин,"Пристрій для подрібнення таких речовин, як зерно, насіння тощо (деякі малі та прості, а інші великі та складні).",d_clean,clean-pool (never flagged)
SB-0769,minimal,adj.,мінімальний,"Найменша можлива сума, кількість або ступінь.",d_clean,clean-pool (never flagged)
SB-0770,minimize,v.,мінімізувати,Зробити (щось) менше або якомога менше; скорочуватися; зменшити.,d_clean,clean-pool (never flagged)
SB-0771,mining,n.,видобуток,Діяльність із вилучення цінних ресурсів (часто мінералів) із землі.,d_clean,clean-pool (never flagged)
SB-0774,miracle,n.,чудо,"Подія, яка здається незрозумілою за законами природи і тому вважається надприродною за походженням.",d_clean,clean-pool (never flagged)
SB-0775,misery,n.,страждання,Велике нещастя; сильний біль тіла або розуму; убогість; дистрес; горе.,d_clean,clean-pool (never flagged)
SB-0776,misleading,adj.,оманливий,"Оманливий або схильний вводити в оману чи створювати хибне враження, навіть якщо технічно відповідає дійсності.",d_clean,clean-pool (never flagged)
SB-0779,mobility,n.,мобільність,Здатність до пересування; здатність до руху.,d_clean,clean-pool (never flagged)
SB-0782,modification,n.,модифікація,Результат модифікації чогось; нову або змінену форму.,d_clean,clean-pool (never flagged)
SB-0784,monk,n.,чернець,"Чоловічий член чернечого ордену, який присвятив своє життя релігійному служінню.",d_clean,clean-pool (never flagged)
SB-0787,motive,n.,мотив,"Стимул діяти певним чином; причина або емоція, яка спонукає щось зробити; все, що спонукає до вибору дії.",d_clean,clean-pool (never flagged)
SB-0788,motorist,n.,автомобіліст,"Той, хто керує транспортним засобом.",d_clean,clean-pool (never flagged)
SB-0789,municipal,adj.,муніципальний,"Муніципалітет або пов’язаний з муніципалітетом (місто чи корпорація, яка має право керувати місцевим урядом).",d_clean,clean-pool (never flagged)
SB-0790,mutual,adj.,взаємний,"Маючи однакові відносини, один до одного.",d_clean,clean-pool (never flagged)
SB-0791,namely,adv.,а саме,Зокрема; тобто.,d_clean,clean-pool (never flagged)
SB-0792,nationwide,adj.,загальнонаціональний,Поширюється на всю націю.,d_clean,clean-pool (never flagged)
SB-0794,neglect,"v., n.",нехтувати,Не дбати про щось або не звертати уваги.,d_clean,clean-pool (never flagged)
SB-0795,neighbouring,adj.,сусідній,Розташований поруч або поблизу іншого місця чи території.,d_clean,clean-pool (never flagged)
SB-0796,nest,n.,гніздо,"Споруда, побудована птахом як місце для висиджування яєць і вирощування молодняку.",d_clean,clean-pool (never flagged)
SB-0797,net,adj.,чистий,Залишок після витрат або відрахувань.,c_known_open,known-open-24 (seed-20260913; pos-morphology-mismatch)
SB-0799,niche,n.,ніша,"Будь-яка позиція можливостей, для якої вона добре підходить, наприклад певний ринок у бізнесі.",d_clean,clean-pool (never flagged)
SB-0800,noble,adj.,благородний,"Наявність почесних якостей; мати моральну висоту та свободу від будь-чого дрібного, підлого чи сумнівного в поведінці та характері.",d_clean,clean-pool (never flagged)
SB-0801,nod,v.,кивати,"Нахилити голову вгору-вниз, щоб показати згоду.",d_clean,clean-pool (never flagged)
SB-0802,nominate,v.,номінувати,"Назвати когось кандидатом на певну роль або посаду, включно з посадою.",d_clean,clean-pool (never flagged)
SB-0806,non-profit,adj.,неприбутковий,"Організація або діяльність, основною метою якої не є отримання прибутку.",d_clean,clean-pool (never flagged)
SB-0807,nonsense,n.,нісенітниця,"Те, що є дурним, нелогічним і позбавленим будь-якого сенсу, причини чи цінності; те, що не має сенсу.",d_clean,clean-pool (never flagged)
SB-0808,noon,n.,полудень,"Час доби, коли здається, що Сонце досягає найвищої точки на небі; сонячний полудень.",d_clean,clean-pool (never flagged)
SB-0810,notably,adv.,особливо,Як яскравий приклад; помітним чином.,d_clean,clean-pool (never flagged)
SB-0811,notify,v.,повідомляти,Повідомити (когось) (про якусь подію).,d_clean,clean-pool (never flagged)
SB-0812,notorious,adj.,горезвісний,Про особу чи організацію: загально чи широко відома чимось негативним; сумно відомий.,d_clean,clean-pool (never flagged)
SB-0821,odds,n.,шанси,"Відношення ймовірності події до ймовірності того, що вона не відбудеться.",d_clean,clean-pool (never flagged)
SB-0822,offering,n.,пропозиція,"Акт, за допомогою якого щось пропонується.",d_clean,clean-pool (never flagged)
SB-0823,offspring,n.,потомство,дочка чи син людини; дитина людини.,d_clean,clean-pool (never flagged)
SB-0825,opt,v.,обирати; робити вибір,Вибирати; вибрати.,d_clean,clean-pool (never flagged)
SB-0827,optimism,n.,оптимізм,"схильність очікувати найкращого або, принаймні, сприятливого результату",d_clean,clean-pool (never flagged)
SB-0833,outing,n.,виїзд,Прогулянка або екскурсія.,d_clean,clean-pool (never flagged)
SB-0837,outsider,n.,сторонній,"Той, хто не є частиною спільноти чи організації.",d_clean,clean-pool (never flagged)
SB-0839,overly,adv.,надмірно,У надмірній мірі.,d_clean,clean-pool (never flagged)
SB-0840,oversee,v.,наглядати,"Контролювати, направляти, переглядати або керувати діями особи чи групи.",c_known_open,known-open-24 (seed-20260913; semantic-pedagogical-error)
SB-0842,overwhelm,v.,переповнювати,Емоційно долати.,d_clean,clean-pool (never flagged)
SB-0845,parameter,n.,параметр,"Значення, яке залишається постійним під час експерименту, рівняння, розрахунку чи подібного, але змінюється в інших версіях експерименту, рівняння, розрахунку тощо.",d_clean,clean-pool (never flagged)
SB-0846,parental,adj.,батьківський,Що стосується одного з батьків.,d_clean,clean-pool (never flagged)
SB-0847,parish,n.,парафія,"Адміністративна частина єпархії, яка має власну церкву.",d_clean,clean-pool (never flagged)
SB-0848,parliamentary,adj.,парламентський,"З, пов’язані з парламентом або ухвалені ним.",d_clean,clean-pool (never flagged)
SB-0852,passive,adj.,пасивний,Піддаватися дії без реакції.,d_clean,clean-pool (never flagged)
SB-0853,pastor,n.,пастор,Хтось із духовною владою над групою людей.,d_clean,clean-pool (never flagged)
SB-0854,patch,n.,латка,"Шматок тканини або іншого відповідного матеріалу, пришитий або іншим чином закріплений на одязі, щоб відремонтувати або зміцнити його, особливо на старому одязі, щоб закрити дірку.",d_clean,clean-pool (never flagged)
SB-0856,pathway,n.,шлях,Пішохідна доріжка або інший шлях чи доріжка.,d_clean,clean-pool (never flagged)
SB-0859,peak,n.,пік,"Найвище значення, досягнуте певною величиною за період часу.",d_clean,clean-pool (never flagged)
SB-0860,peasant,n.,селянин,"Член нижчого соціального класу, який працює на землі, складається з дрібних фермерів і орендарів, пайовиків, батраків та інших робітників на землі, де вони утворюють основну робочу силу в сільському господарстві та садівни...",d_clean,clean-pool (never flagged)
SB-0864,personnel,n.,персонал,"Група людей в організації, як-от співробітники та офісний персонал, військовослужбовці тощо.",d_clean,clean-pool (never flagged)
SB-0865,petition,n.,петиція,"Офіційний письмовий запит, зроблений окремою особою чи групою людей до суверенної чи політичної влади, який часто містить багато підписів, із проханням про якусь благодать, право, милосердя або виправлення якоїсь кривди чи...",d_clean,clean-pool (never flagged)
SB-0868,physician,n.,лікар,"Лікар, який отримав підготовку в медицині.",d_clean,clean-pool (never flagged)
SB-0870,pipeline,n.,трубопровід,"Трубопровід із труб, який використовується для транспортування води, газу чи нафти тощо.",d_clean,clean-pool (never flagged)
SB-0871,pirate,n.,пірат,"Злочинець, який грабує на морі; зазвичай нападають на торговельні судна, хоча часто грабують портові міста.",d_clean,clean-pool (never flagged)
SB-0872,pit,n.,яма,Яма в землі.,d_clean,clean-pool (never flagged)
SB-0873,plea,n.,прохання,"Звернення, прохання, настійна молитва чи благання.",d_clean,clean-pool (never flagged)
SB-0877,plunge,v.,зануритися,"Пірнати, стрибати або кидатися (у воду або якусь рідину); занурюватися.",d_clean,clean-pool (never flagged)
SB-0878,pole,n.,стовп,"Первісно — палиця; тепер конкретно, довгий і тонкий шматок металу або (особливо) дерева, що використовується для різних будівельних або опорних цілей.",d_clean,clean-pool (never flagged)
SB-0879,poll,n.,опитування,"Опитування людей, зазвичай зі статистичним аналізом для оцінки ширшої громадської думки.",d_clean,clean-pool (never flagged)
SB-0880,pond,n.,ставок,"Внутрішня водойма зі стоячою водою, природна чи створена людиною, менша за озеро.",d_clean,clean-pool (never flagged)
SB-0882,portfolio,n.,портфоліо,"Група інвестицій та інших активів, якими володіє інвестор.",d_clean,clean-pool (never flagged)
SB-0883,portray,v.,зображувати,"Грати роль; для зображення персонажа, людини, ситуації чи події.",d_clean,clean-pool (never flagged)
SB-0885,post-war,adj.,післявоєнний,Відноситься до періоду часу відразу після закінчення війни; де є припинення конфлікту.,d_clean,clean-pool (never flagged)
SB-0886,practitioner,n.,практик,"Людина, яка займається професією чи мистецтвом, особливо правом чи медициною.",d_clean,clean-pool (never flagged)
SB-0887,preach,v.,проповідувати,Проголошувати публічним дискурсом; виголошувати в проповіді чи офіційній релігійній промові.,d_clean,clean-pool (never flagged)
SB-0888,precedent,n.,прецедент,"Дія в минулому, яку можна використати як приклад, щоб допомогти визначити результат подібних випадків у майбутньому.",d_clean,clean-pool (never flagged)
SB-0890,predator,n.,хижак,"Будь-яка тварина чи інший організм, який полює та вбиває інші нерослинні організми (їхню здобич), головним чином для їжі.",d_clean,clean-pool (never flagged)
SB-0892,predominantly,adv.,переважно,Переважним чином. Найчастіше або часто з великим відривом.,d_clean,clean-pool (never flagged)
SB-0894,prejudice,n.,упередження,"Негативне судження чи думка, сформовані заздалегідь або без знання фактів.",d_clean,clean-pool (never flagged)
SB-0895,preliminary,adj.,попередній,"При підготовці до основної справи; початковий, вступний, підготовчий.",d_clean,clean-pool (never flagged)
SB-0896,premier,n.,прем'єр,Глава уряду в парламенті та лідер кабінету.,d_clean,clean-pool (never flagged)
SB-0899,prescribe,v.,призначати,Замовити (лікарський засіб або медичний пристрій) для використання конкретним пацієнтом (за ліцензією).,d_clean,clean-pool (never flagged)
SB-0900,prescription,n.,рецепт,"Письмове розпорядження від уповноваженого практикуючого лікаря про надання ліків або інше лікування, наприклад (офтальмологічне) спеціальні лінзи, необхідні для пари окулярів.",d_clean,clean-pool (never flagged)
SB-0903,preside,v.,головувати,Діяти як президент або голова.,d_clean,clean-pool (never flagged)
SB-0904,presidency,n.,президентство,Посада або роль президента.,d_clean,clean-pool (never flagged)
SB-0905,presidential,adj.,президентський,Що стосується президента чи президентства.,d_clean,clean-pool (never flagged)
SB-0906,prestigious,adj.,престижний,Високого престижу.,d_clean,clean-pool (never flagged)
SB-0907,presumably,adv.,мабуть,Здатний бути розумно припущеним.,d_clean,clean-pool (never flagged)
SB-0910,prevalence,n.,поширеність,Якість або умова переважання; широке розширення або поширення.,d_clean,clean-pool (never flagged)
SB-0911,prevention,n.,профілактика,"Будь-які заходи, спрямовані на обмеження ризиків для здоров’я (такі як інформаційні кампанії, вакцинація, рання діагностика тощо).",d_clean,clean-pool (never flagged)
SB-0912,prey,n.,здобич,"Жива істота, зазвичай тварина, яку їсть інша жива істота.",d_clean,clean-pool (never flagged)
SB-0914,privatization,n.,приватизація,Передача компанії або організації з державної власності та контролю в приватну.,d_clean,clean-pool (never flagged)
SB-0915,privilege,n.,привілей,"Конкретна користь, перевага або послуга; право чи імунітет, яким користуються одні, але не інші; прерогатива, пільговий режим.",d_clean,clean-pool (never flagged)
SB-0917,problematic,adj.,проблематичний,Постановка проблеми; мати або страждати від проблеми(-й):,d_clean,clean-pool (never flagged)
SB-0919,proceeds,n.,доходи,Дохід; валовий дохід.,d_clean,clean-pool (never flagged)
SB-0920,processing,n.,обробка,"Дія пошуку, зберігання, класифікації, обробки, передачі тощо даних, особливо за допомогою комп’ютерних технологій.",d_clean,clean-pool (never flagged)
SB-0921,processor,n.,процесор,"Пристрій, який обробляє, змінює щось (комп’ютерний процесор, кухонний комбайн тощо).",d_clean,clean-pool (never flagged)
SB-0924,productivity,n.,продуктивність,"Стан продуктивності, плідності або ефективності.",d_clean,clean-pool (never flagged)
SB-0925,profitable,adj.,прибутковий,Отримання прибутку.,d_clean,clean-pool (never flagged)
SB-0928,prominent,adj.,видатний,"Ймовірно, приверне увагу своїм розміром або розташуванням; помітний.",d_clean,clean-pool (never flagged)
SB-0930,propaganda,n.,пропаганда,"Агітація, реклама, публічна комунікація, спрямована на вплив на аудиторію та просування порядку денного.",d_clean,clean-pool (never flagged)
SB-0936,prosperity,n.,процвітання,Умова процвітання: наявність удачі та багатства.,d_clean,clean-pool (never flagged)
SB-0937,protective,adj.,захисний,Служить або призначений для захисту.,d_clean,clean-pool (never flagged)
SB-0938,protocol,n.,протокол,"Набір формальних правил, що описують, як передавати або обмінюватися даними, особливо через мережу.",d_clean,clean-pool (never flagged)
SB-0939,province,n.,провінція,"Адміністративний підрозділ деяких країн, зокрема Канади та Китаю.",d_clean,clean-pool (never flagged)
SB-0943,psychiatric,adj.,психіатричний,Психіатрія або пов'язана з нею.,d_clean,clean-pool (never flagged)
SB-0944,pulse,n.,пульс,"Зазвичай регулярне серцебиття відчувається, коли артерії поблизу шкіри (наприклад, на шиї чи зап’ясті) стиснуті, спричинене серцем, що прокачує через них кров.",d_clean,clean-pool (never flagged)
SB-0949,quota,n.,квота,"Зазначене число або відсоток, який може служити, наприклад, максимумом, мінімумом або ціллю.",d_clean,clean-pool (never flagged)
SB-0952,rage,n.,лють,Сильний неконтрольований гнів.,d_clean,clean-pool (never flagged)
SB-0955,ranking,n.,рейтинг,Відносне розміщення в списку.,d_clean,clean-pool (never flagged)
SB-0956,rape,"n., v.",зґвалтування,Примушувати (когось) до статевого акту чи інших сексуальних дій без його згоди.,d_clean,clean-pool (never flagged)
SB-0957,ratio,n.,співвідношення,"Число, що представляє порівняння між двома названими речами.",d_clean,clean-pool (never flagged)
SB-0959,ray,n.,промінь,Промінь світла або випромінювання.,d_clean,clean-pool (never flagged)
SB-0963,rear,"adj., n.",задній,"Задня або крайня задня частина; те, що позаду, або останнє за порядком.",d_clean,clean-pool (never flagged)
SB-0965,reassure,v.,заспокоювати,Запевнити заново; відновити довіру до; звільнитися від страху чи невпевненості в собі.,d_clean,clean-pool (never flagged)
SB-0966,rebel,n.,повстанець,"Людина, яка чинить опір встановленій владі, часто насильницький.",d_clean,clean-pool (never flagged)
SB-0967,rebellion,n.,повстання,Збройний опір встановленому уряду чи правителю.,d_clean,clean-pool (never flagged)
SB-0968,recipient,n.,одержувач,"Той, хто отримує.",d_clean,clean-pool (never flagged)
SB-0969,reconstruction,n.,реконструкція,"Дія реконструкції чогось, не обов’язково до попереднього стану.",d_clean,clean-pool (never flagged)
SB-0970,recount1,v.,докладно розповідати; переказувати,Докладно розповідати про подію або послідовність подій.,d_clean,clean-pool (never flagged)
SB-0971,referendum,n.,референдум,Пряме всенародне голосування щодо запропонованого закону чи конституційної поправки.,d_clean,clean-pool (never flagged)
SB-0972,reflection,n.,відображення,Акт відображення або стан відображення.,d_clean,clean-pool (never flagged)
SB-0974,refuge,n.,притулок,"Місце, що забезпечує безпеку, захист або притулок.",d_clean,clean-pool (never flagged)
SB-0975,refusal,n.,відмова,Акт відмови.,d_clean,clean-pool (never flagged)
SB-0977,regardless,adv.,незалежно,Не звертаючи уваги на; ігнорування.,d_clean,clean-pool (never flagged)
SB-0979,regulator,n.,регулятор,"Пристрій, який контролює або обмежує щось.",d_clean,clean-pool (never flagged)
SB-0980,regulatory,adj.,регулятивний,Регулювання чи відношення до нього.,d_clean,clean-pool (never flagged)
SB-0981,rehabilitation,n.,реабілітація,Процес реабілітації когось або чогось.,d_clean,clean-pool (never flagged)
SB-0983,rejection,n.,відмова,Акт відхилення.,d_clean,clean-pool (never flagged)
SB-0984,relevance,n.,релевантність,Властивість або стан релевантності чи доречності.,d_clean,clean-pool (never flagged)
SB-0987,remainder,n.,залишок,"Частина або частини, що залишилися після того, як деякі були видалені або вже виникли.",d_clean,clean-pool (never flagged)
SB-0990,reminder,n.,нагадування,"Хтось або щось, що нагадує.",d_clean,clean-pool (never flagged)
SB-0993,renew,v.,відновити,Знову робити (щось) нове; для відновлення свіжості або початкового стану.,d_clean,clean-pool (never flagged)
SB-0995,rental,n.,оренда,Плата за оренду чогось.,d_clean,clean-pool (never flagged)
SB-0996,replacement,n.,заміна,"Особа або предмет, що займає місце іншого; замінник.",d_clean,clean-pool (never flagged)
SB-0999,reproduce,v.,відтворювати,Для створення або розмноження потомства або організмів статевим або нестатевим шляхом.,d_clean,clean-pool (never flagged)
SB-1000,reproduction,n.,відтворення,Акт біологічного відтворення нових особин.,d_clean,clean-pool (never flagged)
SB-1001,republic,n.,республіка,"Держава, де суверенітет належить народу або його представникам, а не монарху чи імператору; країна без монархії.",d_clean,clean-pool (never flagged)
SB-1003,reside,v.,проживати,Проживати постійно або на тривалий час; мати постійне місце проживання на час; залишатися надовго.,d_clean,clean-pool (never flagged)
SB-1006,residue,n.,залишок,"Те, що зберігається або залишається після видалення або усунення інших елементів.",d_clean,clean-pool (never flagged)
SB-1009,respective,adj.,відповідний,"Що стосується конкретних осіб або речей, кожен до кожного; особливий; власні.",d_clean,clean-pool (never flagged)
SB-1010,respectively,adv.,відповідно,"У відносний спосіб; часто використовується під час порівняння списків масивів, де цей термін означає, що елементи в списках відповідають один одному в тому порядку, в якому вони вказані.",d_clean,clean-pool (never flagged)
SB-1015,retrieve,v.,отримати,Отримати чи дістати щось назад; повернути собі.,c_known_open,"known-open-24 (SB-1015; in supplemental register, re-opened by PR#7 review)"
SB-1016,revelation,n.,одкровення,Акт виявлення або розголошення.,d_clean,clean-pool (never flagged)
SB-1018,reverse,v.,змінювати на протилежне; рухатися назад,"Змінювати напрям, порядок або результат на протилежний; також рухатися назад.",d_clean,clean-pool (never flagged)
SB-1020,revive,v.,оживити,"(фігуративно) Змусити (щось) вийти зі стану занепаду, занедбаності, забуття чи невідомості; знову зробити (щось) активним або жвавим; реанімувати, оживляти.",d_clean,clean-pool (never flagged)
SB-1022,rhetoric,n.,риторика,"Мистецтво використання мови, особливо публічних виступів, як засобу переконання.",d_clean,clean-pool (never flagged)
SB-1024,riot,n.,бунт,"Бурхливе порушення громадського порядку великою групою людей, що часто супроводжується насильством або пошкодженням майна.",d_clean,clean-pool (never flagged)
SB-1025,rip,v.,рвати; розривати,"Розділяти або відокремлювати частини (особливо чогось тендітного, наприклад, паперу чи тканини), розрізаючи чи розриваючи; гвалтом відірвати або вирвати.",d_clean,clean-pool (never flagged)
SB-1026,ritual,n.,ритуал,"обряд; повторюваний набір дій, особливо в релігійному контексті.",d_clean,clean-pool (never flagged)
SB-1031,rotation,n.,обертання,Акт повороту навколо центру або осі.,d_clean,clean-pool (never flagged)
SB-1033,rumour,n.,чутка,"Неперевірена інформація, яка поширюється між людьми.",d_clean,clean-pool (never flagged)
SB-1037,saint,n.,святий,"Померла особа, яку церква чи інша релігійна група офіційно визнала особливо святою чи благочестивою; один видатний для благочестя та чесноти.",d_clean,clean-pool (never flagged)
SB-1041,scattered,adj.,розкиданий,"Розпорошені, розбиті на роз'єднані одиниці.",d_clean,clean-pool (never flagged)
SB-1042,sceptical,adj.,скептичний,Схильний сумніватися в правдивості або обґрунтованості твердження.,d_clean,clean-pool (never flagged)
SB-1045,scrutiny,n.,перевірка,Інтенсивне вивчення когось або чогось.,d_clean,clean-pool (never flagged)
SB-1047,secular,adj.,світський,"Не особливо релігійний; світський або цивільний, на відміну від духовного.",d_clean,clean-pool (never flagged)
SB-1048,seemingly,adv.,здавалося б,Як з'являється; мабуть.,d_clean,clean-pool (never flagged)
SB-1049,segment,n.,сегмент,"Одна з частин, на яку природно поділяється або ділиться будь-яке тіло; розділена або відрізана частина; розділ; порція.",d_clean,clean-pool (never flagged)
SB-1051,seldom,adv.,рідко,"Нечасто, рідко.",d_clean,clean-pool (never flagged)
SB-1057,separation,n.,розділення,Акт роз'єднання двох або більше речей або умова роз'єднання.,d_clean,clean-pool (never flagged)
SB-1058,serial,adj.,серійний,Маючи відношення до або розташовані в ряд.,d_clean,clean-pool (never flagged)
SB-1060,set-up,n.,установка,"Спосіб організації або комплект обладнання, підготовлений для певної мети.",d_clean,clean-pool (never flagged)
SB-1062,shareholder,n.,акціонер,"Той, хто володіє акціями корпорації.",d_clean,clean-pool (never flagged)
SB-1063,shatter,v.,розбити,Сильно розбивати що-небудь на частини.,d_clean,clean-pool (never flagged)
SB-1065,sheer,adj.,чистий,прямо; повний; чистий.,d_clean,clean-pool (never flagged)
SB-1066,shipping,n.,доставка,Перевезення вантажів.,d_clean,clean-pool (never flagged)
SB-1068,shrink,v.,скорочуватися,Стати меншим; контрактувати.,d_clean,clean-pool (never flagged)
SB-1069,shrug,v.,знизати плечима,"Підняти (плечі), щоб висловити невпевненість, відсутність занепокоєння, (раніше) страх тощо.",d_clean,clean-pool (never flagged)
SB-1072,simulation,n.,моделювання,"Щось, що імітує систему чи середовище, щоб передбачити реальну поведінку.",d_clean,clean-pool (never flagged)
SB-1073,simultaneously,adv.,одночасно,Відбувається одночасно.,d_clean,clean-pool (never flagged)
SB-1074,sin,n.,гріх,Порушення божественної волі або релігійного закону.,d_clean,clean-pool (never flagged)
SB-1075,situated,adj.,розташований,Знаходиться в конкретному місці.,d_clean,clean-pool (never flagged)
SB-1076,sketch,n.,ескіз,"Швидко виконаний малюнок від руки, який не передбачається як закінчена робота, часто складається з безлічі ліній, що накладаються один на одного.",d_clean,clean-pool (never flagged)
SB-1078,slam,v.,грюкнути,"Закрити з раптовою силою, щоб створити удар і шум.",d_clean,clean-pool (never flagged)
SB-1081,slavery,n.,рабство,"Інститут або соціальна практика володіння людьми як власністю, особливо для використання в якості примусової праці.",d_clean,clean-pool (never flagged)
SB-1082,slot,n.,слот,"Вузька западина, перфорація або отвір; особливо, один для прийому шматка, що підходить або ковзає в нього.",d_clean,clean-pool (never flagged)
SB-1083,smash,v.,розбити,Сильно ламати (щось крихке).,d_clean,clean-pool (never flagged)
SB-1085,soak,v.,замочити,Насичуватися рідиною шляхом занурення в неї.,d_clean,clean-pool (never flagged)
SB-1086,soar,v.,парити,"Літати високо без зусиль, як птах.",d_clean,clean-pool (never flagged)
SB-1087,socialist,adj.,соціалістичний,"Відносно, підтримка чи пропаганда соціалізму.",d_clean,clean-pool (never flagged)
SB-1089,solely,adv.,виключно,поодинці; виключно.,d_clean,clean-pool (never flagged)
SB-1091,solidarity,n.,солідарність,"Узи єдності чи згоди між індивідами, об’єднаними навколо спільної мети або проти спільного ворога, як-от принцип об’єднання, який визначає робітничий рух; взаємопідтримка всередині групи.",d_clean,clean-pool (never flagged)
SB-1092,solo,"adj., n.",соло,"Робота або виконання, виконане однією особою.",d_clean,clean-pool (never flagged)
SB-1094,sovereignty,n.,суверенітет,"Нації чи іншого державного устрою: стан здатний контролювати ресурси, самостійно приймати закони та іншим чином керувати собою без примусу чи згоди інших держав.",d_clean,clean-pool (never flagged)
SB-1095,spam,n.,спам,Небажані масові електронні повідомлення.,d_clean,clean-pool (never flagged)
SB-1096,span,"v., n.",охоплювати; тривати,Протягнути через відстань між або впоперек.,d_clean,clean-pool (never flagged)
SB-1099,specialized,adj.,спеціалізований,Має високу кваліфікацію в конкретній галузі або спеціально адаптована до неї.,d_clean,clean-pool (never flagged)
SB-1100,specification,n.,специфікація,"Чіткий набір вимог, яким має задовольняти матеріал, продукт або послуга.",d_clean,clean-pool (never flagged)
SB-1101,specimen,n.,зразок,"Окремий екземпляр, який представляє клас; приклад.",d_clean,clean-pool (never flagged)
SB-1102,spectacle,n.,видовище,"Захоплююча або надзвичайна сцена, виставка, вистава тощо.",d_clean,clean-pool (never flagged)
SB-1108,spotlight,n.,центр уваги; прожектор,Центр уваги; головна або найважливіша частина.,d_clean,clean-pool (never flagged)
SB-1111,squad,n.,загін,"Група людей, організована для якоїсь спільної мети, зазвичай із десяти членів.",d_clean,clean-pool (never flagged)
SB-1112,squeeze,v.,стискати,Чинити тиск одночасно з двох або більше сторін.,d_clean,clean-pool (never flagged)
SB-1114,stability,n.,стабільність,"Умова стабільності або рівноваги, а отже, стійкості до змін.",d_clean,clean-pool (never flagged)
SB-1115,stabilize,v.,стабілізувати,Зробити стабільним.,d_clean,clean-pool (never flagged)
SB-1118,stark,adj.,разючий; суворий,"Простий на вигляд; безплідний, безлюдний.",d_clean,clean-pool (never flagged)
SB-1119,statistical,adj.,статистичний,Статистики або пов’язані зі статистикою.,d_clean,clean-pool (never flagged)
SB-1120,steer,v.,керувати,"Керувати курсом судна, транспортного засобу, літального апарату тощо (за допомогою такого пристрою, як стерно, весло або штурвал).",d_clean,clean-pool (never flagged)
SB-1122,stereotype,n.,стереотип,"Загальноприйняте, шаблонне та часто надто спрощене або перебільшене уявлення, думка чи образ (особи чи групи людей).",d_clean,clean-pool (never flagged)
SB-1123,stimulus,n.,стимул,"Зовнішнє явище, яке впливає на систему, викликаючи або змінюючи внутрішнє явище; наприклад, поштовх або стимул, який спонукає людину вжити заходів або змінити поведінку.",d_clean,clean-pool (never flagged)
SB-1124,stir,v.,ворушити,"Порушувати взаємне розташування частинок (рідини чи подібного), пропускаючи через них предмет.",d_clean,clean-pool (never flagged)
SB-1125,storage,n.,зберігання,Акт зберігання товару; стан зберігання.,d_clean,clean-pool (never flagged)
SB-1129,strategic,adj.,стратегічний,Відносно стратегії.,d_clean,clean-pool (never flagged)
SB-1131,strip (long narrow piece),n.,смужка (довгий вузький шматок),"Довгий і вузький шматок матеріалу, землі або іншої поверхні.",d_clean,clean-pool (never flagged)
SB-1133,strive,v.,прагнути,Намагатися досягти результату; докладати напружених зусиль; намагатися щиро й наполегливо.,d_clean,clean-pool (never flagged)
SB-1135,stumble,v.,спотикатися,Спіткнутися або впасти; незграбно ходити.,d_clean,clean-pool (never flagged)
SB-1136,stun,v.,оглушити,"Виводити з ладу; особливо, викликаючи дезорієнтацію або втрату свідомості.",d_clean,clean-pool (never flagged)
SB-1137,submission,n.,подання,Акт подання або надання напр. завершена робота.,d_clean,clean-pool (never flagged)
SB-1139,subscription,n.,підписка,"Доступ до ресурсу на певний період часу, як правило, платний.",d_clean,clean-pool (never flagged)
SB-1140,subsidy,n.,субсидія,"Фінансова підтримка або допомога, наприклад грант.",d_clean,clean-pool (never flagged)
SB-1141,substantial,adj.,істотний,"Великі за розміром, кількістю або вартістю; достатній; значний.",d_clean,clean-pool (never flagged)
SB-1144,substitution,n.,заміна,Акт заміщення або стан заміщення.,d_clean,clean-pool (never flagged)
SB-1149,successor,n.,наступник,"Особа або річ, яка безпосередньо слідує за іншою у займанні посади чи титулу.",d_clean,clean-pool (never flagged)
SB-1150,suck,v.,смоктати,"Використовувати рот і губи для втягування (рідини, особливо молока з грудей).",d_clean,clean-pool (never flagged)
SB-1151,sue,v.,судитися,"Подати судовий позов проти когось, як правило, некримінальний (цивільний) позов.",d_clean,clean-pool (never flagged)
SB-1152,suicide,n.,самогубство,Акт навмисного самогубства.,d_clean,clean-pool (never flagged)
SB-1155,superb,adj.,чудовий,Першокласний; найвищої якості; виключно добре.,d_clean,clean-pool (never flagged)
SB-1156,superior,adj.,вищий,"Вищий за рангом, статусом або якістю.",d_clean,clean-pool (never flagged)
SB-1158,supervision,n.,нагляд,Акт або випадок нагляду.,d_clean,clean-pool (never flagged)
SB-1162,supposedly,adv.,нібито,Як питання припущення; у переконаннях або згідно з твердженнями деяких людей.,d_clean,clean-pool (never flagged)
SB-1163,suppress,v.,придушити,"Покінчити, особливо силою, розчавити, знищити; забороняти, підкоряти.",d_clean,clean-pool (never flagged)
SB-1166,surgical,adj.,хірургічний,"Відносно, використовується під час хірургічного втручання або є результатом операції.",d_clean,clean-pool (never flagged)
SB-1168,surrender,v.,здатися,"Віддатися у владу іншого, особливо в полоні; подати або поступитися.",d_clean,clean-pool (never flagged)
SB-1171,suspicion,n.,підозра,"Дія підозрювати щось або когось, особливо в чомусь недобре.",d_clean,clean-pool (never flagged)
SB-1172,suspicious,adj.,підозрілий,Недовірливий або схильний підозрювати.,d_clean,clean-pool (never flagged)
SB-1175,sword,n.,меч,"Довга клинкова зброя з руків’ям і, як правило, навершям і поперечною гардою (разом утворюючи ефес), яка призначена для рубання, удару, рубання та/або рубання.",d_clean,clean-pool (never flagged)
SB-1176,symbolic,adj.,символічний,Непряме представлення або посилання на іншу річ.,d_clean,clean-pool (never flagged)
SB-1177,syndrome,n.,синдром,"Розпізнаваний зразок ознак, симптомів та/або поведінки, особливо хвороби, медичного чи психологічного стану.",d_clean,clean-pool (never flagged)
SB-1178,synthesis,n.,синтез,Утворення чогось складного або зв'язного шляхом поєднання більш простих речей.,d_clean,clean-pool (never flagged)
SB-1181,tactic,n.,тактика,"Маневр або дія, спрямована на досягнення якоїсь мети.",d_clean,clean-pool (never flagged)
SB-1183,taxpayer,n.,платник податків,"Особа, яка підлягає оподаткуванню, зобов’язана або сплачує податок.",d_clean,clean-pool (never flagged)
SB-1184,tempt,v.,спокусити,"Спровокувати когось на неправоту, особливо обіцяючи винагороду; заманювати.",d_clean,clean-pool (never flagged)
SB-1185,tenant,n.,орендар,"Той, хто має право оренди (найму).",d_clean,clean-pool (never flagged)
SB-1186,tender,adj.,ніжний,Чутливий або болючий на дотик.,d_clean,clean-pool (never flagged)
SB-1189,terminate,v.,припинити,"Закінчити щось, особливо коли воно залишилося в незавершеному стані.",d_clean,clean-pool (never flagged)
SB-1190,terrain,n.,місцевість; рельєф,Ділянка землі або її особливості.,d_clean,clean-pool (never flagged)
SB-1191,terrific,adj.,чудовий,"Надзвичайно добре; відмінно, дивовижно.",d_clean,clean-pool (never flagged)
SB-1192,testify,v.,свідчити,Робити заяву або давати свідчення під присягою.,d_clean,clean-pool (never flagged)
SB-1194,texture,n.,текстура,"Відчуття або форма поверхні або речовини; гладкість, шорсткість, м'якість і т. ін.",d_clean,clean-pool (never flagged)
SB-1200,thereby,adv.,тим самим,За ним; цим; таким чином або як наслідок цього.,d_clean,clean-pool (never flagged)
SB-1202,thought-provoking,adj.,що спонукає до роздумів,"Цікавий у такий спосіб, що ставить під сумнів чиїсь переконання, погляди чи точку зору.",d_clean,clean-pool (never flagged)
SB-1203,thread,n.,нитка,"Шнур, утворений шляхом прядіння або скручування разом текстильних волокон або ниток в одне або кілька безперервних ниток, зазвичай використовується в рукоділлі.",d_clean,clean-pool (never flagged)
SB-1207,tide,n.,приплив,"Добове коливання рівня моря, викликане гравітаційним впливом Місяця і Сонця.",d_clean,clean-pool (never flagged)
SB-1208,tighten,v.,затягувати,Зробити щільніше.,d_clean,clean-pool (never flagged)
SB-1209,timber,n.,деревина,Дерева в лісі розглядаються як джерело деревини.,d_clean,clean-pool (never flagged)
SB-1211,tobacco,n.,тютюн,"Листя Nicotiana tabacum та деяких інших видів культивують і збирають для виготовлення сигарет, сигар, нюхального тютюну, для куріння в трубках або для жування.",c_known_open,known-open-24 (seed-20260913; semantic-pedagogical-error)
SB-1212,tolerance,n.,толерантність,"Здатність або практика толерантності; прийняття або терпляче ставлення до переконань, думок або практики інших; відсутність фанатизму.",d_clean,clean-pool (never flagged)
SB-1217,toss,v.,кинути,Кидати з початковим напрямком вгору.,d_clean,clean-pool (never flagged)
SB-1219,toxic,adj.,токсичний,Сильно негативний або шкідливий.,d_clean,clean-pool (never flagged)
SB-1221,trademark,n.,товарний знак,"Слово, символ або фраза, які використовуються для ідентифікації продукту певної компанії та відрізняють його від продуктів інших компаній.",d_clean,clean-pool (never flagged)
SB-1223,trailer,n.,трейлер,"Безмоторний колісний транспортний засіб (не караван або кемпер), який буксирується позаду іншого та використовується для перевезення обладнання тощо, яке не можна перевозити на передньому транспортному засобі.",d_clean,clean-pool (never flagged)
SB-1224,transaction,n.,транзакція,"Обмін або торгівля ідеями, грошима, товарами тощо.",d_clean,clean-pool (never flagged)
SB-1225,transcript,n.,стенограма,"Щось, що було транскрибовано; письмо або твір, що складається з тих самих слів, що й оригінал; письмова копія.",d_clean,clean-pool (never flagged)
SB-1227,transit,n.,транзит,"Перевезення людей або товарів з одного місця в інше, особливо в системі громадського транспорту; транспортні засоби, що використовуються для таких перевезень.",d_clean,clean-pool (never flagged)
SB-1228,transmission,n.,передача,"Акт передачі, напр. даних (сигналів) або електроенергії.",d_clean,clean-pool (never flagged)
SB-1229,transparency,n.,прозорість,відкритість; доступність для перевірки.,d_clean,clean-pool (never flagged)
SB-1232,treaty,n.,договір,"Формальна обов'язкова угода, укладена суб'єктами міжнародного права, а саме державами та міжнародними організаціями; конвенція, пакт.",d_clean,clean-pool (never flagged)
SB-1234,tribal,adj.,племінний,Що стосується племен.,d_clean,clean-pool (never flagged)
SB-1235,tribunal,n.,трибунал,"Збори, до складу яких входять один або більше суддів для ведення судових справ; суд.",d_clean,clean-pool (never flagged)
SB-1236,tribute,n.,данина,"Визнання вдячності, поваги чи захоплення; супутній подарунок.",d_clean,clean-pool (never flagged)
SB-1238,trio,n.,тріо,Група з трьох людей або речей.,d_clean,clean-pool (never flagged)
SB-1239,triumph,n.,тріумф,"Переконливий успіх після зусиль, конфлікту або зіткнення з перешкодами; перемога; завоювання.",d_clean,clean-pool (never flagged)
SB-1240,trophy,n.,трофей,"Предмет, як правило, у формі статуетки, кубка або щита, який вручається за успіх у змаганнях або для відзначення особливого досягнення.",d_clean,clean-pool (never flagged)
SB-1241,troubled,adj.,стурбований,"Тривожний, стурбований, змучений турботами.",d_clean,clean-pool (never flagged)
SB-1242,trustee,n.,довірена особа,"Особа, якій юридично передано майно в довірчу власність, що використовується або на користь певних осіб (бенефіціарів), або для суспільних потреб; той, кому довірено майно на користь іншого.",d_clean,clean-pool (never flagged)
SB-1244,turnout,n.,явка,"Кількість або частка людей, які відвідують або беруть участь у події (особливо у виборах) або присутні на місці проведення.",d_clean,clean-pool (never flagged)
SB-1245,turnover,n.,оборот,"Сума грошей, прийнята як продажі, здійснені за певний період.",d_clean,clean-pool (never flagged)
SB-1246,twist,"v., n.",крутити,"Повертати кінці чого-небудь, зазвичай нитки, мотузки тощо, у протилежних напрямках, часто із застосуванням сили.",d_clean,clean-pool (never flagged)
SB-1247,undergraduate,n.,студент,"Студент університету, який ще не отримав наукового ступеня.",d_clean,clean-pool (never flagged)
SB-1249,undermine,v.,підривати,"Послаблювати або діяти проти; перешкоджати, саботувати.",d_clean,clean-pool (never flagged)
SB-1250,undoubtedly,adv.,безсумнівно,Без сумніву; однозначно.,d_clean,clean-pool (never flagged)
SB-1252,unprecedented,adj.,безпрецедентний,"Ніколи раніше не бачив, не робив і не відчував; без прецеденту.",d_clean,clean-pool (never flagged)
SB-1253,unveil,v.,розкрити,Зняти вуаль з; розкривати; виявити щось приховане.,d_clean,clean-pool (never flagged)
SB-1254,upcoming,adj.,майбутній,Відбудеться або з'явиться у відносно близькому майбутньому.,d_clean,clean-pool (never flagged)
SB-1255,upgrade,"v., n.",оновлення,"Поліпшення, як правило, застосовується до технології, як правило, шляхом повної заміни одного або кількох компонентів.",d_clean,clean-pool (never flagged)
SB-1258,utilize,v.,використовувати,Практично використовувати щось для певної мети.,d_clean,clean-pool (never flagged)
SB-1260,vacuum,n.,вакуум,"Область простору, яка не містить матерії.",d_clean,clean-pool (never flagged)
SB-1263,vanish,v.,зникати,Стати невидимим або непомітно зникнути з поля зору.,d_clean,clean-pool (never flagged)
SB-1266,vein,n.,вена,"Кровоносна судина, яка транспортує кров з капілярів назад до серця.",d_clean,clean-pool (never flagged)
SB-1270,verify,v.,перевірити,Щоб підтвердити або перевірити правдивість або точність чогось.,d_clean,clean-pool (never flagged)
SB-1273,vessel,n.,судно,"Судно для пересування по воді, повітрі або в космосі.",d_clean,clean-pool (never flagged)
SB-1274,veteran,n.,ветеран,"Людина, яка служила в збройних силах, особливо старий солдат, який бачив довгу службу.",d_clean,clean-pool (never flagged)
SB-1275,viable,adj.,життєздатний,"Можна зробити, можливо, практично, здійсненно.",d_clean,clean-pool (never flagged)
SB-1277,vice,n.,порок,Погана або аморальна поведінка.,d_clean,clean-pool (never flagged)
SB-1280,violate,v.,порушувати,Порушувати або нехтувати (правилом або конвенцією).,d_clean,clean-pool (never flagged)
SB-1282,virtue,n.,чеснота,Відповідність моральним принципам; відповідність поведінки чи думки вимогам моралі; хороша моральна поведінка.,d_clean,clean-pool (never flagged)
SB-1288,warehouse,n.,склад,"Місце для зберігання великої кількості продуктів. У логістиці це місце, куди продукти надходять від виробника до роздрібного продавця.",d_clean,clean-pool (never flagged)
SB-1289,warfare,n.,війна,Ведення війни або збройного конфлікту проти ворога.,d_clean,clean-pool (never flagged)
SB-1291,warrior,n.,воїн,"Людина, яка активно бере участь у битві, конфлікті чи війні; солдат чи комбатант.",d_clean,clean-pool (never flagged)
SB-1292,weaken,v.,ослабити,Зробити слабшим або менш сильним.,d_clean,clean-pool (never flagged)
SB-1293,weave,v.,плести,Сформувати щось шляхом пропускання відрізків або ниток матеріалу один під одним.,d_clean,clean-pool (never flagged)
SB-1302,widen,v.,розширити,Зробити широким або ширшим.,d_clean,clean-pool (never flagged)
SB-1303,widow,n.,вдова,"Особа, яка втратила чоловіка і не одружилася повторно:",d_clean,clean-pool (never flagged)
SB-1304,width,n.,ширина,Вимірювання розміру чого-небудь з боку в бік.,d_clean,clean-pool (never flagged)
SB-1310,worship,"n., v.",поклоніння,Шанувати (божество тощо) з найвищою пошаною та шануванням; виконувати релігійні вправи на честь.,d_clean,clean-pool (never flagged)
SB-1311,worthwhile,adj.,вартий,"Хороший і достатньо важливий, щоб витратити на нього час, зусилля чи гроші.",d_clean,clean-pool (never flagged)
SB-1312,worthy,adj.,гідний,"Мати цінність, заслуги або цінність.",d_clean,clean-pool (never flagged)
SB-1316,analysis,word family,аналіз,"Розкладання на компоненти з метою вивчення (складна річ, концепція, теорія тощо).",d_clean,clean-pool (never flagged)
SB-1322,available,word family,доступний; наявний,Легко доступний.,d_clean,clean-pool (never flagged)
SB-1324,concept,word family,поняття; концепція,Абстрактна і загальна ідея; абстракція.,d_clean,clean-pool (never flagged)
SB-1325,consistent,word family,послідовний; узгоджений; сталий,"Регулярного, надійного характеру.",d_clean,clean-pool (never flagged)
SB-1327,contract,word family,договір; укладати контракт; скорочуватися,"Угода між двома чи більше сторонами про виконання певної роботи або замовлення, часто тимчасова або на фіксований термін і зазвичай регулюється письмовою угодою.",d_clean,clean-pool (never flagged)
SB-1329,data,word family,дані,"Матеріал, записаний і відомий або прийнятий як факти та використаний як основа для міркувань, обговорень або обчислень, представлений у формі чисел і зазвичай структурований (наприклад, статистика).",d_clean,clean-pool (never flagged)
SB-1330,definition,word family,визначення,"Виклад значення слова, групи слів, знака чи символу; особливо словникове визначення.",d_clean,clean-pool (never flagged)
SB-1332,distribution,word family,розподіл; поширення,Акт розповсюдження або стан розповсюдження.,d_clean,clean-pool (never flagged)
SB-1333,economic,word family,економічний,Що стосується економіки.,d_clean,clean-pool (never flagged)
SB-1335,established,word family,встановлений; усталений,"Існуючи протягом тривалого часу, тому визнаний і загальновизнаний.",d_clean,clean-pool (never flagged)
SB-1337,evidence,word family,докази; свідчення,"Факти або спостереження, представлені на підтримку твердження.",d_clean,clean-pool (never flagged)
SB-1338,export,word family,експорт; експортувати,Акт вивезення.,d_clean,clean-pool (never flagged)
SB-1339,factors,word family,чинники; фактори,"Один із елементів, обставин або впливів, які сприяють досягненню результату.",d_clean,clean-pool (never flagged)
SB-1340,financial,word family,фінансовий,Пов'язані з фінансами.,d_clean,clean-pool (never flagged)
SB-1341,function,word family,функція; функціонувати,Що щось робить або для чого використовується.,d_clean,clean-pool (never flagged)
SB-1342,identified,word family,визначений; ідентифікований,"Розпізнаний або визначений як конкретна особа, річ чи явище.",d_clean,clean-pool (never flagged)
SB-1345,individual,word family,окремий; індивідуальний; особа,"Людина, яку вважають самотньою, а не приналежною до групи людей.",d_clean,clean-pool (never flagged)
SB-1346,interpretation,word family,тлумачення; інтерпретація,Акт тлумачення або пояснення чогось незрозумілого; переклад; версія.,d_clean,clean-pool (never flagged)
SB-1348,issues,word family,питання; проблеми,"Важливі питання або проблеми, які потребують обговорення чи розв’язання.",d_clean,clean-pool (never flagged)
SB-1349,labour,word family,праця; робоча сила,"Зусилля, витрачені на певне завдання; трудитися, працювати.",d_clean,clean-pool (never flagged)
SB-1350,legal,word family,правовий; юридичний,Що стосується права або юристів.,d_clean,clean-pool (never flagged)
SB-1352,method,word family,метод,"Процес, за допомогою якого виконується завдання; спосіб виконання чогось (з наступним додаванням, до або для мети процесу).",d_clean,clean-pool (never flagged)
SB-1353,occur,word family,відбуватися; траплятися,Відбутися або мати місце.,d_clean,clean-pool (never flagged)
SB-1354,percent,word family,відсоток,"На кожну сотню (використовується з попереднім числівником для утворення іменника, що виражає пропорцію).",d_clean,clean-pool (never flagged)
SB-1356,policy,word family,політика; стратегічний курс,"Принцип поведінки, який суб’єкт (уряд, організація тощо) застосовує або прагне дотримуватися, особливо якщо формально виражено авторитетним органом.",d_clean,clean-pool (never flagged)
SB-1357,principle,word family,принцип,Фундаментальне припущення або керівне переконання.,d_clean,clean-pool (never flagged)
SB-1358,procedure,word family,процедура,Конкретний спосіб виконання завдання.,d_clean,clean-pool (never flagged)
SB-1359,process,word family,процес; обробляти,"Низка подій, що призводять до результату або продукту.",d_clean,clean-pool (never flagged)
SB-1361,research,word family,дослідження; досліджувати,"Старанне розслідування або перевірка з метою пошуку або перегляду фактів, принципів, теорій, застосувань тощо (які наразі доступні або знайомі).",d_clean,clean-pool (never flagged)
SB-1363,role,word family,роль,Очікувана поведінка індивіда в суспільстві.,d_clean,clean-pool (never flagged)
SB-1366,significant,word family,значний; суттєвий,Має помітний або великий ефект.,d_clean,clean-pool (never flagged)
SB-1368,source,word family,джерело,"Особа, місце або предмет, звідки щось (інформація, товари тощо) надходить або отримується.",d_clean,clean-pool (never flagged)
SB-1369,specific,word family,конкретний; специфічний,Явний або певний.,d_clean,clean-pool (never flagged)
SB-1370,structure,word family,структура; структурувати,"Згуртоване ціле, що складається з окремих частин.",d_clean,clean-pool (never flagged)
SB-1371,theory,word family,теорія,"Послідовне твердження або набір ідей, які пояснюють спостережувані факти чи явища та правильно передбачають нові факти чи явища, які раніше не спостерігалися, або які встановлюють закони та принципи чогось відомого чи спос...",d_clean,clean-pool (never flagged)
SB-1373,achieve,word family,досягти,Успішно виконувати; виконати.,d_clean,clean-pool (never flagged)
SB-1374,administration,word family,адміністрування,Акт адміністрування; управління громадськими справами; надані послуги або взяті на себе обов'язки у веденні справ; ведення будь-якої посади чи роботи; напрямок.,d_clean,clean-pool (never flagged)
SB-1375,affect,word family,впливати,Впливати або змінювати.,d_clean,clean-pool (never flagged)
SB-1377,aspects,word family,аспекти,"Будь-яка конкретна особливість, частина або елемент чогось.",d_clean,clean-pool (never flagged)
SB-1379,categories,word family,категорії,"Групи, до яких об’єднують речі з подібними властивостями.",d_clean,clean-pool (never flagged)
SB-1380,chapter,word family,розділ,"Один із основних розділів, на який поділяється опублікований твір, особливо книга.",d_clean,clean-pool (never flagged)
SB-1381,commission,word family,комісія,"Комісія, яку стягує агент або брокер за здійснення операції.",d_clean,clean-pool (never flagged)
SB-1382,community,word family,громада,"Група, що має спільні характеристики, такі як одна мова, закон, релігія чи традиція.",d_clean,clean-pool (never flagged)
SB-1384,computer,word family,комп'ютер,"Програмований електронний пристрій, який виконує математичні обчислення та логічні операції, особливо той, який може дуже швидко обробляти, зберігати та отримувати великі обсяги даних;",d_clean,clean-pool (never flagged)
SB-1385,conclusion,word family,висновок,"Кінець, завершення, закриття або остання частина чогось.",d_clean,clean-pool (never flagged)
SB-1386,conduct,word family,поведінка,Поведінка; манера поводитися.,d_clean,clean-pool (never flagged)
SB-1388,construction,word family,будівництво,Процес конструювання.,d_clean,clean-pool (never flagged)
SB-1391,cultural,word family,культурний,Що стосується культури.,d_clean,clean-pool (never flagged)
SB-1392,design,word family,дизайн,"План (з більшою чи меншою кількістю деталей) структури та функцій артефакту, будівлі чи системи.",d_clean,clean-pool (never flagged)
SB-1394,evaluation,word family,оцінка,"Оцінка, як-от щорічна перевірка продуктивності персоналу, яка використовується як основа для підвищення зарплати чи премії, або короткий опис конкретної ситуації.",d_clean,clean-pool (never flagged)
SB-1397,focus,word family,фокус,Концентрація уваги.,d_clean,clean-pool (never flagged)
SB-1398,impact,word family,вплив,Значний або сильний вплив чи ефект.,d_clean,clean-pool (never flagged)
SB-1399,injury,word family,травма,Пошкодження тіла живої істоти.,d_clean,clean-pool (never flagged)
SB-1400,institute,word family,інститут,"Організація, заснована для просування справи",d_clean,clean-pool (never flagged)
SB-1401,investment,word family,інвестиції,Розміщення капіталу в очікуванні отримання доходу чи прибутку від його використання чи підвищення вартості.,d_clean,clean-pool (never flagged)
SB-1403,journal,word family,журнал,Періодичне видання з академічними чи професійними статтями; також особистий щоденник.,d_clean,clean-pool (never flagged)
SB-1405,obtained,word family,отримано,"Отриманий, здобутий або набутий певним способом.",d_clean,clean-pool (never flagged)
SB-1410,previous,word family,попередній,"попередній; що відбувається перед чимось іншим, у часі чи порядку.",d_clean,clean-pool (never flagged)
SB-1411,primary,word family,первинний,Перший або найраніший у групі чи серії.,d_clean,clean-pool (never flagged)
SB-1414,region,word family,область,"Будь-яка значна і зв'язана частина простору або поверхні; зокрема, ділянка землі чи моря значної, але невизначеної протяжності; країна; район;",d_clean,clean-pool (never flagged)
SB-1415,regulations,word family,нормативні акти,"Закон або адміністративне правило, видане організацією, яке використовується для керівництва чи приписування поведінки членів цієї організації.",d_clean,clean-pool (never flagged)
SB-1418,resources,word family,ресурси,"Щось, що використовується для досягнення мети, напр. сировини або персоналу.",d_clean,clean-pool (never flagged)
SB-1422,select,word family,вибрати,"Вибрати один або кілька елементів набору, особливо набору опцій.",d_clean,clean-pool (never flagged)
SB-1424,strategies,word family,стратегії,"План дій, спрямований на досягнення конкретної мети.",d_clean,clean-pool (never flagged)
SB-1430,circumstances,word family,обставини,"Умови та факти, які впливають на ситуацію або подію.",d_clean,clean-pool (never flagged)
SB-1431,comments,word family,коментарі,Усне або письмове зауваження.,d_clean,clean-pool (never flagged)
SB-1432,components,word family,компоненти,"Менша самодостатня частина більшої сутності. Часто стосується виготовленого об’єкта, який є частиною більшого пристрою.",d_clean,clean-pool (never flagged)
SB-1434,constant,word family,постійний,Незмінний у часі чи просторі; постійний.,d_clean,clean-pool (never flagged)
SB-1436,contribution,word family,внесок,"Щось дане або запропоноване, що додає до більшого цілого.",d_clean,clean-pool (never flagged)
SB-1438,core,word family,ядро,У загальному вживанні суттєва частина речі в оточенні інших істотних речей.,d_clean,clean-pool (never flagged)
SB-1439,corporate,word family,корпоративний,Що стосується корпорації.,d_clean,clean-pool (never flagged)
SB-1442,demonstrate,word family,продемонструвати,"Показувати, демонструвати або представляти; довести або зробити очевидним",d_clean,clean-pool (never flagged)
SB-1443,document,word family,документ,"Оригінал або офіційний документ, який використовується як основа, доказ або підтримка будь-чого іншого, включаючи будь-який письмовий документ, книгу чи інший документ, що передає інформацію, що має відношення до такого до...",d_clean,clean-pool (never flagged)
SB-1445,emphasis,word family,наголос,"Особлива вага чи сила, що надається чомусь, що вважається важливим.",d_clean,clean-pool (never flagged)
SB-1450,illustrated,word family,ілюстрований,Містить ілюстрації.,d_clean,clean-pool (never flagged)
SB-1451,immigration,word family,імміграція,"Акт імміграції; переїзд або в'їзд до країни, у якій людина не народилася, з метою постійного проживання.",d_clean,clean-pool (never flagged)
SB-1452,implies,word family,передбачає,Пропонується без прямого вказівки; причетні або натякані.,d_clean,clean-pool (never flagged)
SB-1455,interaction,word family,взаємодія,Розмова або обмін між людьми.,d_clean,clean-pool (never flagged)
SB-1456,layer,word family,шар,"Одна товщина якогось матеріалу, що покриває поверхню.",d_clean,clean-pool (never flagged)
SB-1457,link,word family,посилання,"Зв’язок між місцями, людьми, подіями, речами чи ідеями.",d_clean,clean-pool (never flagged)
SB-1458,location,word family,розташування,Конкретна точка або місце у фізичному просторі.,d_clean,clean-pool (never flagged)
SB-1459,maximum,word family,максимум,Найвища межа.,d_clean,clean-pool (never flagged)
SB-1461,negative,word family,негативний,Не позитивний або нейтральний; поганий; небажаний; несприятливий.,d_clean,clean-pool (never flagged)
SB-1462,outcomes,word family,результати,"Те, що виробляється або відбувається в результаті події чи процесу.",d_clean,clean-pool (never flagged)
SB-1463,partnership,word family,партнерство,Об’єднання двох або більше осіб для ведення бізнесу.,d_clean,clean-pool (never flagged)
SB-1464,philosophy,word family,філософія,"Академічна дисципліна, яка шукає істину через міркування, а не через емпіризм, часто намагаючись надати пояснення щодо загальних понять, таких як існування та раціональність.",c_known_open,known-open-24 (seed-20260913; semantic-pedagogical-error)
SB-1465,physical,word family,фізичний,"Відноситься до світу, як його розуміють почуттями, а не розумом; матеріальний, конкретний; справжній. Має відношення до матеріального світу.",d_clean,clean-pool (never flagged)
SB-1466,proportion,word family,пропорція,"Кількість чогось, що є частиною цілої суми або числа.",d_clean,clean-pool (never flagged)
SB-1468,reaction,word family,реакція,Дія або твердження у відповідь на стимул або іншу подію.,d_clean,clean-pool (never flagged)
SB-1469,registered,word family,зареєстрований,Внесення свого імені до офіційного списку або внесення до реєстру.,d_clean,clean-pool (never flagged)
SB-1472,scheme,word family,схема,Систематичний план майбутніх дій.,d_clean,clean-pool (never flagged)
SB-1473,sequence,word family,послідовність,Набір речей поруч один з одним у встановленому порядку; серія.,d_clean,clean-pool (never flagged)
SB-1476,specified,word family,зазначено,Ретельно пояснено.,d_clean,clean-pool (never flagged)
SB-1477,sufficient,word family,достатній,"Достатнього типу або виду, який задовольняє вимоги чи потреби.",d_clean,clean-pool (never flagged)
SB-1478,task,word family,завдання,"Частина роботи, яка виконується як частина обов’язків.",d_clean,clean-pool (never flagged)
SB-1479,technical,word family,технічний,Технології або пов’язані з ними.,d_clean,clean-pool (never flagged)
SB-1480,techniques,word family,техніки,"Спосіб досягнення чогось або здійснення чогось, особливо такий, що вимагає певних навичок або знань.",d_clean,clean-pool (never flagged)
SB-1481,technology,word family,технології,"Будь-які корисні навички чи механізми, які люди розробили чи винайшли (зокрема, у донаукові епохи).",d_clean,clean-pool (never flagged)
SB-1482,volume,word family,обсяг,"Тривимірна міра простору, яка складається з довжини, ширини та висоти. Він вимірюється в одиницях кубічних сантиметрів у метричних, кубічних дюймах або кубічних футах в англійській мові.",d_clean,clean-pool (never flagged)
SB-1484,adequate,word family,адекватний,Дорівнює або виконує певну вимогу.,d_clean,clean-pool (never flagged)
SB-1485,annual,word family,річний,Відбувається раз на рік.,d_clean,clean-pool (never flagged)
SB-1487,approximated,word family,наближений,Розраховується наближено,d_clean,clean-pool (never flagged)
SB-1491,code,word family,код,"Інструкція до комп'ютера, написана мовою програмування; вхідні дані транслятора, інтерпретатора або браузера, а саме: вихідний код, машинний код, байт-код.",d_clean,clean-pool (never flagged)
SB-1493,communication,word family,спілкування,Концепція або стан обміну даними чи інформацією між об’єктами.,d_clean,clean-pool (never flagged)
SB-1494,concentration,word family,концентрація,"Дія, процес або здатність концентрації; процес зосередження або стан зосередженості.",d_clean,clean-pool (never flagged)
SB-1495,conference,word family,конференції,"Офіційний захід, на якому науковці презентують результати своїх досліджень у промовах, семінарах, плакатах або іншими засобами.",d_clean,clean-pool (never flagged)
SB-1496,contrast,word family,контраст,"Різниця між двома об’єктами, людьми чи поняттями.",d_clean,clean-pool (never flagged)
SB-1497,cycle,word family,цикл,"Процес, який повертається до свого початку, а потім повторюється в тій же послідовності.",d_clean,clean-pool (never flagged)
SB-1498,debate,word family,дебати,"Аргумент або дискусія, як правило, в упорядкованій або офіційній обстановці, часто за участю більше двох осіб, яка зазвичай закінчується голосуванням або іншим рішенням.",d_clean,clean-pool (never flagged)
SB-1500,dimensions,word family,розміри,Вимірювані характеристики розміру; також окремі аспекти складного питання.,d_clean,clean-pool (never flagged)
SB-1502,emerged,word family,виник,Прийти в поле зору.,d_clean,clean-pool (never flagged)
SB-1503,error,word family,помилка,"помилка; випадкова неправильна дія або неправдива заява, зроблена не навмисно.",d_clean,clean-pool (never flagged)
SB-1507,hence,word family,отже,"В результаті; отже, з цієї причини.",d_clean,clean-pool (never flagged)
SB-1508,hypothesis,word family,гіпотеза,"Попереднє припущення, що пояснює спостереження, явище чи наукову проблему, яке можна перевірити шляхом подальших спостережень, досліджень або експериментів.",d_clean,clean-pool (never flagged)
SB-1509,implications,word family,наслідки,Можливий або непрямий ефект або результат рішення чи дії.,d_clean,clean-pool (never flagged)
SB-1510,imposed,word family,нав'язаний,викладено авторитетно як обов'язкові,d_clean,clean-pool (never flagged)
SB-1511,internal,word family,внутрішній,З або розташована всередині.,d_clean,clean-pool (never flagged)
SB-1513,job,word family,робота,завдання.,d_clean,clean-pool (never flagged)
SB-1515,mechanism,word family,механізм,"Будь-який механічний засіб для перетворення або керування рухом, або передачі чи керування потужністю.",d_clean,clean-pool (never flagged)
SB-1516,obvious,word family,очевидний,"Легко відкрити, побачити або зрозуміти; зрозумілий сам за себе.",d_clean,clean-pool (never flagged)
SB-1518,option,word family,варіант,"Один із набору варіантів, які можна зробити.",d_clean,clean-pool (never flagged)
SB-1520,overall,word family,в цілому,Загалом; з урахуванням усього.,d_clean,clean-pool (never flagged)
SB-1521,parallel,word family,паралельний,У всіх точках однаково віддалені один від одного.,d_clean,clean-pool (never flagged)
SB-1522,parameters,word family,параметри,"Значення, яке залишається постійним під час експерименту, рівняння, розрахунку чи подібного, але змінюється в інших версіях експерименту, рівняння, розрахунку тощо.",d_clean,clean-pool (never flagged)
SB-1523,phase,word family,фаза,"Визначна частина послідовності або циклу, що відбувається з часом.",d_clean,clean-pool (never flagged)
SB-1524,predicted,word family,передбачив,відомо заздалегідь,d_clean,clean-pool (never flagged)
SB-1525,prior,word family,попередній,"Прихід раніше за порядком або часом; раніше, колишній, попередній.",d_clean,clean-pool (never flagged)
SB-1527,project,word family,проект,"Запланована спроба, як правило, з конкретною метою, яка виконується в кілька кроків або етапів.",d_clean,clean-pool (never flagged)
SB-1530,retained,word family,зберігається,"продовжується у вашому зберіганні, використанні чи пам’яті",d_clean,clean-pool (never flagged)
SB-1532,statistics,word family,статистика,"Систематичний збір даних вимірювань або спостережень, часто пов’язаних із демографічною інформацією, такою як підрахунок населення, доходи, підрахунок населення в різному віці тощо.",d_clean,clean-pool (never flagged)
SB-1533,status,word family,статус,"Стан, положення або становище людини відносно інших.",d_clean,clean-pool (never flagged)
SB-1534,stress,word family,стрес,"Емоційний тиск, який відчуває людина чи інша тварина.",d_clean,clean-pool (never flagged)
SB-1536,sum,word family,сума,"Величина, отримана додаванням або агрегацією.",d_clean,clean-pool (never flagged)
SB-1539,academic,word family,академічний,"Належність до академії чи іншого вищого навчального закладу, наукового товариства чи організації.",d_clean,clean-pool (never flagged)
SB-1540,alter,word family,змінювати,Щоб змінити форму або структуру.,d_clean,clean-pool (never flagged)
SB-1542,capacity,word family,місткість,"Здатність утримувати, приймати або поглинати.",d_clean,clean-pool (never flagged)
SB-1544,clause,word family,пункт,"Група слів, яка містить підмет і дієслово; це може бути частиною речення або може становити все речення, залежно від синтаксису в кожному випадку.",d_clean,clean-pool (never flagged)
SB-1545,compounds,word family,сполуки,"Все, що зроблено шляхом поєднання кількох речей.",d_clean,clean-pool (never flagged)
SB-1546,conflict,word family,конфлікт,"Зіткнення або розбіжності, часто насильницькі, між двома чи більше протиборчими групами чи особами.",d_clean,clean-pool (never flagged)
SB-1547,contact,word family,контакт,Встановлення зв'язку (з).,d_clean,clean-pool (never flagged)
SB-1552,entities,word family,сутності,"Те, що існує як окрема одиниця, часто використовується для організацій, які не мають фізичної форми.",d_clean,clean-pool (never flagged)
SB-1554,evolution,word family,еволюція,Процес розвитку.,d_clean,clean-pool (never flagged)
SB-1555,expansion,word family,розширення,"Дія, процес або випадок розширення.",d_clean,clean-pool (never flagged)
SB-1557,external,word family,зовнішній,Поза чим-небудь; на зовнішній вигляд.,d_clean,clean-pool (never flagged)
SB-1558,fundamental,word family,фундаментальний,Основний; надзвичайно важливо.,d_clean,clean-pool (never flagged)
SB-1559,generated,word family,створений,Приводити в життя; породжувати.,d_clean,clean-pool (never flagged)
SB-1560,generation,word family,покоління,"Група людей, які народилися в певний період років і члени якої можуть мати культурні стосунки один з одним.",d_clean,clean-pool (never flagged)
SB-1561,image,word family,зображення,Візуальне чи інше зображення зовнішньої форми чогось у мистецтві.,d_clean,clean-pool (never flagged)
SB-1562,licence,word family,ліцензія,"Офіційний дозвіл на певну діяльність, володіння або використання чогось.",d_clean,clean-pool (never flagged)
SB-1563,medical,word family,медичний,Про медичну практику або пов’язану з нею.,d_clean,clean-pool (never flagged)
SB-1564,mental,word family,психічний,Що стосується розуму чи конкретно повної емоційної та інтелектуальної реакції індивіда на зовнішню реальність.,d_clean,clean-pool (never flagged)
SB-1565,modified,word family,змінений,змінений; змінено,d_clean,clean-pool (never flagged)
SB-1566,monitoring,word family,моніторинг,"Здійснення спостереження за навколишнім середовищем чи людьми або безперервне чи регулярне спостереження за ними з метою виявлення сигналів, рухів або змін стану чи якості.",d_clean,clean-pool (never flagged)
SB-1568,notion,word family,поняття,"Ментальне сприйняття всього, що можна знати, думати або уявляти; ідея, концепція.",d_clean,clean-pool (never flagged)
SB-1570,perspective,word family,перспектива,"Вибір єдиного ракурсу або точки зору, з якої можна відчути, класифікувати, виміряти або кодифікувати досвід.",d_clean,clean-pool (never flagged)
SB-1573,psychology,word family,психологія,Вивчення людського розуму.,d_clean,clean-pool (never flagged)
SB-1575,rejected,word family,відхилено,Відхилений або не прийнятий після розгляду.,d_clean,clean-pool (never flagged)
SB-1576,revenue,word family,дохід,"Загальний дохід, отриманий із певного джерела.",d_clean,clean-pool (never flagged)
SB-1579,target,word family,мета,Ціль або завдання.,d_clean,clean-pool (never flagged)
SB-1580,transition,word family,перехід,"Процес зміни однієї форми, стану, стилю чи місця в інше.",d_clean,clean-pool (never flagged)
SB-1582,version,word family,версія,Певна форма або варіація чогось.,d_clean,clean-pool (never flagged)
SB-1585,abstract,word family,анотація,Скорочення або підсумок більшої публікації.,d_clean,clean-pool (never flagged)
SB-1590,attached,word family,додається,Підключений; приєднався.,d_clean,clean-pool (never flagged)
SB-1591,author,word family,автор,"Автор або творець твору, особливо літературного твору; або один із творців спільного твору.",d_clean,clean-pool (never flagged)
SB-1593,brief,word family,короткий,Короткочасний; відбувається швидко.,d_clean,clean-pool (never flagged)
SB-1594,capable,word family,здатний,"Умілий та ефективний; наявність здібностей, необхідних для конкретного завдання; наявність бажання щось зробити; дозволяти або бути сприйнятливим до чогось.",d_clean,clean-pool (never flagged)
SB-1597,diversity,word family,різноманітність,Якість різноманітності або відмінності; відмінність чи несхожість.,d_clean,clean-pool (never flagged)
SB-1598,edition,word family,видання,"Повна кількість примірників твору, надрукованого та виданого за один раз.",d_clean,clean-pool (never flagged)
SB-1599,enhanced,word family,посилений,"У версії або формі, яка була вдосконалена або краща за іншу стандартну форму.",d_clean,clean-pool (never flagged)
SB-1601,exceed,word family,перевищувати,Виходити за (якусь межу); перевершити; бути довшим ніж.,d_clean,clean-pool (never flagged)
SB-1602,expert,word family,експерт,Людина з широкими знаннями або здібностями в певній темі.,d_clean,clean-pool (never flagged)
SB-1603,federal,word family,федеральний,"Відноситься до рівня національного уряду у федеративній країні, на відміну від рівня штату, провінції, округу, міста чи селища.",d_clean,clean-pool (never flagged)
SB-1606,gender,word family,стать,"Ідентифікація як чоловіка, жінки чи чогось іншого та асоціація з (соціальною) роллю або набором поведінкових і культурних рис, одягу тощо; категорія, до якої за цією ознакою належить особа.",d_clean,clean-pool (never flagged)
SB-1608,incentive,word family,стимул,"Щось, що мотивує, збуджує або заохочує.",d_clean,clean-pool (never flagged)
SB-1610,index,word family,індекс,Алфавітний список предметів і їх розташування.,d_clean,clean-pool (never flagged)
SB-1613,input,word family,введення,"Дані, що вводяться в процес, мають намір формувати чи впливати на результат цього процесу.",d_clean,clean-pool (never flagged)
SB-1614,instructions,word family,інструкції,"Вказівки, які пояснюють, що або як потрібно зробити.",d_clean,clean-pool (never flagged)
SB-1615,intelligence,word family,інтелект,"Здатність розуму, особливо розуміти принципи, істини, факти чи значення, здобувати знання та застосовувати їх на практиці; здатність осягати і вчитися;",d_clean,clean-pool (never flagged)
SB-1617,lecture,word family,лекція,"Розмовний урок або експозиція, як правило, для групи.",d_clean,clean-pool (never flagged)
SB-1618,minimum,word family,мінімум,Найменша сума.,d_clean,clean-pool (never flagged)
SB-1619,motivation,word family,мотивація,Стимул або причина щось робити.,d_clean,clean-pool (never flagged)
SB-1622,overseas,word family,за кордоном,"За кордон, особливо за море.",d_clean,clean-pool (never flagged)
SB-1623,preceding,word family,попередній,"Відбувається до або перед чимось іншим, у часі, місці, ранзі чи послідовності.",d_clean,clean-pool (never flagged)
SB-1627,subsidiary,word family,дочірнє підприємство,"Компанія, що належить материнській компанії або холдинговій компанії, також називається дочірньою компанією або дочірньою компанією.",d_clean,clean-pool (never flagged)
SB-1628,tapes,word family,стрічки,Гнучкий матеріал в рулоні з липкою поверхнею з одного або обох боків; липка стрічка.,d_clean,clean-pool (never flagged)
SB-1630,adults,word family,дорослі,"Особа, яка досягла повноліття.",d_clean,clean-pool (never flagged)
SB-1633,chemical,word family,хімічний,З хімії або пов'язаної з нею.,d_clean,clean-pool (never flagged)
SB-1635,comprehensive,word family,комплексний,Широко або повністю покриває; включаючи велику частку чогось.,c_known_open,known-open-24 (seed-20260913; pos-morphology-mismatch)
SB-1637,confirmed,word family,підтверджено,Перевірено або ратифіковано.,d_clean,clean-pool (never flagged)
SB-1638,converted,word family,перетворений,змінилася форма чи функція тощо.,d_clean,clean-pool (never flagged)
SB-1639,couple,word family,пара,Два партнери в романтичних або сексуальних стосунках.,d_clean,clean-pool (never flagged)
SB-1640,decades,word family,десятиліть,Періоди тривалістю по десять років.,d_clean,clean-pool (never flagged)
SB-1641,definite,word family,певний,Без жодних сумнівів.,d_clean,clean-pool (never flagged)
SB-1642,deny,word family,заперечувати,"Стверджувати, що щось неправда.",d_clean,clean-pool (never flagged)
SB-1644,eliminate,word family,ліквідувати,"Повністю прибрати, позбутися, покінчити.",d_clean,clean-pool (never flagged)
SB-1645,equipment,word family,обладнання,"Будь-які предмети, які використовуються для спорядження чогось або когось, наприклад речі, необхідні для експедиції чи плавання.",d_clean,clean-pool (never flagged)
SB-1646,file,word family,файл,"Збірка документів, зібраних і архівованих разом.",d_clean,clean-pool (never flagged)
SB-1647,finite,word family,кінцевий,"Такий, що має визначену межу, кінець або обмежену кількість.",d_clean,clean-pool (never flagged)
SB-1648,foundation,word family,основа,"Те, на чому все засновано; те, на чому що-небудь стоїть і чим воно підтримується; нижній і опорний шар надбудови; підбудова.",d_clean,clean-pool (never flagged)
SB-1649,global,word family,глобальний,Щодо всіх частин світу.,d_clean,clean-pool (never flagged)
SB-1650,grade,word family,клас,"Виконання тесту чи іншого оцінювання, виражене цифрою, літерою чи іншим символом; оцінка.",d_clean,clean-pool (never flagged)
SB-1651,guarantee,word family,гарантія,"Все, що забезпечує певний результат.",d_clean,clean-pool (never flagged)
SB-1652,hierarchical,word family,ієрархічний,Що стосується ієрархії.,d_clean,clean-pool (never flagged)
SB-1653,identical,word family,однакові,"Маючи повну схожість, маючи абсолютно однаковий набір характеристик; нерозрізнений.",d_clean,clean-pool (never flagged)
SB-1658,media,word family,ЗМІ,Засоби та інститути публікації та трансляції інформації.,d_clean,clean-pool (never flagged)
SB-1660,paradigm,word family,парадигма,"Зразок, спосіб виконання чогось; особливо модель мислення, система вірувань, концептуальна основа.",d_clean,clean-pool (never flagged)
SB-1661,phenomenon,word family,явище,"Річ або істота, подія або процес, що сприймаються органами чуття; або факт чи подія цього.",d_clean,clean-pool (never flagged)
SB-1662,priority,word family,пріоритет,Відносна важливість елемента.,d_clean,clean-pool (never flagged)
SB-1663,prohibited,word family,заборонено,Заборонено; заборонений; недозволено.,d_clean,clean-pool (never flagged)
SB-1664,publication,word family,публікація,Акт видання друкованого чи іншого видання.,d_clean,clean-pool (never flagged)
SB-1665,quotation,word family,цитата,"Фрагмент людського виразу, який повторює хтось інший, наприклад, з літератури чи відомої промови.",d_clean,clean-pool (never flagged)
SB-1667,somewhat,word family,дещо,В обмеженій мірі або ступені; не повністю.,d_clean,clean-pool (never flagged)
SB-1668,submitted,word family,подано,"Внести або винести на затвердження, розгляд, відмітку тощо.",d_clean,clean-pool (never flagged)
SB-1669,survive,word family,вижити,"Про людину, продовжувати жити; залишитися живим.",d_clean,clean-pool (never flagged)
SB-1670,thesis,word family,теза,"Розгорнута наукова робота або основне твердження, яке автор обґрунтовує доказами.",d_clean,clean-pool (never flagged)
SB-1672,ultimately,word family,зрештою,Зрештою; нарешті.,d_clean,clean-pool (never flagged)
SB-1675,voluntary,word family,добровільний,"Робиться, дається або діє за власним бажанням.",d_clean,clean-pool (never flagged)
SB-1677,accompanied,word family,у супроводі,Наявність супроводу; бути частиною групи щонайменше з двох.,d_clean,clean-pool (never flagged)
SB-1678,ambiguous,word family,неоднозначний,Відкритий для багатьох інтерпретацій.,d_clean,clean-pool (never flagged)
SB-1680,automatically,word family,автоматично,Автоматичним способом.,d_clean,clean-pool (never flagged)
SB-1683,conformity,word family,відповідність,"Стан відповідності, дотримання набору правил, норми чи стандарту.",d_clean,clean-pool (never flagged)
SB-1686,currency,word family,валюта,"Гроші чи інші предмети, які використовуються для здійснення операцій.",d_clean,clean-pool (never flagged)
SB-1688,detected,word family,виявлено,Будучи поміченим.,d_clean,clean-pool (never flagged)
SB-1690,displacement,word family,переміщення,Акт витіснення або стан витіснення; постановка з місця.,d_clean,clean-pool (never flagged)
SB-1692,eventually,word family,зрештою,"Зрештою; пізніше, особливо після тривалого часу, серія проблем, боротьби, затримок або невдач.",d_clean,clean-pool (never flagged)
SB-1695,guidelines,word family,настанови,"Неконкретне правило або принцип, який забезпечує напрямок дій або поведінки.",c_known_open,known-open-24 (seed-20260913; pos-morphology-mismatch)
SB-1697,implicit,word family,неявний,"Пропонується опосередковано, без прямого вираження.",d_clean,clean-pool (never flagged)
SB-1699,inevitably,word family,неминуче,"Таким чином, якого неможливо уникнути або запобігти.",d_clean,clean-pool (never flagged)
SB-1700,infrastructure,word family,інфраструктура,"Об’єкти, послуги та обладнання, необхідні для функціонування спільноти чи суспільства.",d_clean,clean-pool (never flagged)
SB-1701,minimised,word family,зведений до мінімуму,"Зменшений до найнижчого можливого рівня, кількості або ступеня.",d_clean,clean-pool (never flagged)
SB-1705,plus,word family,плюс,Позитивна величина.,d_clean,clean-pool (never flagged)
SB-1707,prospect,word family,перспектива,"Потенційні речі, які можуть статися, часто сприятливі.",c_known_open,known-open-24 (seed-20260913; pos-morphology-mismatch)
SB-1708,random,word family,випадковий,"Виникає без особливої ​​причини; випадковий, непередбачуваний.",d_clean,clean-pool (never flagged)
SB-1709,reinforced,word family,посилений,Був або містить підкріплення.,d_clean,clean-pool (never flagged)
SB-1711,revision,word family,перегляд,"Дія або процес перегляду, редагування та внесення змін.",d_clean,clean-pool (never flagged)
SB-1712,schedule,word family,графік,"Процедурний план, як правило, але не обов’язково табличного характеру, із зазначенням послідовності операцій і запланованого часу, коли ці операції мають виконуватися.",d_clean,clean-pool (never flagged)
SB-1713,tension,word family,напруга,"Умова перебування в стані між двома або більше силами, які діють протилежно одна одній.",d_clean,clean-pool (never flagged)
SB-1714,termination,word family,припинення,Процес припинення або стан припинення.,d_clean,clean-pool (never flagged)
SB-1715,theme,word family,тема,"Предмет, тепер особливо розмови чи художнього твору; тема.",d_clean,clean-pool (never flagged)
SB-1716,uniform,word family,уніформа,"Відмітний одяг, який служить для ідентифікації членів групи, компанії, ув'язнених тощо.",d_clean,clean-pool (never flagged)
SB-1717,vehicle,word family,транспортний засіб,"Транспортний засіб: місткий пристрій для перенесення або транспортування речовин, предметів, людей або тварин.",d_clean,clean-pool (never flagged)
SB-1719,virtually,word family,практично,"Майже, але не зовсім.",d_clean,clean-pool (never flagged)
SB-1721,visual,word family,візуальний,Пов’язані із зором або впливають на нього.,d_clean,clean-pool (never flagged)
SB-1722,accommodation,word family,проживання,"Проживання в житлі чи подібних житлових приміщеннях, які надаються мандрівникам у готелях або на круїзних суднах, або ув’язненим тощо.",d_clean,clean-pool (never flagged)
SB-1723,analogous,word family,аналогічний,"Наявність аналога, статус аналога; відповідний чомусь іншому; має певну схожість або схожу пропорцію (часто після «до».)",d_clean,clean-pool (never flagged)
SB-1724,anticipated,word family,очікуваний,очікується прибуття; заплановано,d_clean,clean-pool (never flagged)
SB-1730,concurrent,word family,одночасний,Відбувається одночасно; одночасний.,d_clean,clean-pool (never flagged)
SB-1731,confined,word family,обмежений,Не вільно рухатися.,c_known_open,known-open-24 (seed-20260913; pos-morphology-mismatch)
SB-1732,controversy,word family,суперечка,Дебати або обговорення протилежних думок; (загалом) сварка.,d_clean,clean-pool (never flagged)
SB-1733,conversely,word family,навпаки,З іншої точки зору; з іншого боку.,d_clean,clean-pool (never flagged)
SB-1734,device,word family,пристрій,"Будь-яка частина обладнання, виготовлена ​​для певної мети, особливо механічна чи електрична.",d_clean,clean-pool (never flagged)
SB-1735,devoted,word family,відданий,Сильна емоційна прив'язаність; дуже любити когось або щось.,c_known_open,known-open-24 (seed-20260913; pos-morphology-mismatch)
SB-1737,duration,word family,тривалість,Проміжок часу або певний проміжок часу.,d_clean,clean-pool (never flagged)
SB-1738,erosion,word family,ерозія,"Результат зносу або ерозії, як льодовик на скелі або море на скелі.",d_clean,clean-pool (never flagged)
SB-1739,ethical,word family,етичний,"Що стосується загальноприйнятих принципів правильного й неправильного, особливо в певній організації чи професії.",d_clean,clean-pool (never flagged)
SB-1740,format,word family,формат,Макет публікації чи документа.,d_clean,clean-pool (never flagged)
SB-1744,mediation,word family,посередництво,"Переговори для вирішення розбіжностей, які проводяться неупередженою стороною.",d_clean,clean-pool (never flagged)
SB-1746,military,word family,військовий,"Стосовно збройних сил, таких як армія, морська піхота, флот і авіація (часто на відміну від цивільних чи поліцейських сил).",d_clean,clean-pool (never flagged)
SB-1747,norms,word family,норми,"Те, що є нормальним або типовим.",d_clean,clean-pool (never flagged)
SB-1749,portion,word family,частина,Виділена сума.,d_clean,clean-pool (never flagged)
SB-1750,qualitative,word family,якісний,"Описів або відмінностей, заснованих на певній якості, а не на певній кількості.",d_clean,clean-pool (never flagged)
SB-1752,relaxed,word family,розслаблений,Вільний від напруги або тривоги; невимушено; неквапливий.,d_clean,clean-pool (never flagged)
SB-1753,restraints,word family,обмеження,контроль або обережність; резерв,d_clean,clean-pool (never flagged)
SB-1754,revolution,word family,революція,"Політичний переворот в уряді чи державі, що характеризується великими змінами.",d_clean,clean-pool (never flagged)
SB-1755,rigid,word family,жорсткий,"Жорсткий, а не гнучкий.",d_clean,clean-pool (never flagged)
SB-1757,scenario,word family,сценарій,Схема або модель очікуваної чи передбачуваної послідовності подій.,d_clean,clean-pool (never flagged)
SB-1758,subordinate,word family,підлеглий,"Поставлений у нижчий клас, ранг або посаду.",d_clean,clean-pool (never flagged)
SB-1759,supplementary,word family,додатковий,"додатковий; додано, щоб забезпечити те, що потрібно.",d_clean,clean-pool (never flagged)
SB-1760,suspended,word family,призупинено,Змусив на деякий час зупинитися; переривається або затримується.,d_clean,clean-pool (never flagged)
SB-1761,team,word family,команда,"Будь-яка група людей, які займаються однією діяльністю, особливо спортом або роботою.",d_clean,clean-pool (never flagged)
SB-1762,temporary,word family,тимчасовий,Не постійний; існує лише протягом періоду або періодів часу.,d_clean,clean-pool (never flagged)
SB-1768,conceived,word family,задуманий,сформований у свідомості,d_clean,clean-pool (never flagged)
SB-1769,convinced,word family,переконаний,"У стані віри, особливо на основі доказів, але не обов'язково.",d_clean,clean-pool (never flagged)
SB-1770,depression,word family,депресія,"Душевний стан, що викликає серйозне довгострокове зниження задоволення від життя або нездатність уявити собі щасливе майбутнє; будь-який із кількох психічних розладів, головною ознакою якого є цей стан розуму.",d_clean,clean-pool (never flagged)
SB-1771,encountered,word family,зіткнувся,"Зустріти (когось) або знайти (щось), особливо несподівано.",d_clean,clean-pool (never flagged)
SB-1772,enormous,word family,величезний,"Надзвичайно великий; значно перевищує звичайний розмір, протяжність тощо.",d_clean,clean-pool (never flagged)
SB-1774,intrinsic,word family,внутрішній,"Вроджений, властивий, невіддільний від самої речі, істотний.",d_clean,clean-pool (never flagged)
SB-1777,likewise,word family,так само,також; крім того; теж.,d_clean,clean-pool (never flagged)
SB-1778,notwithstanding,word family,незважаючи на це,"Тим не менш, все так само.",d_clean,clean-pool (never flagged)
SB-1783,so-called,word family,т. зв,Так названо; зазвичай називають.,d_clean,clean-pool (never flagged)
SB-1784,undergo,word family,пройти,Переживати; пройти через фазу.,d_clean,clean-pool (never flagged)
